dataset,task,model,seed,class,precision,recall,f1,support
NF-UNSW-NB15-v2,multiclass,edge_mlp,11,Analysis,0.15488353085410708,0.8459821428571429,0.2618307426597582,448.0
NF-UNSW-NB15-v2,multiclass,edge_mlp,11,Backdoor,0.14173228346456693,0.125,0.13284132841328414,432.0
NF-UNSW-NB15-v2,multiclass,edge_mlp,11,Benign,0.9980840980135122,0.9898,0.9939247878696591,10000.0
NF-UNSW-NB15-v2,multiclass,edge_mlp,11,DoS,0.2214484679665738,0.13910761154855644,0.1708758731864589,1143.0
NF-UNSW-NB15-v2,multiclass,edge_mlp,11,Exploits,0.8819196428571429,0.6320588705807071,0.7363712608331003,6251.0
NF-UNSW-NB15-v2,multiclass,edge_mlp,11,Fuzzers,0.7700534759358288,0.6532093445225675,0.706835194502393,4409.0
NF-UNSW-NB15-v2,multiclass,edge_mlp,11,Generic,0.9746192893401016,0.7058823529411765,0.8187633262260128,3264.0
NF-UNSW-NB15-v2,multiclass,edge_mlp,11,Reconnaissance,0.6589122917321597,0.8197105983574501,0.7305681422098292,2557.0
NF-UNSW-NB15-v2,multiclass,edge_mlp,11,Shellcode,0.21153846153846154,0.668918918918919,0.32142857142857145,296.0
NF-UNSW-NB15-v2,multiclass,edge_mlp,11,Worms,0.04903417533432392,0.8918918918918919,0.09295774647887324,37.0
NF-UNSW-NB15-v2,multiclass,edge_mlp,22,Analysis,0.15541090317331163,0.8526785714285714,0.2629043358568479,448.0
NF-UNSW-NB15-v2,multiclass,edge_mlp,22,Backdoor,0.14910025706940874,0.13425925925925927,0.14129110840438489,432.0
NF-UNSW-NB15-v2,multiclass,edge_mlp,22,Benign,0.9982854261220373,0.9898,0.99402460456942,10000.0
NF-UNSW-NB15-v2,multiclass,edge_mlp,22,DoS,0.2233632862644416,0.15223097112860892,0.18106139438085328,1143.0
NF-UNSW-NB15-v2,multiclass,edge_mlp,22,Exploits,0.8791133455210237,0.6154215325547913,0.7240048931965748,6251.0
NF-UNSW-NB15-v2,multiclass,edge_mlp,22,Fuzzers,0.7613351877607789,0.6207756860966206,0.6839080459770115,4409.0
NF-UNSW-NB15-v2,multiclass,edge_mlp,22,Generic,0.9808510638297873,0.7061887254901961,0.8211613822586391,3264.0
NF-UNSW-NB15-v2,multiclass,edge_mlp,22,Reconnaissance,0.6281212841854935,0.8263590144700821,0.7137307887181219,2557.0
NF-UNSW-NB15-v2,multiclass,edge_mlp,22,Shellcode,0.19746568109820486,0.6317567567567568,0.3008849557522124,296.0
NF-UNSW-NB15-v2,multiclass,edge_mlp,22,Worms,0.04969879518072289,0.8918918918918919,0.09415121255349501,37.0
NF-UNSW-NB15-v2,multiclass,edge_mlp,33,Analysis,0.1546644844517185,0.84375,0.26141078838174275,448.0
NF-UNSW-NB15-v2,multiclass,edge_mlp,33,Backdoor,0.14285714285714285,0.12037037037037036,0.1306532663316583,432.0
NF-UNSW-NB15-v2,multiclass,edge_mlp,33,Benign,0.998285253177325,0.9897,0.9939740885808979,10000.0
NF-UNSW-NB15-v2,multiclass,edge_mlp,33,DoS,0.2441860465116279,0.14698162729658792,0.18350628072091754,1143.0
NF-UNSW-NB15-v2,multiclass,edge_mlp,33,Exploits,0.8734344100197758,0.6358982562789953,0.7359748194778745,6251.0
NF-UNSW-NB15-v2,multiclass,edge_mlp,33,Fuzzers,0.7538378669539456,0.6348378317078702,0.6892391036690471,4409.0
NF-UNSW-NB15-v2,multiclass,edge_mlp,33,Generic,0.9750211685012701,0.7055759803921569,0.8186988979736936,3264.0
NF-UNSW-NB15-v2,multiclass,edge_mlp,33,Reconnaissance,0.6653009769933816,0.825576847868596,0.7368237347294939,2557.0
NF-UNSW-NB15-v2,multiclass,edge_mlp,33,Shellcode,0.19056429232192415,0.6959459459459459,0.29920116194626,296.0
NF-UNSW-NB15-v2,multiclass,edge_mlp,33,Worms,0.051188299817184646,0.7567567567567568,0.0958904109589041,37.0
NF-UNSW-NB15-v2,multiclass,sage,11,Analysis,0.14922349763673193,0.9866071428571429,0.2592375366568915,448.0
NF-UNSW-NB15-v2,multiclass,sage,11,Backdoor,0.3057324840764331,0.1111111111111111,0.16298811544991512,432.0
NF-UNSW-NB15-v2,multiclass,sage,11,Benign,0.999597747385358,0.994,0.9967910148415564,10000.0
NF-UNSW-NB15-v2,multiclass,sage,11,DoS,0.3032258064516129,0.20559930008748906,0.24504692387904067,1143.0
NF-UNSW-NB15-v2,multiclass,sage,11,Exploits,0.9077936333699231,0.6614941609342505,0.7653155654266148,6251.0
NF-UNSW-NB15-v2,multiclass,sage,11,Fuzzers,0.9071969696969697,0.8691313222953051,0.8877562840264103,4409.0
NF-UNSW-NB15-v2,multiclass,sage,11,Generic,0.9444866920152091,0.7610294117647058,0.8428910756701731,3264.0
NF-UNSW-NB15-v2,multiclass,sage,11,Reconnaissance,0.8518072289156626,0.8294876808760266,0.840499306518724,2557.0
NF-UNSW-NB15-v2,multiclass,sage,11,Shellcode,0.5159010600706714,0.9864864864864865,0.6774941995359629,296.0
NF-UNSW-NB15-v2,multiclass,sage,11,Worms,0.0599250936329588,0.8648648648648649,0.11208406304728546,37.0
NF-UNSW-NB15-v2,multiclass,sage,22,Analysis,0.1547911547911548,0.140625,0.14736842105263157,448.0
NF-UNSW-NB15-v2,multiclass,sage,22,Backdoor,0.1462436177972283,0.9282407407407407,0.2526780088216761,432.0
NF-UNSW-NB15-v2,multiclass,sage,22,Benign,0.9997987725123252,0.9937,0.9967400571743819,10000.0
NF-UNSW-NB15-v2,multiclass,sage,22,DoS,0.2644341801385681,0.20034995625546806,0.22797411647585863,1143.0
NF-UNSW-NB15-v2,multiclass,sage,22,Exploits,0.8831650525448176,0.6856502959526476,0.7719740634005764,6251.0
NF-UNSW-NB15-v2,multiclass,sage,22,Fuzzers,0.8896664334033123,0.865048763892039,0.8771849126034958,4409.0
NF-UNSW-NB15-v2,multiclass,sage,22,Generic,0.9523070957735557,0.7524509803921569,0.84066404244395,3264.0
NF-UNSW-NB15-v2,multiclass,sage,22,Reconnaissance,0.8941124780316344,0.7958545170121236,0.8421270432443617,2557.0
NF-UNSW-NB15-v2,multiclass,sage,22,Shellcode,0.5383177570093458,0.972972972972973,0.6931407942238267,296.0
NF-UNSW-NB15-v2,multiclass,sage,22,Worms,0.0821529745042493,0.7837837837837838,0.14871794871794872,37.0
NF-UNSW-NB15-v2,multiclass,sage,33,Analysis,0.15155709342560553,0.9776785714285714,0.26243259436788496,448.0
NF-UNSW-NB15-v2,multiclass,sage,33,Backdoor,0.23109243697478993,0.12731481481481483,0.16417910447761194,432.0
NF-UNSW-NB15-v2,multiclass,sage,33,Benign,0.9994974874371859,0.9945,0.9969924812030075,10000.0
NF-UNSW-NB15-v2,multiclass,sage,33,DoS,0.2854006586169045,0.2274715660542432,0.25316455696202533,1143.0
NF-UNSW-NB15-v2,multiclass,sage,33,Exploits,0.9147475642161205,0.6608542633178691,0.7673446642518807,6251.0
NF-UNSW-NB15-v2,multiclass,sage,33,Fuzzers,0.908532261876625,0.8718530278974824,0.8898148148148148,4409.0
NF-UNSW-NB15-v2,multiclass,sage,33,Generic,0.9270100037050759,0.7665441176470589,0.8391749119570686,3264.0
NF-UNSW-NB15-v2,multiclass,sage,33,Reconnaissance,0.8496601359456217,0.8310520140789989,0.8402530644523527,2557.0
NF-UNSW-NB15-v2,multiclass,sage,33,Shellcode,0.5404896421845574,0.9695945945945946,0.694074969770254,296.0
NF-UNSW-NB15-v2,multiclass,sage,33,Worms,0.08378378378378379,0.8378378378378378,0.15233415233415235,37.0
NF-UNSW-NB15-v2,multiclass,sage_edge,11,Analysis,0.15645727662895045,0.8950892857142857,0.2663566921288608,448.0
NF-UNSW-NB15-v2,multiclass,sage_edge,11,Backdoor,0.18936170212765957,0.20601851851851852,0.1973392461197339,432.0
NF-UNSW-NB15-v2,multiclass,sage_edge,11,Benign,0.9996980980175103,0.9934,0.9965390981592015,10000.0
NF-UNSW-NB15-v2,multiclass,sage_edge,11,DoS,0.2855436081242533,0.20909886264216973,0.24141414141414141,1143.0
NF-UNSW-NB15-v2,multiclass,sage_edge,11,Exploits,0.8975620188195038,0.6714125739881619,0.7681888899057381,6251.0
NF-UNSW-NB15-v2,multiclass,sage_edge,11,Fuzzers,0.9024276377217554,0.8768428215014743,0.8894512826412055,4409.0
NF-UNSW-NB15-v2,multiclass,sage_edge,11,Generic,0.9489559164733179,0.7518382352941176,0.838974358974359,3264.0
NF-UNSW-NB15-v2,multiclass,sage_edge,11,Reconnaissance,0.8259031514219831,0.8404380132968322,0.8331071913161465,2557.0
NF-UNSW-NB15-v2,multiclass,sage_edge,11,Shellcode,0.484297520661157,0.9898648648648649,0.6503884572697003,296.0
NF-UNSW-NB15-v2,multiclass,sage_edge,11,Worms,0.10108303249097472,0.7567567567567568,0.17834394904458598,37.0
NF-UNSW-NB15-v2,multiclass,sage_edge,22,Analysis,0.15623721881390593,0.8526785714285714,0.2640857241617698,448.0
NF-UNSW-NB15-v2,multiclass,sage_edge,22,Backdoor,0.1760154738878143,0.21064814814814814,0.1917808219178082,432.0
NF-UNSW-NB15-v2,multiclass,sage_edge,22,Benign,0.9998993457473578,0.9934,0.9966390770002508,10000.0
NF-UNSW-NB15-v2,multiclass,sage_edge,22,DoS,0.2884187082405345,0.22659667541557305,0.253797158255757,1143.0
NF-UNSW-NB15-v2,multiclass,sage_edge,22,Exploits,0.9060810810810811,0.6435770276755719,0.7525956411935273,6251.0
NF-UNSW-NB15-v2,multiclass,sage_edge,22,Fuzzers,0.9008244994110719,0.8673168518938534,0.8837531777212849,4409.0
NF-UNSW-NB15-v2,multiclass,sage_edge,22,Generic,0.9272187151875232,0.7650122549019608,0.8383414470370992,3264.0
NF-UNSW-NB15-v2,multiclass,sage_edge,22,Reconnaissance,0.8297872340425532,0.83887368009386,0.8343057176196033,2557.0
NF-UNSW-NB15-v2,multiclass,sage_edge,22,Shellcode,0.5061946902654867,0.9662162162162162,0.6643437862950058,296.0
NF-UNSW-NB15-v2,multiclass,sage_edge,22,Worms,0.0622568093385214,0.8648648648648649,0.1161524500907441,37.0
NF-UNSW-NB15-v2,multiclass,sage_edge,33,Analysis,0.15161176053843428,0.9553571428571429,0.2616936716600428,448.0
NF-UNSW-NB15-v2,multiclass,sage_edge,33,Backdoor,0.21172638436482086,0.15046296296296297,0.17591339648173207,432.0
NF-UNSW-NB15-v2,multiclass,sage_edge,33,Benign,0.9998994368463395,0.9943,0.9970918572001605,10000.0
NF-UNSW-NB15-v2,multiclass,sage_edge,33,DoS,0.27726809378185524,0.2379702537182852,0.256120527306968,1143.0
NF-UNSW-NB15-v2,multiclass,sage_edge,33,Exploits,0.9097643097643098,0.6483762597984323,0.757145525873342,6251.0
NF-UNSW-NB15-v2,multiclass,sage_edge,33,Fuzzers,0.9149546106067845,0.8686777046949422,0.891215823152996,4409.0
NF-UNSW-NB15-v2,multiclass,sage_edge,33,Generic,0.9584788513775708,0.7567401960784313,0.8457455915083034,3264.0
NF-UNSW-NB15-v2,multiclass,sage_edge,33,Reconnaissance,0.8579545454545454,0.8267500977708252,0.8420633339972117,2557.0
NF-UNSW-NB15-v2,multiclass,sage_edge,33,Shellcode,0.5158450704225352,0.9898648648648649,0.6782407407407407,296.0
NF-UNSW-NB15-v2,multiclass,sage_edge,33,Worms,0.05827067669172932,0.8378378378378378,0.10896309314586995,37.0
NF-UNSW-NB15-v2,binary,edge_mlp,11,Benign,0.997891142799759,0.9937,0.9957911614390219,10000.0
NF-UNSW-NB15-v2,binary,edge_mlp,11,Attack,0.996662958843159,0.9988851727982163,0.9977728285077951,18837.0
NF-UNSW-NB15-v2,binary,edge_mlp,22,Benign,0.9978913545536701,0.9938,0.9958414750237988,10000.0
NF-UNSW-NB15-v2,binary,edge_mlp,22,Attack,0.9967157537874775,0.9988851727982163,0.9977992841044677,18837.0
NF-UNSW-NB15-v2,binary,edge_mlp,33,Benign,0.9983929288871033,0.994,0.9961916215674483,10000.0
NF-UNSW-NB15-v2,binary,edge_mlp,33,Attack,0.9968222022138657,0.99915060784626,0.9979850469271966,18837.0
NF-UNSW-NB15-v2,binary,sage,11,Benign,0.9997989747713338,0.9947,0.9972429695724097,10000.0
NF-UNSW-NB15-v2,binary,sage,11,Attack,0.9971939855993224,0.9998938259807825,0.9985420808482439,18837.0
NF-UNSW-NB15-v2,binary,sage,22,Benign,1.0,0.9948,0.9973932223781833,10000.0
NF-UNSW-NB15-v2,binary,sage,22,Attack,0.9972470750172058,1.0,0.9986216402481047,18837.0
NF-UNSW-NB15-v2,binary,sage,33,Benign,0.9992969770011048,0.995,0.9971438592974896,10000.0
NF-UNSW-NB15-v2,binary,sage,33,Attack,0.9973516949152542,0.9996283909327388,0.9984887451281915,18837.0
NF-UNSW-NB15-v2,binary,sage_edge,11,Benign,0.9997990555611374,0.9951,0.9974439933844534,10000.0
NF-UNSW-NB15-v2,binary,sage_edge,11,Attack,0.9974052107604321,0.9998938259807825,0.9986479679753983,18837.0
NF-UNSW-NB15-v2,binary,sage_edge,22,Benign,0.9994977398292315,0.995,0.9972437985467302,10000.0
NF-UNSW-NB15-v2,binary,sage_edge,22,Attack,0.9973519754263319,0.9997345649519562,0.9985418489355498,18837.0
NF-UNSW-NB15-v2,binary,sage_edge,33,Benign,0.9995981514968857,0.995,0.9972937756840734,10000.0
NF-UNSW-NB15-v2,binary,sage_edge,33,Attack,0.997352115659588,0.999787651961565,0.9985683987274655,18837.0
NF-BoT-IoT-v2,multiclass,edge_mlp,11,Benign,0.9891445427728613,0.8383,0.9074966170500677,10000.0
NF-BoT-IoT-v2,multiclass,edge_mlp,11,DDoS,0.9916159297335063,0.9935,0.9925570707827563,10000.0
NF-BoT-IoT-v2,multiclass,edge_mlp,11,DoS,0.9534001362000195,0.98,0.9665170866413532,10000.0
NF-BoT-IoT-v2,multiclass,edge_mlp,11,Reconnaissance,0.8463539330881693,0.9436,0.8923353350040191,10000.0
NF-BoT-IoT-v2,multiclass,edge_mlp,11,Theft,0.8566308243727598,0.9958333333333333,0.9210019267822736,480.0
NF-BoT-IoT-v2,multiclass,edge_mlp,22,Benign,0.9897163120567376,0.8373,0.9071505958829903,10000.0
NF-BoT-IoT-v2,multiclass,edge_mlp,22,DDoS,0.9917149131563187,0.9935,0.9926066540113897,10000.0
NF-BoT-IoT-v2,multiclass,edge_mlp,22,DoS,0.9530465597007579,0.9682,0.9605635200158738,10000.0
NF-BoT-IoT-v2,multiclass,edge_mlp,22,Reconnaissance,0.836629711751663,0.9433,0.8867685076380728,10000.0
NF-BoT-IoT-v2,multiclass,edge_mlp,22,Theft,0.8450704225352113,1.0,0.916030534351145,480.0
NF-BoT-IoT-v2,multiclass,edge_mlp,33,Benign,0.9904153354632588,0.837,0.9072678987588748,10000.0
NF-BoT-IoT-v2,multiclass,edge_mlp,33,DDoS,0.9917149131563187,0.9935,0.9926066540113897,10000.0
NF-BoT-IoT-v2,multiclass,edge_mlp,33,DoS,0.9534227926876702,0.9805,0.9667718398737921,10000.0
NF-BoT-IoT-v2,multiclass,edge_mlp,33,Reconnaissance,0.845553961993546,0.9433,0.891756475704292,10000.0
NF-BoT-IoT-v2,multiclass,edge_mlp,33,Theft,0.840630472854641,1.0,0.9134157944814463,480.0
NF-BoT-IoT-v2,multiclass,sage,11,Benign,0.9890209508460919,0.9819,0.9854476114010438,10000.0
NF-BoT-IoT-v2,multiclass,sage,11,DDoS,0.9718644739449178,0.981,0.9764108689160944,10000.0
NF-BoT-IoT-v2,multiclass,sage,11,DoS,0.9514929074496578,0.9592,0.9553309098152483,10000.0
NF-BoT-IoT-v2,multiclass,sage,11,Reconnaissance,0.9607465260168374,0.9472,0.9539251724658845,10000.0
NF-BoT-IoT-v2,multiclass,sage,11,Theft,0.9266409266409267,1.0,0.9619238476953907,480.0
NF-BoT-IoT-v2,multiclass,sage,22,Benign,0.986078650543644,0.9704,0.9781765032004436,10000.0
NF-BoT-IoT-v2,multiclass,sage,22,DDoS,0.9624436163953717,0.9815,0.9718784038023567,10000.0
NF-BoT-IoT-v2,multiclass,sage,22,DoS,0.9477324375061753,0.9592,0.9534317379851897,10000.0
NF-BoT-IoT-v2,multiclass,sage,22,Reconnaissance,0.9597095817568259,0.9385,0.9489862985995248,10000.0
NF-BoT-IoT-v2,multiclass,sage,22,Theft,0.8872458410351202,1.0,0.940254652301665,480.0
NF-BoT-IoT-v2,multiclass,sage,33,Benign,0.9759735709280208,0.9749,0.9754364900695383,10000.0
NF-BoT-IoT-v2,multiclass,sage,33,DDoS,0.9864230298080849,0.9663,0.9762578298646191,10000.0
NF-BoT-IoT-v2,multiclass,sage,33,DoS,0.9335251798561152,0.9732,0.9529498164014688,10000.0
NF-BoT-IoT-v2,multiclass,sage,33,Reconnaissance,0.9625440962855364,0.9277,0.9448008962216111,10000.0
NF-BoT-IoT-v2,multiclass,sage,33,Theft,0.759493670886076,1.0,0.8633093525179856,480.0
NF-BoT-IoT-v2,multiclass,sage_edge,11,Benign,0.9889823717948718,0.9874,0.9881905524419535,10000.0
NF-BoT-IoT-v2,multiclass,sage_edge,11,DDoS,0.9920119820269596,0.9935,0.9927554334249313,10000.0
NF-BoT-IoT-v2,multiclass,sage_edge,11,DoS,0.9553580150434697,0.978,0.9665464248653457,10000.0
NF-BoT-IoT-v2,multiclass,sage_edge,11,Reconnaissance,0.972764645426516,0.9465,0.9594526102382159,10000.0
NF-BoT-IoT-v2,multiclass,sage_edge,11,Theft,0.933852140077821,1.0,0.96579476861167,480.0
NF-BoT-IoT-v2,multiclass,sage_edge,22,Benign,0.9853218288207874,0.9935,0.9893940148384206,10000.0
NF-BoT-IoT-v2,multiclass,sage_edge,22,DDoS,0.9919129392971247,0.9935,0.9927058353317346,10000.0
NF-BoT-IoT-v2,multiclass,sage_edge,22,DoS,0.9565812634461177,0.9782,0.9672698506872343,10000.0
NF-BoT-IoT-v2,multiclass,sage_edge,22,Reconnaissance,0.9789331672893317,0.9433,0.9607863108576085,10000.0
NF-BoT-IoT-v2,multiclass,sage_edge,22,Theft,0.9248554913294798,1.0,0.960960960960961,480.0
NF-BoT-IoT-v2,multiclass,sage_edge,33,Benign,0.9739312824610468,0.9751,0.9745152908255047,10000.0
NF-BoT-IoT-v2,multiclass,sage_edge,33,DDoS,0.9910179640718563,0.993,0.9920079920079921,10000.0
NF-BoT-IoT-v2,multiclass,sage_edge,33,DoS,0.9520841449162446,0.9776,0.9646733767515295,10000.0
NF-BoT-IoT-v2,multiclass,sage_edge,33,Reconnaissance,0.9604935711323103,0.9263,0.9430869476684993,10000.0
NF-BoT-IoT-v2,multiclass,sage_edge,33,Theft,0.8936567164179104,0.9979166666666667,0.9429133858267716,480.0
NF-BoT-IoT-v2,binary,edge_mlp,11,Benign,0.9873644413491195,0.9924,0.9898758166674979,10000.0
NF-BoT-IoT-v2,binary,edge_mlp,11,Attack,0.9975023825955504,0.9958333333333333,0.9966671592047153,30480.0
NF-BoT-IoT-v2,binary,edge_mlp,22,Benign,0.9592435987784825,0.8167,0.8822512693097115,10000.0
NF-BoT-IoT-v2,binary,edge_mlp,22,Attack,0.9426578239379341,0.9886154855643045,0.9650898376197035,30480.0
NF-BoT-IoT-v2,binary,edge_mlp,33,Benign,0.986780638107544,0.9928,0.9897811674393101,10000.0
NF-BoT-IoT-v2,binary,edge_mlp,33,Attack,0.9976330582859397,0.9956364829396326,0.9966337706694691,30480.0
NF-BoT-IoT-v2,binary,sage,11,Benign,0.9828560103062135,0.9918,0.987307749738689,10000.0
NF-BoT-IoT-v2,binary,sage,11,Attack,0.9973016552041857,0.9943241469816273,0.9958106753848429,30480.0
NF-BoT-IoT-v2,binary,sage,22,Benign,0.9838133068520357,0.9907,0.9872446437468859,10000.0
NF-BoT-IoT-v2,binary,sage,22,Attack,0.9969417954620191,0.9946522309711286,0.995795697158811,30480.0
NF-BoT-IoT-v2,binary,sage,33,Benign,0.9731310727741423,0.9815,0.9772976202329982,10000.0
NF-BoT-IoT-v2,binary,sage,33,Attack,0.9939132723563862,0.9911089238845144,0.9925091171928903,30480.0
NF-BoT-IoT-v2,binary,sage_edge,11,Benign,0.9794405456162895,0.9909,0.985136948849232,10000.0
NF-BoT-IoT-v2,binary,sage_edge,11,Attack,0.9970029311991568,0.9931758530183727,0.9950857124073434,30480.0
NF-BoT-IoT-v2,binary,sage_edge,22,Benign,0.9798836406666009,0.9937,0.986743458616752,10000.0
NF-BoT-IoT-v2,binary,sage_edge,22,Attack,0.9979234648472264,0.9933070866141732,0.9956099245301633,30480.0
NF-BoT-IoT-v2,binary,sage_edge,33,Benign,0.984912070343725,0.9857,0.9853058776489404,10000.0
NF-BoT-IoT-v2,binary,sage_edge,33,Attack,0.9953071672354948,0.9950459317585302,0.9951765323533273,30480.0
NF-ToN-IoT-v2,multiclass,edge_mlp,11,Backdoor,0.9957831325301205,0.9901168014375562,0.9929418831656405,3339.0
NF-ToN-IoT-v2,multiclass,edge_mlp,11,Benign,0.9560653608916784,0.8835,0.9183514370354972,10000.0
NF-ToN-IoT-v2,multiclass,edge_mlp,11,DDoS,0.8956547155105222,0.9193,0.9073233320173707,10000.0
NF-ToN-IoT-v2,multiclass,edge_mlp,11,DoS,0.8601588042970575,0.9208,0.8894469934798358,10000.0
NF-ToN-IoT-v2,multiclass,edge_mlp,11,injection,0.8448741492924273,0.7821,0.8122760554603521,10000.0
NF-ToN-IoT-v2,multiclass,edge_mlp,11,mitm,0.5307420494699646,0.4729219143576826,0.5001665001665002,1588.0
NF-ToN-IoT-v2,multiclass,edge_mlp,11,password,0.8955579846964126,0.9012,0.8983701340776554,10000.0
NF-ToN-IoT-v2,multiclass,edge_mlp,11,ransomware,0.88,0.9792284866468842,0.9269662921348315,674.0
NF-ToN-IoT-v2,multiclass,edge_mlp,11,scanning,0.9619586809694081,0.9685,0.9652182579230616,10000.0
NF-ToN-IoT-v2,multiclass,edge_mlp,11,xss,0.8475945997337897,0.8915,0.86899307924749,10000.0
NF-ToN-IoT-v2,multiclass,edge_mlp,22,Backdoor,0.9975859987929994,0.9901168014375562,0.9938373666015331,3339.0
NF-ToN-IoT-v2,multiclass,edge_mlp,22,Benign,0.954945290710148,0.8902,0.9214367042749197,10000.0
NF-ToN-IoT-v2,multiclass,edge_mlp,22,DDoS,0.9027313814108863,0.9188,0.9106948161363861,10000.0
NF-ToN-IoT-v2,multiclass,edge_mlp,22,DoS,0.8874010360668556,0.9079,0.8975334882111611,10000.0
NF-ToN-IoT-v2,multiclass,edge_mlp,22,injection,0.8443869297961825,0.783,0.8125356716650236,10000.0
NF-ToN-IoT-v2,multiclass,edge_mlp,22,mitm,0.5186206896551724,0.473551637279597,0.4950625411454905,1588.0
NF-ToN-IoT-v2,multiclass,edge_mlp,22,password,0.8995095586027425,0.8987,0.899104597068681,10000.0
NF-ToN-IoT-v2,multiclass,edge_mlp,22,ransomware,0.8534370946822308,0.9762611275964391,0.9107266435986159,674.0
NF-ToN-IoT-v2,multiclass,edge_mlp,22,scanning,0.9604857171294914,0.965,0.9627375667182122,10000.0
NF-ToN-IoT-v2,multiclass,edge_mlp,22,xss,0.8349056603773585,0.9204,0.8755707762557078,10000.0
NF-ToN-IoT-v2,multiclass,edge_mlp,33,Backdoor,0.9972850678733032,0.9901168014375562,0.9936880072137061,3339.0
NF-ToN-IoT-v2,multiclass,edge_mlp,33,Benign,0.95647431002509,0.8768,0.9149058277247353,10000.0
NF-ToN-IoT-v2,multiclass,edge_mlp,33,DDoS,0.8863395353321122,0.9194,0.902567123153193,10000.0
NF-ToN-IoT-v2,multiclass,edge_mlp,33,DoS,0.8802139037433155,0.9053,0.892580724673404,10000.0
NF-ToN-IoT-v2,multiclass,edge_mlp,33,injection,0.8390731292517006,0.7894,0.8134789777411376,10000.0
NF-ToN-IoT-v2,multiclass,edge_mlp,33,mitm,0.4983585029546947,0.47795969773299746,0.4879459980713597,1588.0
NF-ToN-IoT-v2,multiclass,edge_mlp,33,password,0.9106173850721818,0.8894,0.8998836444579349,10000.0
NF-ToN-IoT-v2,multiclass,edge_mlp,33,ransomware,0.8525226390685641,0.9777448071216617,0.9108500345542502,674.0
NF-ToN-IoT-v2,multiclass,edge_mlp,33,scanning,0.9640856342537015,0.9637,0.9638927785557111,10000.0
NF-ToN-IoT-v2,multiclass,edge_mlp,33,xss,0.834000363834819,0.9169,0.87348766314185,10000.0
NF-ToN-IoT-v2,multiclass,sage,11,Backdoor,0.9964125560538116,0.9982030548068284,0.9973070017953322,3339.0
NF-ToN-IoT-v2,multiclass,sage,11,Benign,0.9636563876651982,0.9625,0.9630778467080248,10000.0
NF-ToN-IoT-v2,multiclass,sage,11,DDoS,0.939372612105369,0.9343,0.9368294394866139,10000.0
NF-ToN-IoT-v2,multiclass,sage,11,DoS,0.9225813049703416,0.9021,0.9122257053291536,10000.0
NF-ToN-IoT-v2,multiclass,sage,11,injection,0.8229091285020159,0.796,0.8092309256341178,10000.0
NF-ToN-IoT-v2,multiclass,sage,11,mitm,0.7229357798165138,0.7443324937027708,0.7334781259695935,1588.0
NF-ToN-IoT-v2,multiclass,sage,11,password,0.889143883456396,0.8911,0.8901208670462492,10000.0
NF-ToN-IoT-v2,multiclass,sage,11,ransomware,0.991044776119403,0.9851632047477745,0.9880952380952381,674.0
NF-ToN-IoT-v2,multiclass,sage,11,scanning,0.9773281821878812,0.9613,0.9692478322242387,10000.0
NF-ToN-IoT-v2,multiclass,sage,11,xss,0.846283152782966,0.9062,0.8752173073208422,10000.0
NF-ToN-IoT-v2,multiclass,sage,22,Backdoor,0.9967085577498503,0.9976040730757711,0.9971561143541386,3339.0
NF-ToN-IoT-v2,multiclass,sage,22,Benign,0.9508148439033968,0.9685,0.9595759437233726,10000.0
NF-ToN-IoT-v2,multiclass,sage,22,DDoS,0.944206008583691,0.924,0.9339937329424846,10000.0
NF-ToN-IoT-v2,multiclass,sage,22,DoS,0.8961549525361971,0.9346,0.9149738117382152,10000.0
NF-ToN-IoT-v2,multiclass,sage,22,injection,0.7953867568104991,0.8,0.7976867085452188,10000.0
NF-ToN-IoT-v2,multiclass,sage,22,mitm,0.8403074295473953,0.6196473551637279,0.7133019209858644,1588.0
NF-ToN-IoT-v2,multiclass,sage,22,password,0.8773097556129545,0.8831,0.8801953553274195,10000.0
NF-ToN-IoT-v2,multiclass,sage,22,ransomware,0.9823269513991163,0.9896142433234422,0.9859571322985957,674.0
NF-ToN-IoT-v2,multiclass,sage,22,scanning,0.9857142857142858,0.9453,0.965084226646248,10000.0
NF-ToN-IoT-v2,multiclass,sage,22,xss,0.8564212162424714,0.8816,0.86882822509116,10000.0
NF-ToN-IoT-v2,multiclass,sage,33,Backdoor,0.9985020970641102,0.9982030548068284,0.9983525535420099,3339.0
NF-ToN-IoT-v2,multiclass,sage,33,Benign,0.9678427419354839,0.9601,0.9639558232931726,10000.0
NF-ToN-IoT-v2,multiclass,sage,33,DDoS,0.9497832005646869,0.9419,0.9458251744740673,10000.0
NF-ToN-IoT-v2,multiclass,sage,33,DoS,0.907443302965691,0.9363,0.9216458312826066,10000.0
NF-ToN-IoT-v2,multiclass,sage,33,injection,0.8395502784490911,0.799,0.8187733770559,10000.0
NF-ToN-IoT-v2,multiclass,sage,33,mitm,0.8466557911908646,0.6536523929471033,0.7377398720682303,1588.0
NF-ToN-IoT-v2,multiclass,sage,33,password,0.884855079632011,0.8945,0.8896513998707046,10000.0
NF-ToN-IoT-v2,multiclass,sage,33,ransomware,0.9881305637982196,0.9881305637982196,0.9881305637982196,674.0
NF-ToN-IoT-v2,multiclass,sage,33,scanning,0.9734745335350479,0.9652,0.9693196083354255,10000.0
NF-ToN-IoT-v2,multiclass,sage,33,xss,0.8499109402831162,0.9066,0.8773406880534185,10000.0
NF-ToN-IoT-v2,multiclass,sage_edge,11,Backdoor,0.9979048189164921,0.998502545672357,0.9982035928143712,3339.0
NF-ToN-IoT-v2,multiclass,sage_edge,11,Benign,0.9667236352669146,0.9616,0.9641550107785631,10000.0
NF-ToN-IoT-v2,multiclass,sage_edge,11,DDoS,0.9550365263916041,0.9282,0.9414270500532481,10000.0
NF-ToN-IoT-v2,multiclass,sage_edge,11,DoS,0.9154732098147221,0.9141,0.9147860895671753,10000.0
NF-ToN-IoT-v2,multiclass,sage_edge,11,injection,0.828772001220877,0.8146,0.8216248928337284,10000.0
NF-ToN-IoT-v2,multiclass,sage_edge,11,mitm,0.7539518900343642,0.6908060453400504,0.7209990141307919,1588.0
NF-ToN-IoT-v2,multiclass,sage_edge,11,password,0.8914483440434997,0.9017,0.8965448670146656,10000.0
NF-ToN-IoT-v2,multiclass,sage_edge,11,ransomware,0.9693877551020408,0.9866468842729971,0.9779411764705882,674.0
NF-ToN-IoT-v2,multiclass,sage_edge,11,scanning,0.9735146022155086,0.9667,0.9700953336678374,10000.0
NF-ToN-IoT-v2,multiclass,sage_edge,11,xss,0.8555786294128752,0.9064,0.8802563853549578,10000.0
NF-ToN-IoT-v2,multiclass,sage_edge,22,Backdoor,0.9955170352659892,0.9976040730757711,0.9965594614809274,3339.0
NF-ToN-IoT-v2,multiclass,sage_edge,22,Benign,0.9698880976602238,0.9534,0.9615733736762481,10000.0
NF-ToN-IoT-v2,multiclass,sage_edge,22,DDoS,0.9425101214574899,0.9312,0.93682092555332,10000.0
NF-ToN-IoT-v2,multiclass,sage_edge,22,DoS,0.9069767441860465,0.9321,0.9193667702322829,10000.0
NF-ToN-IoT-v2,multiclass,sage_edge,22,injection,0.8267461313258051,0.7907,0.8083214066653036,10000.0
NF-ToN-IoT-v2,multiclass,sage_edge,22,mitm,0.8033033033033034,0.6738035264483627,0.7328767123287672,1588.0
NF-ToN-IoT-v2,multiclass,sage_edge,22,password,0.8869617224880383,0.8898,0.8883785942492013,10000.0
NF-ToN-IoT-v2,multiclass,sage_edge,22,ransomware,0.9734513274336283,0.9792284866468842,0.9763313609467456,674.0
NF-ToN-IoT-v2,multiclass,sage_edge,22,scanning,0.9715635048231511,0.9669,0.9692261427425822,10000.0
NF-ToN-IoT-v2,multiclass,sage_edge,22,xss,0.8487394957983193,0.909,0.8778367938194109,10000.0
NF-ToN-IoT-v2,multiclass,sage_edge,33,Backdoor,0.9967085577498503,0.9976040730757711,0.9971561143541386,3339.0
NF-ToN-IoT-v2,multiclass,sage_edge,33,Benign,0.9728958630527818,0.9548,0.963762995861512,10000.0
NF-ToN-IoT-v2,multiclass,sage_edge,33,DDoS,0.9368669485691808,0.9527,0.9447171401656007,10000.0
NF-ToN-IoT-v2,multiclass,sage_edge,33,DoS,0.9085075352455032,0.9344,0.9212718757702736,10000.0
NF-ToN-IoT-v2,multiclass,sage_edge,33,injection,0.8364911546111169,0.7991,0.8173681787960927,10000.0
NF-ToN-IoT-v2,multiclass,sage_edge,33,mitm,0.8379478827361564,0.6479848866498741,0.7308238636363636,1588.0
NF-ToN-IoT-v2,multiclass,sage_edge,33,password,0.8945088161209068,0.8878,0.8911417816813049,10000.0
NF-ToN-IoT-v2,multiclass,sage_edge,33,ransomware,0.9822485207100592,0.9851632047477745,0.9837037037037037,674.0
NF-ToN-IoT-v2,multiclass,sage_edge,33,scanning,0.9695274253172145,0.9704,0.969963516417612,10000.0
NF-ToN-IoT-v2,multiclass,sage_edge,33,xss,0.8565094339622642,0.9079,0.8814563106796116,10000.0
NF-ToN-IoT-v2,binary,edge_mlp,11,Benign,0.8930899608865711,0.959,0.9248722152570161,10000.0
NF-ToN-IoT-v2,binary,edge_mlp,11,Attack,0.9936789849374836,0.9825002667642262,0.9880580083394653,65601.0
NF-ToN-IoT-v2,binary,edge_mlp,22,Benign,0.8861495844875347,0.9597,0.9214594335093615,10000.0
NF-ToN-IoT-v2,binary,edge_mlp,22,Attack,0.9937780796961603,0.9812045548086157,0.987451293222471,65601.0
NF-ToN-IoT-v2,binary,edge_mlp,33,Benign,0.8833471112335813,0.9617,0.9208598649877915,10000.0
NF-ToN-IoT-v2,binary,edge_mlp,33,Attack,0.9940816515746206,0.9806405390161735,0.9873153512642443,65601.0
NF-ToN-IoT-v2,binary,sage,11,Benign,0.9397532292269134,0.9749,0.9570040247374104,10000.0
NF-ToN-IoT-v2,binary,sage,11,Attack,0.9961519002866911,0.9904727062087468,0.9933041856483321,65601.0
NF-ToN-IoT-v2,binary,sage,22,Benign,0.9349726251080588,0.9734,0.9537994218803586,10000.0
NF-ToN-IoT-v2,binary,sage,22,Attack,0.9959196195735542,0.9896800353653146,0.9927900237783945,65601.0
NF-ToN-IoT-v2,binary,sage,33,Benign,0.9269102990033222,0.9765,0.9510591672753835,10000.0
NF-ToN-IoT-v2,binary,sage,33,Attack,0.9963882826668305,0.988262374049176,0.9923086930900686,65601.0
NF-ToN-IoT-v2,binary,sage_edge,11,Benign,0.9305942209849285,0.9694,0.9496008228437087,10000.0
NF-ToN-IoT-v2,binary,sage_edge,11,Attack,0.9953055964653903,0.9889788265422783,0.9921321252437206,65601.0
NF-ToN-IoT-v2,binary,sage_edge,22,Benign,0.9295761171179792,0.9715,0.9500757909148697,10000.0
NF-ToN-IoT-v2,binary,sage_edge,22,Attack,0.9956254796623177,0.9887806588314203,0.992191264311554,65601.0
NF-ToN-IoT-v2,binary,sage_edge,33,Benign,0.931008339651251,0.9824,0.9560140132347217,10000.0
NF-ToN-IoT-v2,binary,sage_edge,33,Attack,0.9972943473381605,0.9889026081919483,0.9930807500956754,65601.0
NF-CSE-CIC-IDS2018-v2,multiclass,edge_mlp,11,Benign,0.8129508196721311,0.4959,0.6160248447204969,10000.0
NF-CSE-CIC-IDS2018-v2,multiclass,edge_mlp,11,Bot,0.9962132536123568,0.9997,0.9979535812328425,10000.0
NF-CSE-CIC-IDS2018-v2,multiclass,edge_mlp,11,Brute Force,0.9761238761238761,0.9771,0.9766116941529236,10000.0
NF-CSE-CIC-IDS2018-v2,multiclass,edge_mlp,11,DDoS,0.9655651483576462,0.973,0.9692683169796285,10000.0
NF-CSE-CIC-IDS2018-v2,multiclass,edge_mlp,11,DoS,0.9986666666666667,0.9737,0.9860253164556962,10000.0
NF-CSE-CIC-IDS2018-v2,multiclass,edge_mlp,11,Infilteration,0.6458029728942,0.8863,0.7471758556735795,10000.0
NF-CSE-CIC-IDS2018-v2,multiclass,edge_mlp,11,injection,0.033419023136246784,0.15294117647058825,0.05485232067510549,85.0
NF-CSE-CIC-IDS2018-v2,multiclass,edge_mlp,22,Benign,0.7975617581007379,0.4972,0.6125415794012566,10000.0
NF-CSE-CIC-IDS2018-v2,multiclass,edge_mlp,22,Bot,0.9938363654438811,0.9997,0.9967595593000648,10000.0
NF-CSE-CIC-IDS2018-v2,multiclass,edge_mlp,22,Brute Force,0.9691498859240155,0.977,0.9730591106020616,10000.0
NF-CSE-CIC-IDS2018-v2,multiclass,edge_mlp,22,DDoS,0.9665837891596221,0.9719,0.9692346048366991,10000.0
NF-CSE-CIC-IDS2018-v2,multiclass,edge_mlp,22,DoS,0.9978332645480809,0.9671,0.9822262847856997,10000.0
NF-CSE-CIC-IDS2018-v2,multiclass,edge_mlp,22,Infilteration,0.6460990803915752,0.8712,0.741951967296883,10000.0
NF-CSE-CIC-IDS2018-v2,multiclass,edge_mlp,22,injection,0.027083333333333334,0.15294117647058825,0.04601769911504425,85.0
NF-CSE-CIC-IDS2018-v2,multiclass,edge_mlp,33,Benign,0.7924675730582904,0.5071,0.6184523446551619,10000.0
NF-CSE-CIC-IDS2018-v2,multiclass,edge_mlp,33,Bot,0.9933426073131956,0.9997,0.9965111642743222,10000.0
NF-CSE-CIC-IDS2018-v2,multiclass,edge_mlp,33,Brute Force,0.9696308058753473,0.977,0.9733014544730025,10000.0
NF-CSE-CIC-IDS2018-v2,multiclass,edge_mlp,33,DDoS,0.9652345679012345,0.9773,0.9712298136645963,10000.0
NF-CSE-CIC-IDS2018-v2,multiclass,edge_mlp,33,DoS,0.998967048858589,0.9671,0.9827752654844775,10000.0
NF-CSE-CIC-IDS2018-v2,multiclass,edge_mlp,33,Infilteration,0.648048048048048,0.8632,0.7403087478559177,10000.0
NF-CSE-CIC-IDS2018-v2,multiclass,edge_mlp,33,injection,0.030952380952380953,0.15294117647058825,0.05148514851485148,85.0
NF-CSE-CIC-IDS2018-v2,multiclass,sage,11,Benign,0.8612678393627614,0.519,0.6476974915761887,10000.0
NF-CSE-CIC-IDS2018-v2,multiclass,sage,11,Bot,0.9987016878058524,1.0,0.9993504222255534,10000.0
NF-CSE-CIC-IDS2018-v2,multiclass,sage,11,Brute Force,0.9869959677419354,0.9791,0.9830321285140562,10000.0
NF-CSE-CIC-IDS2018-v2,multiclass,sage,11,DDoS,0.9759671746776084,0.999,0.9873492785135403,10000.0
NF-CSE-CIC-IDS2018-v2,multiclass,sage,11,DoS,0.9994941319303926,0.9879,0.9936632468316234,10000.0
NF-CSE-CIC-IDS2018-v2,multiclass,sage,11,Infilteration,0.655965603726263,0.9154,0.7642663327071593,10000.0
NF-CSE-CIC-IDS2018-v2,multiclass,sage,11,injection,0.6078431372549019,0.36470588235294116,0.45588235294117646,85.0
NF-CSE-CIC-IDS2018-v2,multiclass,sage,22,Benign,0.7987363432934053,0.6068,0.6896630107404671,10000.0
NF-CSE-CIC-IDS2018-v2,multiclass,sage,22,Bot,0.9991008092716556,1.0,0.999550202408916,10000.0
NF-CSE-CIC-IDS2018-v2,multiclass,sage,22,Brute Force,0.9916025900445163,0.9801,0.9858177429088715,10000.0
NF-CSE-CIC-IDS2018-v2,multiclass,sage,22,DDoS,0.9765189316113884,0.9981,0.9871915335542258,10000.0
NF-CSE-CIC-IDS2018-v2,multiclass,sage,22,DoS,0.9992952783650458,0.9926,0.995936386896102,10000.0
NF-CSE-CIC-IDS2018-v2,multiclass,sage,22,Infilteration,0.6832202842377261,0.8461,0.7559864188706219,10000.0
NF-CSE-CIC-IDS2018-v2,multiclass,sage,22,injection,0.5263157894736842,0.35294117647058826,0.4225352112676056,85.0
NF-CSE-CIC-IDS2018-v2,multiclass,sage,33,Benign,0.8853768669676971,0.5098,0.6470364259423784,10000.0
NF-CSE-CIC-IDS2018-v2,multiclass,sage,33,Bot,0.9994003597841296,1.0,0.9997000899730081,10000.0
NF-CSE-CIC-IDS2018-v2,multiclass,sage,33,Brute Force,0.9775471509829359,0.9796,0.97857249887618,10000.0
NF-CSE-CIC-IDS2018-v2,multiclass,sage,33,DDoS,0.9759671746776084,0.999,0.9873492785135403,10000.0
NF-CSE-CIC-IDS2018-v2,multiclass,sage,33,DoS,0.9995913780774338,0.9785,0.9889332457425842,10000.0
NF-CSE-CIC-IDS2018-v2,multiclass,sage,33,Infilteration,0.6561006466123137,0.9335,0.7705960046227506,10000.0
NF-CSE-CIC-IDS2018-v2,multiclass,sage,33,injection,0.6382978723404256,0.35294117647058826,0.45454545454545453,85.0
NF-CSE-CIC-IDS2018-v2,multiclass,sage_edge,11,Benign,0.9173083975064174,0.5003,0.6474699107027306,10000.0
NF-CSE-CIC-IDS2018-v2,multiclass,sage_edge,11,Bot,0.9993004896572399,1.0,0.99965012245714,10000.0
NF-CSE-CIC-IDS2018-v2,multiclass,sage_edge,11,Brute Force,0.9915974893703179,0.9795,0.9855116208874132,10000.0
NF-CSE-CIC-IDS2018-v2,multiclass,sage_edge,11,DDoS,0.9748341786968396,0.9994,0.9869642504444005,10000.0
NF-CSE-CIC-IDS2018-v2,multiclass,sage_edge,11,DoS,0.9993958920660492,0.9926,0.9959863536022476,10000.0
NF-CSE-CIC-IDS2018-v2,multiclass,sage_edge,11,Infilteration,0.6568181818181819,0.9537,0.7778955954323001,10000.0
NF-CSE-CIC-IDS2018-v2,multiclass,sage_edge,11,injection,0.7142857142857143,0.35294117647058826,0.47244094488188976,85.0
NF-CSE-CIC-IDS2018-v2,multiclass,sage_edge,22,Benign,0.8681933842239186,0.5118,0.6439760931110412,10000.0
NF-CSE-CIC-IDS2018-v2,multiclass,sage_edge,22,Bot,0.999000999000999,1.0,0.9995002498750625,10000.0
NF-CSE-CIC-IDS2018-v2,multiclass,sage_edge,22,Brute Force,0.9859991941982272,0.9789,0.98243677238057,10000.0
NF-CSE-CIC-IDS2018-v2,multiclass,sage_edge,22,DDoS,0.9754954603143611,0.9992,0.9872054537370943,10000.0
NF-CSE-CIC-IDS2018-v2,multiclass,sage_edge,22,DoS,0.9992910674498683,0.9867,0.992955620408574,10000.0
NF-CSE-CIC-IDS2018-v2,multiclass,sage_edge,22,Infilteration,0.6541492155888408,0.9215,0.7651430232075394,10000.0
NF-CSE-CIC-IDS2018-v2,multiclass,sage_edge,22,injection,0.6458333333333334,0.36470588235294116,0.46616541353383456,85.0
NF-CSE-CIC-IDS2018-v2,multiclass,sage_edge,33,Benign,0.8853948287910552,0.5068,0.6446196896464004,10000.0
NF-CSE-CIC-IDS2018-v2,multiclass,sage_edge,33,Bot,0.9989012086704625,1.0,0.9994503023337165,10000.0
NF-CSE-CIC-IDS2018-v2,multiclass,sage_edge,33,Brute Force,0.9873966525509176,0.9793,0.9833316598052013,10000.0
NF-CSE-CIC-IDS2018-v2,multiclass,sage_edge,33,DDoS,0.9755978526110298,0.9995,0.9874042973573722,10000.0
NF-CSE-CIC-IDS2018-v2,multiclass,sage_edge,33,DoS,0.9991908566804896,0.9879,0.993513350429929,10000.0
NF-CSE-CIC-IDS2018-v2,multiclass,sage_edge,33,Infilteration,0.6548120089786756,0.9335,0.7697064643799473,10000.0
NF-CSE-CIC-IDS2018-v2,multiclass,sage_edge,33,injection,0.6818181818181818,0.35294117647058826,0.46511627906976744,85.0
NF-CSE-CIC-IDS2018-v2,binary,edge_mlp,11,Benign,0.5738929088277858,0.9914,0.7269660861594867,10000.0
NF-CSE-CIC-IDS2018-v2,binary,edge_mlp,11,Attack,0.9979911235692596,0.8530298492562643,0.9198342214328005,50085.0
NF-CSE-CIC-IDS2018-v2,binary,edge_mlp,22,Benign,0.5728727398763792,0.9917,0.7262275273699242,10000.0
NF-CSE-CIC-IDS2018-v2,binary,edge_mlp,22,Attack,0.9980595688969935,0.8523709693521014,0.9194800719370227,50085.0
NF-CSE-CIC-IDS2018-v2,binary,edge_mlp,33,Benign,0.5710825307111137,0.9902,0.7243864076959655,10000.0
NF-CSE-CIC-IDS2018-v2,binary,edge_mlp,33,Attack,0.9977073878257615,0.8515124288709195,0.9188309939567602,50085.0
NF-CSE-CIC-IDS2018-v2,binary,sage,11,Benign,0.6184924247147577,0.992,0.7619340220438573,10000.0
NF-CSE-CIC-IDS2018-v2,binary,sage,11,Attack,0.9981837170231121,0.8778276929220326,0.934144968182639,50085.0
NF-CSE-CIC-IDS2018-v2,binary,sage,22,Benign,0.6221414698327172,0.993,0.7649936443126227,10000.0
NF-CSE-CIC-IDS2018-v2,binary,sage,22,Attack,0.9984135617804369,0.8795847059998003,0.9352397329342207,50085.0
NF-CSE-CIC-IDS2018-v2,binary,sage,33,Benign,0.6178236397748593,0.9879,0.7602154674874952,10000.0
NF-CSE-CIC-IDS2018-v2,binary,sage,33,Attack,0.9972559247080168,0.8779874213836478,0.9338288383945637,50085.0
NF-CSE-CIC-IDS2018-v2,binary,sage_edge,11,Benign,0.6221664050235479,0.9908,0.7643587270973964,10000.0
NF-CSE-CIC-IDS2018-v2,binary,sage_edge,11,Attack,0.9979166666666667,0.879864230807627,0.9351795851238792,50085.0
NF-CSE-CIC-IDS2018-v2,binary,sage_edge,22,Benign,0.6244869609143145,0.989,0.7655687579827379,10000.0
NF-CSE-CIC-IDS2018-v2,binary,sage_edge,22,Attack,0.9975140119327427,0.8812618548467606,0.9357912925487369,50085.0
NF-CSE-CIC-IDS2018-v2,binary,sage_edge,33,Benign,0.6244178728760227,0.9922,0.7664735419080726,10000.0
NF-CSE-CIC-IDS2018-v2,binary,sage_edge,33,Attack,0.9982350944677,0.8808425676350204,0.9358718710224863,50085.0
