dataset,task,model,seed,seconds_fit_and_evaluate,best_epoch,epochs_ran,parameters,peak_rss_kib_process,val_macro_f1,val_weighted_f1,val_accuracy,test_macro_f1,test_weighted_f1,test_accuracy
NF-UNSW-NB15-v2,multiclass,edge_mlp,11,40.79199965400039,60,60,6410,704580,0.4955772639605885,0.7860160588594022,0.7595378093805552,0.496639697380794,0.786067492546326,0.7612442348371883
NF-UNSW-NB15-v2,multiclass,edge_mlp,22,42.5663913999997,58,60,6410,704748,0.4895316281800233,0.7781417587438346,0.7509230138110214,0.4917122721667561,0.7790321185651102,0.7536845025488088
NF-UNSW-NB15-v2,multiclass,edge_mlp,33,42.90874634599823,60,60,6410,704748,0.4938629925683876,0.7851171547579503,0.7589224668398742,0.4945372552770489,0.7840926447060141,0.7600305163505219
NF-UNSW-NB15-v2,multiclass,sage,11,271.65518965499905,57,60,88586,928764,0.5943418089660837,0.8464574887129285,0.8198413783672911,0.5790104085052574,0.8405067001287023,0.8170406075527967
NF-UNSW-NB15-v2,multiclass,sage,22,198.8605105650004,37,47,88586,928764,0.586277417577071,0.8417497175081083,0.8178586079584302,0.5798569408158707,0.8393449253601203,0.8162430211187016
NF-UNSW-NB15-v2,multiclass,sage,33,231.9959185280004,58,60,88586,943824,0.5977602628796742,0.8455377766298801,0.8199781211541092,0.5859765314591053,0.8414997622473467,0.8190172348025107
NF-UNSW-NB15-v2,multiclass,sage_edge,11,264.2451270370002,44,54,88976,957588,0.5984041938906259,0.8469670091667939,0.824353890332285,0.5860103306973673,0.8404905593142786,0.8201269202760343
NF-UNSW-NB15-v2,multiclass,sage_edge,22,209.3483134750004,38,48,88976,961244,0.5898026387804994,0.842887489662017,0.8172432654177492,0.579579500129285,0.8367442299661818,0.8139889725006069
NF-UNSW-NB15-v2,multiclass,sage_edge,33,228.07742921799945,57,60,88976,984892,0.5905144730393276,0.8442534017078248,0.8166962942704772,0.5814193561067367,0.8405050935545559,0.8148905919478447
NF-UNSW-NB15-v2,binary,edge_mlp,11,22.56638303900036,21,31,5378,984892,0.9969579229748012,0.997263690118125,0.99726514426364,0.9967819949734084,0.9970856325204271,0.9970870756320006
NF-UNSW-NB15-v2,binary,edge_mlp,22,21.27852219699889,23,33,5378,984892,0.9971103061249108,0.997400631859216,0.997401887050458,0.9968203795641332,0.9971203615117328,0.9971217533030482
NF-UNSW-NB15-v2,binary,edge_mlp,33,28.313406379998924,34,44,5378,984892,0.9971859427136368,0.9974688518485144,0.997470258443867,0.9970883342473223,0.9973631287804584,0.9973644970003814
NF-UNSW-NB15-v2,binary,sage,11,106.26745873999973,19,29,86530,984892,0.9980987937481974,0.9982898478633444,0.9982907151647752,0.9978925252103268,0.9980915793134676,0.9980927280923814
NF-UNSW-NB15-v2,binary,sage,22,127.40940483600023,24,34,86530,984892,0.9980987937481974,0.9982898478633444,0.9982907151647752,0.998007431313144,0.9981956535400832,0.998196761105524
NF-UNSW-NB15-v2,binary,sage,33,145.3568740440005,27,37,86530,984892,0.998098977440147,0.9982899308769884,0.9982907151647752,0.9978163022128406,0.9980223700438547,0.998023372750286
NF-UNSW-NB15-v2,binary,sage_edge,11,140.2156784209983,28,38,86608,984892,0.998098977440147,0.9982899308769884,0.9982907151647752,0.998045980679926,0.9982304576272536,0.9982314387765716
NF-UNSW-NB15-v2,binary,sage_edge,22,216.20230012299908,27,37,86608,984892,0.998098977440147,0.9982899308769884,0.9982907151647752,0.99789282374114,0.9980917152916828,0.9980927280923814
NF-UNSW-NB15-v2,binary,sage_edge,33,247.39058304199892,31,41,86608,984892,0.998174930184154,0.9983582938058206,0.998359086558184,0.9979310872057694,0.9981263891413809,0.998127405763429
NF-BoT-IoT-v2,multiclass,edge_mlp,11,83.48448925699995,60,60,5765,1073148,0.940540771479116,0.9409362852908456,0.9409268124167202,0.935981607252094,0.9395044965325458,0.9395256916996048
NF-BoT-IoT-v2,multiclass,edge_mlp,22,75.32157181000002,54,60,5765,1073148,0.937952780475378,0.9377432844966171,0.937521591077333,0.9326239623798942,0.9365263693668928,0.936338932806324
NF-BoT-IoT-v2,multiclass,edge_mlp,33,78.46070529700046,57,60,5765,1073148,0.940922304780816,0.9410115520396712,0.9410255144845284,0.934363732565959,0.9392902239336604,0.9393033596837944
NF-BoT-IoT-v2,multiclass,sage,11,237.5245789620003,37,47,87301,1105708,0.9730000377798922,0.9745095954865955,0.9745348665054532,0.9666076820587324,0.9677092162271864,0.9677124505928854
NF-BoT-IoT-v2,multiclass,sage,22,193.02530171299983,29,39,87301,1105708,0.9681183311217266,0.9717973501759164,0.9718205596407244,0.9585455191778358,0.9628471262099788,0.9628458498023716
NF-BoT-IoT-v2,multiclass,sage,33,114.57604866600012,16,26,87301,1105908,0.9496496978523226,0.9673465571062626,0.9671815624537334,0.9425508770150446,0.9611867296141552,0.9609930830039526
NF-BoT-IoT-v2,multiclass,sage_edge,11,241.3152003569994,45,55,87496,1131096,0.976994070405359,0.9794373364744392,0.9794699698958692,0.9745479579164232,0.9766065142944186,0.9766304347826088
NF-BoT-IoT-v2,multiclass,sage_edge,22,241.77590872200017,39,49,87496,1131096,0.9770013160214472,0.979025504337508,0.979075161624636,0.9742233945351916,0.977342425356009,0.9773962450592886
NF-BoT-IoT-v2,multiclass,sage_edge,33,114.64855105300012,15,25,87496,1131096,0.9685082976059404,0.9734951134513332,0.97354784582737,0.9634393986160594,0.968266662493382,0.968354743083004
NF-BoT-IoT-v2,binary,edge_mlp,11,101.51874091900028,58,60,5378,1131096,0.9945026818641108,0.9959083841289283,0.9959038641859548,0.9932714879361066,0.9949894560087624,0.9949851778656128
NF-BoT-IoT-v2,binary,edge_mlp,22,20.461629464,7,17,5378,1131096,0.9238869519465064,0.944763146399104,0.9462073730444652,0.9236705534647076,0.9446257644205946,0.9461462450592886
NF-BoT-IoT-v2,binary,edge_mlp,33,97.07549146900055,59,60,5378,1131096,0.9944353325124312,0.9958586737519908,0.9958545131520504,0.9932074690543896,0.9949409339031255,0.9949357707509882
NF-BoT-IoT-v2,binary,sage,11,182.59310793999973,29,39,86530,1131096,0.9947655118517292,0.996104791712025,0.9961012683215712,0.991559212561766,0.9937101502746272,0.9937005928853756
NF-BoT-IoT-v2,binary,sage,22,197.2344871429996,25,35,86530,1131096,0.9940394512259264,0.9955634557798476,0.9955584069486256,0.9915201704528483,0.9936832827783948,0.9936758893280632
NF-BoT-IoT-v2,binary,sage,33,139.12904711600095,13,23,86530,1131096,0.9914399243483006,0.9936347859343564,0.9936337166263634,0.9849033687129444,0.9887513363233515,0.9887351778656126
NF-BoT-IoT-v2,binary,sage_edge,11,321.7223714990014,25,35,86608,1131096,0.99417424443798,0.9956629110885398,0.995657109016434,0.9901113306282876,0.9926280138999048,0.9926136363636364
NF-BoT-IoT-v2,binary,sage_edge,22,98.25971362999915,20,30,86608,1131096,0.9938436468213636,0.995416637841048,0.9954103538469132,0.9911766915734576,0.9934195920416724,0.9934041501976284
NF-BoT-IoT-v2,binary,sage_edge,33,101.76348244499968,25,35,86608,1131096,0.993756969288013,0.9953597534440868,0.9953610028130088,0.9902412050011338,0.9927381295113344,0.9927371541501976
NF-ToN-IoT-v2,multiclass,edge_mlp,11,71.70813768400149,60,60,6410,1109568,0.8650292484458724,0.8919917368013514,0.8928297292289775,0.8680053964708236,0.8906531067507836,0.8913374161717438
NF-ToN-IoT-v2,multiclass,edge_mlp,22,76.18588253099915,55,60,6410,1109568,0.8642291718409709,0.8937327078458043,0.8943913607368783,0.8679240171675732,0.893037767271702,0.8935860636764064
NF-ToN-IoT-v2,multiclass,edge_mlp,33,65.7498541040004,50,60,6410,1109568,0.8617059887877824,0.8924525239133436,0.8927767925676927,0.8653280779287282,0.8903938151452111,0.8906363672438196
NF-ToN-IoT-v2,multiclass,sage,11,998.892880579,52,60,88586,1370232,0.9023582102272396,0.911316774379333,0.9116487123157142,0.9074830289609404,0.9089859495377433,0.9089033213846378
NF-ToN-IoT-v2,multiclass,sage,22,1341.8550843420016,30,40,88586,1411792,0.8964901796463799,0.9071068825613616,0.9079960826870648,0.9016753171652718,0.903825913197768,0.9041282522717954
NF-ToN-IoT-v2,multiclass,sage,33,2106.2982655230007,52,60,88586,1437256,0.9049562113240815,0.9166339159617168,0.9177099600328208,0.9110734891773756,0.9131644967232454,0.9136519358209548
NF-ToN-IoT-v2,multiclass,sage_edge,11,940.0619008249996,60,60,88976,1560740,0.904584572373966,0.916475737010728,0.9169159101135492,0.9086033412685928,0.9130299450601158,0.913069932937395
NF-ToN-IoT-v2,multiclass,sage_edge,22,830.6219101140014,41,51,88976,1560740,0.9013077216107404,0.9118948857909768,0.9127603822026944,0.906729154169479,0.9095727261243172,0.90993505376913
NF-ToN-IoT-v2,multiclass,sage_edge,33,950.3596060349992,55,60,88976,1560740,0.9041782253640028,0.914953448556824,0.9161218601942775,0.9101365481066214,0.9133462103847751,0.9139429372627346
NF-ToN-IoT-v2,binary,edge_mlp,11,78.13685622599951,49,59,5378,1560740,0.9567330489913192,0.9798584584744215,0.97959291707472,0.9564651117982408,0.9797002097544664,0.97939180698668
NF-ToN-IoT-v2,binary,edge_mlp,22,65.99388221700065,60,60,5378,1560740,0.9546656999418228,0.978853718889294,0.9785341838490248,0.9544553633659164,0.9787223267123576,0.9783600746021878
NF-ToN-IoT-v2,binary,edge_mlp,33,100.42920642199896,56,60,5378,1560740,0.9541587558778196,0.9786047630870272,0.9782695005426008,0.954087608126018,0.9785250593003216,0.9781352098517216
NF-ToN-IoT-v2,binary,sage,11,480.0495374940001,28,38,86530,1560740,0.9768098002989812,0.9892745041739474,0.9892009210979064,0.9751541051928712,0.9885026405747324,0.988412851681856
NF-ToN-IoT-v2,binary,sage,22,412.06722868400175,17,27,86530,1560740,0.975480092739444,0.988664762229606,0.9885921494931316,0.9732947228293766,0.9876326049746702,0.9875266200182538
NF-ToN-IoT-v2,binary,sage,33,373.185316916999,20,30,86530,1560740,0.9741758844500888,0.9880342002598071,0.987930441227072,0.971683930182726,0.9868524787787916,0.986706525045965
NF-ToN-IoT-v2,binary,sage_edge,11,179.86371562100248,14,24,86608,1560740,0.9725446144825838,0.987302384851983,0.9872157962997272,0.9708664740437148,0.9865063660077302,0.9863890689276597
NF-ToN-IoT-v2,binary,sage_edge,22,169.84625637499994,13,23,86608,1560740,0.9732977060676756,0.9876340456986312,0.987533416267436,0.9711335276132118,0.9866205081844284,0.9864948876337616
NF-ToN-IoT-v2,binary,sage_edge,33,387.1298041910013,43,53,86608,1560740,0.976070443420783,0.9889060040138354,0.9888038961382706,0.9745473816651986,0.9881778074281242,0.9880424862104998
NF-CSE-CIC-IDS2018-v2,multiclass,edge_mlp,11,29.96318238299864,22,32,6023,1560740,0.7677243235362464,0.8826919310746643,0.8841544607190412,0.7639874185557531,0.881006216849614,0.883248730964467
NF-CSE-CIC-IDS2018-v2,multiclass,edge_mlp,22,19.832146374999866,11,21,6023,1560740,0.7634092748410132,0.8792450231599243,0.880392809587217,0.7602558293339584,0.8781167107705988,0.8796538237496879
NF-CSE-CIC-IDS2018-v2,multiclass,edge_mlp,33,22.53655487099968,14,24,6023,1560740,0.7657869881864802,0.8810972890830525,0.8821904127829561,0.7620091341317613,0.879257121439603,0.8808687692435716
NF-CSE-CIC-IDS2018-v2,multiclass,sage,11,61.51523102600186,15,25,87815,1560740,0.8192223846825373,0.8953417791603979,0.8992343541944074,0.8330344647584712,0.8952706832600684,0.8993093118082716
NF-CSE-CIC-IDS2018-v2,multiclass,sage,22,153.51732006900056,45,55,87815,1560740,0.8207835611346298,0.899548090536353,0.900965379494008,0.8338115009495443,0.9016787625322424,0.9031705084463676
NF-CSE-CIC-IDS2018-v2,multiclass,sage,33,58.61773787600032,19,29,87815,1560740,0.8180245545347589,0.8954326203945763,0.8999334221038615,0.8323904283165565,0.8947409802836112,0.8992926687193143
NF-CSE-CIC-IDS2018-v2,multiclass,sage_edge,11,86.8962415850001,23,33,88088,1560740,0.8245474334772279,0.899123456933397,0.9040945406125166,0.8379883997725888,0.8983096615723938,0.9034700840475992
NF-CSE-CIC-IDS2018-v2,multiclass,sage_edge,22,61.07448347699756,12,22,88088,1560740,0.8205807176672628,0.8960282541517255,0.9003328894806925,0.8339118037505309,0.8945959255612747,0.8989265207622534
NF-CSE-CIC-IDS2018-v2,multiclass,sage_edge,33,88.16068151500076,19,29,88088,1560740,0.822192791285681,0.8974061593985411,0.9021304926764314,0.8347345775746191,0.8957275946283864,0.9003911125904968
NF-CSE-CIC-IDS2018-v2,binary,edge_mlp,11,57.57546217900017,54,60,5378,1560740,0.8230855582679122,0.8874473415188279,0.8756990679094541,0.8234001537961435,0.8877350061089568,0.8760589165349089
NF-CSE-CIC-IDS2018-v2,binary,edge_mlp,22,57.22785344500153,60,60,5378,1560740,0.8225704496989061,0.8870762875944764,0.8752663115845539,0.8228537996534735,0.8873168790324545,0.8755596238661896
NF-CSE-CIC-IDS2018-v2,binary,edge_mlp,33,41.54517041100189,34,44,5378,1560740,0.8209938451469242,0.8859973394103611,0.874034620505992,0.8216087008263628,0.8864694084927017,0.8745943247066655
NF-CSE-CIC-IDS2018-v2,binary,sage,11,142.3792603269976,36,46,86530,1560740,0.8410609618894471,0.9006798404754515,0.8913115845539281,0.8480394951132482,0.9054837472225356,0.8968294915536323
NF-CSE-CIC-IDS2018-v2,binary,sage,22,123.96565120599917,43,53,86530,1560740,0.8429330566504641,0.9019787603694068,0.892809587217044,0.8501166886234217,0.9069055249585866,0.8984605142714488
NF-CSE-CIC-IDS2018-v2,binary,sage,33,95.89907956200112,30,40,86530,1560740,0.8401214781087829,0.9002170291196366,0.890878828229028,0.8470221529410294,0.9049342106327148,0.8962802696180411
NF-CSE-CIC-IDS2018-v2,binary,sage_edge,11,143.46889186400222,44,54,86608,1560740,0.842340038484521,0.9017102090904424,0.8925765645805592,0.8497691561106377,0.9067497177648906,0.8983273695597903
NF-CSE-CIC-IDS2018-v2,binary,sage_edge,22,147.68061580700305,53,60,86608,1560740,0.8422043589617072,0.9017587833617676,0.8927097203728362,0.8506800252657374,0.907461004695529,0.8991928101855704
NF-CSE-CIC-IDS2018-v2,binary,sage_edge,33,177.39570149300198,50,60,86608,1560740,0.8425072298876946,0.9017864610095084,0.8926431424766977,0.8511727064652794,0.9076787564157768,0.8993758841641009
