val_std_threshold,drop_threshold,model,n,collapsed,rate
0.02,0.05,edge_mlp,40,11,0.275
0.02,0.05,sage,40,20,0.5
0.02,0.05,sage_edge,40,17,0.425
0.02,0.1,edge_mlp,40,11,0.275
0.02,0.1,sage,40,20,0.5
0.02,0.1,sage_edge,40,17,0.425
0.02,0.2,edge_mlp,40,11,0.275
0.02,0.2,sage,40,20,0.5
0.02,0.2,sage_edge,40,17,0.425
0.05,0.05,edge_mlp,40,0,0.0
0.05,0.05,sage,40,18,0.45
0.05,0.05,sage_edge,40,11,0.275
0.05,0.1,edge_mlp,40,0,0.0
0.05,0.1,sage,40,10,0.25
0.05,0.1,sage_edge,40,2,0.05
0.05,0.2,edge_mlp,40,0,0.0
0.05,0.2,sage,40,9,0.225
0.05,0.2,sage_edge,40,1,0.025
0.1,0.05,edge_mlp,40,0,0.0
0.1,0.05,sage,40,17,0.425
0.1,0.05,sage_edge,40,11,0.275
0.1,0.1,edge_mlp,40,0,0.0
0.1,0.1,sage,40,9,0.225
0.1,0.1,sage_edge,40,2,0.05
0.1,0.2,edge_mlp,40,0,0.0
0.1,0.2,sage,40,6,0.15
0.1,0.2,sage_edge,40,0,0.0
0.2,0.05,edge_mlp,40,0,0.0
0.2,0.05,sage,40,16,0.4
0.2,0.05,sage_edge,40,11,0.275
0.2,0.1,edge_mlp,40,0,0.0
0.2,0.1,sage,40,8,0.2
0.2,0.1,sage_edge,40,2,0.05
0.2,0.2,edge_mlp,40,0,0.0
0.2,0.2,sage,40,5,0.125
0.2,0.2,sage_edge,40,0,0.0
