dataset,task,model,n,collapsed,collapse_rate
NF-BoT-IoT-v2,binary,edge_mlp,5,0,0.0
NF-BoT-IoT-v2,binary,sage,5,5,1.0
NF-BoT-IoT-v2,binary,sage_edge,5,0,0.0
NF-BoT-IoT-v2,multiclass,edge_mlp,5,0,0.0
NF-BoT-IoT-v2,multiclass,sage,5,4,0.8
NF-BoT-IoT-v2,multiclass,sage_edge,5,0,0.0
NF-CSE-CIC-IDS2018-v2,binary,edge_mlp,5,0,0.0
NF-CSE-CIC-IDS2018-v2,binary,sage,5,0,0.0
NF-CSE-CIC-IDS2018-v2,binary,sage_edge,5,0,0.0
NF-CSE-CIC-IDS2018-v2,multiclass,edge_mlp,5,0,0.0
NF-CSE-CIC-IDS2018-v2,multiclass,sage,5,1,0.2
NF-CSE-CIC-IDS2018-v2,multiclass,sage_edge,5,2,0.4
NF-ToN-IoT-v2,binary,edge_mlp,5,0,0.0
NF-ToN-IoT-v2,binary,sage,5,0,0.0
NF-ToN-IoT-v2,binary,sage_edge,5,0,0.0
NF-ToN-IoT-v2,multiclass,edge_mlp,5,0,0.0
NF-ToN-IoT-v2,multiclass,sage,5,0,0.0
NF-ToN-IoT-v2,multiclass,sage_edge,5,0,0.0
NF-UNSW-NB15-v2,binary,edge_mlp,5,0,0.0
NF-UNSW-NB15-v2,binary,sage,5,0,0.0
NF-UNSW-NB15-v2,binary,sage_edge,5,0,0.0
NF-UNSW-NB15-v2,multiclass,edge_mlp,5,0,0.0
NF-UNSW-NB15-v2,multiclass,sage,5,0,0.0
NF-UNSW-NB15-v2,multiclass,sage_edge,5,0,0.0
