run_id,artifact_dir,source_batch,dataset,task,model,seed,n_evals,steps_ran,step_budget,steps_per_full_pass,eval_every_steps,train_passes_configured,min_train_steps,batch_size,fanout,hidden,dropout,learning_rate,amp,scope,patience,best_epoch,best_step,best_pass,parameters,seconds_fit_and_evaluate,seconds_fit,peak_rss_kib_process,peak_cuda_bytes,checkpoint_parameter_max_abs_error,val_macro_f1,val_weighted_f1,val_accuracy,test_macro_f1,test_weighted_f1,test_accuracy,sha256_metrics,val_std,drop_after_best,best_is_last_eval,classification,collapsed
NF-BoT-IoT-v2__binary__edge_mlp__seed11,research/artifacts/full_runs/NF-BoT-IoT-v2__binary__edge_mlp__seed11,full_runs,NF-BoT-IoT-v2,binary,edge_mlp,11,5,12910,12910,6455,1614,2,1500,4096,15-10,128,0.2,0.001,True,full,10,2,9683,2,5378,342.28752669096866,342.07931789397844,49270036,145968640,0.0,0.9118614056402636,0.9986149641880804,0.9984831178349228,0.9126037065615435,0.998614633247116,0.9984843081312412,c6afac69607ca8bc1e20c08ecd7ace0e8ba48dfecae50ab202ee8ea82e0b7796,0.0120819015045161,0.027557338037762,False,R2_optimization_decay,False
NF-BoT-IoT-v2__binary__edge_mlp__seed22,research/artifacts/full_runs/NF-BoT-IoT-v2__binary__edge_mlp__seed22,full_runs,NF-BoT-IoT-v2,binary,edge_mlp,22,5,12910,12910,6455,1614,2,1500,4096,15-10,128,0.2,0.001,True,full,10,2,12910,2,5378,355.3466329050134,355.134997207002,49270036,144982528,0.0,0.913842313482948,0.9986510303398368,0.9985270700847748,0.91450991146797,0.998649988075428,0.9985276287536592,513017c08d32d418a112b3ac744eea491d05b9ed3fc1ffd5d87d56ab65549874,0.0318054196626621,0.0,True,R1_still_rising,False
NF-BoT-IoT-v2__binary__edge_mlp__seed33,research/artifacts/full_runs/NF-BoT-IoT-v2__binary__edge_mlp__seed33,full_runs,NF-BoT-IoT-v2,binary,edge_mlp,33,5,12910,12910,6455,1614,2,1500,4096,15-10,128,0.2,0.001,True,full,10,2,11297,2,5378,349.8569829429907,349.64785488598864,49270036,144982528,0.0,0.9061693181097178,0.9985142444271916,0.9983626463067136,0.9071129161266848,0.998516502739346,0.9983669317659128,6e7e50f9452cf32bd1d3074d730fa7a65683f525652c9339e7e3ea0a6e520dab,0.0409305978811136,0.0283298917957484,False,R2_optimization_decay,False
NF-BoT-IoT-v2__binary__edge_mlp__seed44,research/artifacts/full_runs_seeds44_55/NF-BoT-IoT-v2__binary__edge_mlp__seed44,full_runs_seeds44_55,NF-BoT-IoT-v2,binary,edge_mlp,44,5,12910,12910,6455,1614,2,1500,4096,15-10,128,0.2,0.001,True,full,10,1,6455,1,5378,295.3297445079952,294.21348944200145,48687972,145968640,0.0,0.853913422812008,0.997500236337293,0.997078499247781,0.8547474167484643,0.9974937743431032,0.997074334478658,26997c1c753cd2554495d33087ce5fe8e6af90574352e5f649ca2f899d74dd5b,0.0158183883752065,0.0377724596613062,False,R2_optimization_decay,False
NF-BoT-IoT-v2__binary__edge_mlp__seed55,research/artifacts/full_runs_seeds44_55/NF-BoT-IoT-v2__binary__edge_mlp__seed55,full_runs_seeds44_55,NF-BoT-IoT-v2,binary,edge_mlp,55,5,12910,12910,6455,1614,2,1500,4096,15-10,128,0.2,0.001,True,full,10,2,12910,2,5378,282.31271797000954,281.2236943760072,48687972,144982528,0.0,0.9117198753257232,0.9986123688203824,0.9984799405638493,0.9125564525315926,0.998613631176246,0.9984829833415648,eabb27634a302b5e3767b303a81bb257a18927286049d305261321bd3a1bcc8b,0.0412718689944743,0.0,True,R1_still_rising,False
NF-BoT-IoT-v2__binary__sage__seed11,research/artifacts/full_runs/NF-BoT-IoT-v2__binary__sage__seed11,full_runs,NF-BoT-IoT-v2,binary,sage,11,5,12910,12910,6455,1614,2,1500,4096,15-10,128,0.2,0.001,True,full,10,1,6455,1,86530,546.0307640940155,539.3060348470171,49270036,955227136,0.0,0.6063576788767273,0.9871826352567232,0.9800957205865454,0.8053390989265106,0.9966933462717305,0.9961830159843824,9229f04c0b53c533058d2f3cde6fe4ff52edb63a5b8f22829ec6b39fdca3292f,0.1555205442522573,0.4264444406023161,False,R2_optimization_decay,True
NF-BoT-IoT-v2__binary__sage__seed22,research/artifacts/full_runs/NF-BoT-IoT-v2__binary__sage__seed22,full_runs,NF-BoT-IoT-v2,binary,sage,22,5,12910,12910,6455,1614,2,1500,4096,15-10,128,0.2,0.001,True,full,10,2,11297,2,86530,538.5004894520243,531.7612956770172,49270036,956252672,0.0,0.7143391509074837,0.9949829689510484,0.9940301724252056,0.7900265338506275,0.9969337045996328,0.9968822399755816,d1525f6da5688e91cc6a83ec43caa3925fe31b16cc50d5d4b22c5373d4d263d9,0.0659650623795045,0.1709674789813821,False,R2_optimization_decay,True
NF-BoT-IoT-v2__binary__sage__seed33,research/artifacts/full_runs/NF-BoT-IoT-v2__binary__sage__seed33,full_runs,NF-BoT-IoT-v2,binary,sage,33,5,12910,12910,6455,1614,2,1500,4096,15-10,128,0.2,0.001,True,full,10,1,6455,1,86530,547.1269594079786,540.40161338498,49270036,956166144,0.0,0.6564422551416954,0.9907263243899714,0.9863936013996938,0.8155359145883891,0.9967813746460013,0.9962130887100364,85047f2f23009e742bd8ea87a17c1ef410d6cceb8607b4290a298f0827d49a63,0.0926323866708762,0.2177573711281654,False,R2_optimization_decay,True
NF-BoT-IoT-v2__binary__sage__seed44,research/artifacts/full_runs_seeds44_55/NF-BoT-IoT-v2__binary__sage__seed44,full_runs_seeds44_55,NF-BoT-IoT-v2,binary,sage,44,5,12910,12910,6455,1614,2,1500,4096,15-10,128,0.2,0.001,True,full,10,1,6455,1,86530,488.8829255249875,480.872351359998,48687972,1007508992,0.0,0.6606486066734363,0.991520360541852,0.987904923340392,0.8165163430658092,0.9970470955965254,0.9967292267679584,271f25ea5d1e08a706c2adf40fb42fe194e8e26782957fcc599bfc8682e00bee,0.1282821175945072,0.348431815587465,False,R2_optimization_decay,True
NF-BoT-IoT-v2__binary__sage__seed55,research/artifacts/full_runs_seeds44_55/NF-BoT-IoT-v2__binary__sage__seed55,full_runs_seeds44_55,NF-BoT-IoT-v2,binary,sage,55,5,12910,12910,6455,1614,2,1500,4096,15-10,128,0.2,0.001,True,full,10,2,12910,2,86530,489.5541652490065,481.5173486940039,48687972,1008507392,0.0,0.7339892806801325,0.995312277924696,0.9944093267733276,0.7940549748050012,0.99698050639477,0.996918009296844,3ae2ff7b70f4a6c9a837c499997226f40da611416ca5a1a42c99b0052478a2cd,0.1214619281888708,0.0,True,R1_still_rising,True
NF-BoT-IoT-v2__binary__sage_edge__seed11,research/artifacts/full_runs/NF-BoT-IoT-v2__binary__sage_edge__seed11,full_runs,NF-BoT-IoT-v2,binary,sage_edge,11,5,12910,12910,6455,1614,2,1500,4096,15-10,128,0.2,0.001,True,full,10,2,8069,2,86608,547.7488684459968,540.8194366839889,49270036,956203520,0.0,0.9062883981917204,0.9985193325771442,0.9983711190295766,0.9141107296601588,0.9986438764595356,0.9985211372842449,292391f27305f9a404862a5bbbf56dd8751de82f06661249f29992b8a5b9d175,0.0461833121629066,0.0904613005211802,False,R2_optimization_decay,False
NF-BoT-IoT-v2__binary__sage_edge__seed22,research/artifacts/full_runs/NF-BoT-IoT-v2__binary__sage_edge__seed22,full_runs,NF-BoT-IoT-v2,binary,sage_edge,22,5,12910,12910,6455,1614,2,1500,4096,15-10,128,0.2,0.001,True,full,10,2,9683,2,86608,546.2589060489845,539.3168536339945,49270036,956256768,0.0,0.865117688409152,0.9977359976801426,0.9973904013581776,0.8796774998148921,0.9980047919931084,0.9977377891485948,2d11691edd935bef76031540f673fdc49c323b18f35c82d74f6c3f68d1da8aa9,0.0185402615236975,0.0472929132382763,False,R2_optimization_decay,False
NF-BoT-IoT-v2__binary__sage_edge__seed33,research/artifacts/full_runs/NF-BoT-IoT-v2__binary__sage_edge__seed33,full_runs,NF-BoT-IoT-v2,binary,sage_edge,33,5,12910,12910,6455,1614,2,1500,4096,15-10,128,0.2,0.001,True,full,10,2,8069,2,86608,542.8990269679925,535.9072828289936,49270036,956170240,0.0,0.8565881488003031,0.9975587477917112,0.9971574014794432,0.8602013556583109,0.9976103836317536,0.9972290699128606,c29c0ade1b33d781812f849c7dba71b7540e45bb94e24e326594687a1a13eae3,0.0249985119864342,0.0281124074803224,False,R2_optimization_decay,False
NF-BoT-IoT-v2__binary__sage_edge__seed44,research/artifacts/full_runs_seeds44_55/NF-BoT-IoT-v2__binary__sage_edge__seed44,full_runs_seeds44_55,NF-BoT-IoT-v2,binary,sage_edge,44,5,12910,12910,6455,1614,2,1500,4096,15-10,128,0.2,0.001,True,full,10,2,11297,2,86608,487.4039137890068,478.97115784400376,48687972,1008485376,0.0,0.8443846888941919,0.997296644627548,0.9968071073435736,0.8518249352994234,0.9974321431211698,0.9969931248714954,8cdfee0e7201cfdaf817df7daa8a43e143c31c05abb598fe33222e985792adeb,0.0271540586494232,0.0671615166422361,False,R2_optimization_decay,False
NF-BoT-IoT-v2__binary__sage_edge__seed55,research/artifacts/full_runs_seeds44_55/NF-BoT-IoT-v2__binary__sage_edge__seed55,full_runs_seeds44_55,NF-BoT-IoT-v2,binary,sage_edge,55,5,12910,12910,6455,1614,2,1500,4096,15-10,128,0.2,0.001,True,full,10,2,9683,2,86608,494.1978066029988,485.78096662199823,48687972,1008511488,0.0,0.8941714272646177,0.9982990313346488,0.9981029043964428,0.9031692544950826,0.9984475710890306,0.99828572215875,f7d870c01ff726bd88047f1dae51e722edd8edb06f5a73bde7505eec8c83629a,0.0261972108308895,0.0613912079135969,False,R2_optimization_decay,False
NF-BoT-IoT-v2__multiclass__edge_mlp__seed11,research/artifacts/full_runs/NF-BoT-IoT-v2__multiclass__edge_mlp__seed11,full_runs,NF-BoT-IoT-v2,multiclass,edge_mlp,11,5,12910,12910,6455,1614,2,1500,4096,15-10,128,0.2,0.001,True,full,10,2,8069,2,5765,353.38721621999866,353.07472599699395,49270036,145966592,0.0,0.8185771801426591,0.9840648277223992,0.9838517845407758,0.8153373064709225,0.984063838992292,0.9838422027118976,9368d1b944fc50fdb908271948a0146055206933c5050665a6874b0b8a02f82e,0.0121897255917358,0.0310334298494064,False,R2_optimization_decay,False
NF-BoT-IoT-v2__multiclass__edge_mlp__seed22,research/artifacts/full_runs/NF-BoT-IoT-v2__multiclass__edge_mlp__seed22,full_runs,NF-BoT-IoT-v2,multiclass,edge_mlp,22,5,12910,12910,6455,1614,2,1500,4096,15-10,128,0.2,0.001,True,full,10,2,12910,2,5765,350.071104549992,349.7559105200053,49270036,144995840,0.0,0.8198327154093391,0.9841360354890624,0.9839224788221644,0.8161605201784929,0.9841474863269172,0.9839240747138984,d4829d25ca0415cf66b759e2b8e5dd55156e45d084b1ad7a0a3d08ece33dc401,0.0125778873649507,0.0,True,R1_still_rising,False
NF-BoT-IoT-v2__multiclass__edge_mlp__seed33,research/artifacts/full_runs/NF-BoT-IoT-v2__multiclass__edge_mlp__seed33,full_runs,NF-BoT-IoT-v2,multiclass,edge_mlp,33,5,12910,12910,6455,1614,2,1500,4096,15-10,128,0.2,0.001,True,full,10,2,12910,2,5765,341.35860026898445,341.0443132169894,49270036,144995840,0.0,0.8158115573959914,0.9842455960777794,0.9840289174031316,0.8125684883571003,0.984250088696771,0.9840230365027248,2d6168d35880e903e1120f67986e60c6c33b8c3307f4d4fde7318d749a9e8384,0.0086297742496283,0.0,True,R1_still_rising,False
NF-BoT-IoT-v2__multiclass__edge_mlp__seed44,research/artifacts/full_runs_seeds44_55/NF-BoT-IoT-v2__multiclass__edge_mlp__seed44,full_runs_seeds44_55,NF-BoT-IoT-v2,multiclass,edge_mlp,44,5,12910,12910,6455,1614,2,1500,4096,15-10,128,0.2,0.001,True,full,10,2,8069,2,5765,286.48342200598563,284.6131675919896,48687972,145966592,0.0,0.821088370949966,0.9840525925381148,0.9838501959052388,0.8182954522254837,0.9840568319887554,0.9838477668285384,510116b59e1af115e075d6c3ed4a64c389b5e13f6ca4de3bd45ce853048a4e5e,0.0115750162803351,0.0285184371548298,False,R2_optimization_decay,False
NF-BoT-IoT-v2__multiclass__edge_mlp__seed55,research/artifacts/full_runs_seeds44_55/NF-BoT-IoT-v2__multiclass__edge_mlp__seed55,full_runs_seeds44_55,NF-BoT-IoT-v2,multiclass,edge_mlp,55,5,12910,12910,6455,1614,2,1500,4096,15-10,128,0.2,0.001,True,full,10,2,9683,2,5765,299.12879030100885,297.23193000399624,48687972,144995840,0.0,0.8266851395357542,0.9843192424127704,0.984138268482583,0.8221448180803549,0.9843191452895736,0.9841282248030304,945863abffc955058d92a83a70b7491460365276d09fa5fdb6f5d237c447d6ee,0.0136714026072763,0.0240212456562484,False,R2_optimization_decay,False
NF-BoT-IoT-v2__multiclass__sage__seed11,research/artifacts/full_runs/NF-BoT-IoT-v2__multiclass__sage__seed11,full_runs,NF-BoT-IoT-v2,multiclass,sage,11,5,12910,12910,6455,1614,2,1500,4096,15-10,128,0.2,0.001,True,full,10,1,6455,1,87301,544.7905988970015,537.9606023750093,49270036,955271680,0.0,0.4864656936502494,0.6037110173843185,0.6114120692878094,0.5460217199523473,0.6087096524670114,0.6245864006630307,5e70c4debff8caa9d333854818a138957ba2ad596d16e137e9890a1f6fc74fcc,0.0563523175724316,0.1259348531397899,False,R2_optimization_decay,True
NF-BoT-IoT-v2__multiclass__sage__seed22,research/artifacts/full_runs/NF-BoT-IoT-v2__multiclass__sage__seed22,full_runs,NF-BoT-IoT-v2,multiclass,sage,22,5,12910,12910,6455,1614,2,1500,4096,15-10,128,0.2,0.001,True,full,10,1,6455,1,87301,547.7591443500132,540.916061669006,49270036,956301824,0.0,0.5107592567250459,0.621641191818206,0.6327019036619638,0.5803320674403691,0.6242641082230344,0.6338486676855183,91b12b1fc4651ac4d4d5746067bbb7225ad558b5d8eb78dd675a2133e530e630,0.0281041783021178,0.0631397839524202,False,R2_optimization_decay,False
NF-BoT-IoT-v2__multiclass__sage__seed33,research/artifacts/full_runs/NF-BoT-IoT-v2__multiclass__sage__seed33,full_runs,NF-BoT-IoT-v2,multiclass,sage,33,5,12910,12910,6455,1614,2,1500,4096,15-10,128,0.2,0.001,True,full,10,1,6455,1,87301,547.2742219240026,540.4319813199982,49270036,956215296,0.0,0.5481801458517169,0.6179082102746407,0.6221615716477275,0.5831319040794781,0.6177231213896066,0.6288441422039837,55975cf71ce32d810a9f19f85a4c26c0c90ca80de01a323b856ff4707bcda64e,0.0898517080287353,0.2529619869321221,False,R2_optimization_decay,True
NF-BoT-IoT-v2__multiclass__sage__seed44,research/artifacts/full_runs_seeds44_55/NF-BoT-IoT-v2__multiclass__sage__seed44,full_runs_seeds44_55,NF-BoT-IoT-v2,multiclass,sage,44,5,12910,12910,6455,1614,2,1500,4096,15-10,128,0.2,0.001,True,full,10,2,12910,2,87301,491.6388695780042,482.65194062500086,48687972,1007553536,0.0,0.5023499888379569,0.5858783565519818,0.60050317382903,0.5822348368886925,0.5754161689408681,0.5973854215904683,11ada0cc799d59d5e6d033f4a11302acc7e947cc4792ef4c13b0699e83750ff1,0.0921027093250977,0.0,True,R1_still_rising,True
NF-BoT-IoT-v2__multiclass__sage__seed55,research/artifacts/full_runs_seeds44_55/NF-BoT-IoT-v2__multiclass__sage__seed55,full_runs_seeds44_55,NF-BoT-IoT-v2,multiclass,sage,55,5,12910,12910,6455,1614,2,1500,4096,15-10,128,0.2,0.001,True,full,10,2,8069,2,87301,490.7283074080042,481.9730918709975,48687972,1008556544,0.0,0.4335913242441174,0.5639153848302695,0.5568011340739553,0.4640455284751897,0.578854088228591,0.5883527406188993,dbde84dc536bdb55c226fd8ed2f949f6be447c507482a6b7fb72fe65b8d85be5,0.0478677427855435,0.1257131641058586,False,R2_optimization_decay,True
NF-BoT-IoT-v2__multiclass__sage_edge__seed11,research/artifacts/full_runs/NF-BoT-IoT-v2__multiclass__sage_edge__seed11,full_runs,NF-BoT-IoT-v2,multiclass,sage_edge,11,5,12910,12910,6455,1614,2,1500,4096,15-10,128,0.2,0.001,True,full,10,1,6455,1,87496,543.7198096300126,536.6835198960034,49270036,956255232,0.0,0.8304956507234641,0.977858922716614,0.977204933454705,0.8292557030333787,0.9774832076959756,0.976767295924099,5b5b9664afcc9c96100a6c23e50cc4a1a70cad03c7e789a8938be6483f8fa590,0.025539509713031,0.0682130757575185,False,R2_optimization_decay,False
NF-BoT-IoT-v2__multiclass__sage_edge__seed22,research/artifacts/full_runs/NF-BoT-IoT-v2__multiclass__sage_edge__seed22,full_runs,NF-BoT-IoT-v2,multiclass,sage_edge,22,5,12910,12910,6455,1614,2,1500,4096,15-10,128,0.2,0.001,True,full,10,2,12910,2,87496,544.3618208460102,537.3108824120136,49270036,956310016,0.0,0.8136795038234931,0.9793936835004448,0.9788526132789808,0.8140736789703809,0.9792469328192558,0.9786728733946198,1c0cd96e7ebeeddf4f4a9038e33a5e76eded0baffc46987b35eabd813d75d5b5,0.0217545380652412,0.0,True,R1_still_rising,False
NF-BoT-IoT-v2__multiclass__sage_edge__seed33,research/artifacts/full_runs/NF-BoT-IoT-v2__multiclass__sage_edge__seed33,full_runs,NF-BoT-IoT-v2,multiclass,sage_edge,33,5,12910,12910,6455,1614,2,1500,4096,15-10,128,0.2,0.001,True,full,10,2,11297,2,87496,545.7964923249965,538.7378725750023,49270036,956223488,0.0,0.8098174042543839,0.9783267639264877,0.9776722570751208,0.808100650391939,0.97799508532854,0.9772839638978916,d94b08236bd1408c7ae3a8e53ec9d9b86ccceacc0d9d51dc4fa7dc4799c76dfc,0.0170279926982585,0.001859639256054,False,R3_plateau,False
NF-BoT-IoT-v2__multiclass__sage_edge__seed44,research/artifacts/full_runs_seeds44_55/NF-BoT-IoT-v2__multiclass__sage_edge__seed44,full_runs_seeds44_55,NF-BoT-IoT-v2,multiclass,sage_edge,44,5,12910,12910,6455,1614,2,1500,4096,15-10,128,0.2,0.001,True,full,10,2,8069,2,87496,492.7775244059885,483.6024739639979,48687972,1008537088,0.0,0.8352665831555985,0.9784406683319994,0.977849654710066,0.8347633503903239,0.9779269274181194,0.977261442473393,d2500fc65711a1c7b7754ab452d629d07cb5d67b56b091a962bf2b1ee1832122,0.0089902003350239,0.0229078887711191,False,R2_optimization_decay,False
NF-BoT-IoT-v2__multiclass__sage_edge__seed55,research/artifacts/full_runs_seeds44_55/NF-BoT-IoT-v2__multiclass__sage_edge__seed55,full_runs_seeds44_55,NF-BoT-IoT-v2,multiclass,sage_edge,55,5,12910,12910,6455,1614,2,1500,4096,15-10,128,0.2,0.001,True,full,10,2,9683,2,87496,493.0202861669968,483.887208893997,48687972,1008564736,0.0,0.839718334295626,0.9784649593432722,0.9778795740126762,0.8437005261236763,0.9781542336060688,0.977517259359904,322f841a3808be9b9ba93c090b60f451e4fb4274c363e7b3e17bfeb9dee2cd5f,0.0207521890992762,0.0440811957003952,False,R2_optimization_decay,False
NF-CSE-CIC-IDS2018-v2__binary__edge_mlp__seed11,research/artifacts/full_runs/NF-CSE-CIC-IDS2018-v2__binary__edge_mlp__seed11,full_runs,NF-CSE-CIC-IDS2018-v2,binary,edge_mlp,11,5,6460,6460,3230,808,2,1500,4096,15-10,128,0.2,0.001,True,full,10,2,5654,2,5378,161.43712861600216,161.34299062000355,49270036,145976320,0.0,0.984428981171994,0.993495345746998,0.9935320251130808,0.9844039510064364,0.9934571985730658,0.9934949647825834,39eefd36481619e6a6dcbe4a62bc324533a1ee39847408a1636fa59e5649cc6e,0.0013841054707161,0.0001082842200055,False,R3_plateau,False
NF-CSE-CIC-IDS2018-v2__binary__edge_mlp__seed22,research/artifacts/full_runs/NF-CSE-CIC-IDS2018-v2__binary__edge_mlp__seed22,full_runs,NF-CSE-CIC-IDS2018-v2,binary,edge_mlp,22,5,6460,6460,3230,808,2,1500,4096,15-10,128,0.2,0.001,True,full,10,2,5654,2,5378,147.26720065801055,147.17194572801236,49270036,144982528,0.0,0.9827485900018282,0.9927968719788896,0.9928410338585716,0.9825313539424302,0.9926743646606204,0.9927194407548328,9c6be98970304a41be3bb2ee478ee2d3dd774fecc9be7d30aab7f7ac9cb96352,0.0005958512592047,0.0004302131891887,False,R3_plateau,False
NF-CSE-CIC-IDS2018-v2__binary__edge_mlp__seed33,research/artifacts/full_runs/NF-CSE-CIC-IDS2018-v2__binary__edge_mlp__seed33,full_runs,NF-CSE-CIC-IDS2018-v2,binary,edge_mlp,33,5,6460,6460,3230,808,2,1500,4096,15-10,128,0.2,0.001,True,full,10,2,6460,2,5378,180.79884879701424,180.7018749010167,49270036,144982528,0.0,0.9833781578532044,0.9930631615851696,0.993109163900582,0.9832737122180928,0.9929897172035343,0.993036953151046,db7ef7242b5c5679568898e2c3b6ef76fbceebc92a4fc101eeb9e60bdd5db1c1,0.000866597979695,0.0,True,R1_still_rising,False
NF-CSE-CIC-IDS2018-v2__binary__edge_mlp__seed44,research/artifacts/full_runs_seeds44_55/NF-CSE-CIC-IDS2018-v2__binary__edge_mlp__seed44,full_runs_seeds44_55,NF-CSE-CIC-IDS2018-v2,binary,edge_mlp,44,5,6460,6460,3230,808,2,1500,4096,15-10,128,0.2,0.001,True,full,10,2,6460,2,5378,136.638035942,136.06291621900164,48687972,145976320,0.0,0.9838161002178916,0.9932486656204186,0.9932962190484668,0.9837051061191666,0.9931730592588426,0.9932216395281764,e5f9ec5906f1a287662ddb493e3e933646b5bb02b9b80822f7e59da921183fd3,0.00116812213257,0.0,True,R1_still_rising,False
NF-CSE-CIC-IDS2018-v2__binary__edge_mlp__seed55,research/artifacts/full_runs_seeds44_55/NF-CSE-CIC-IDS2018-v2__binary__edge_mlp__seed55,full_runs_seeds44_55,NF-CSE-CIC-IDS2018-v2,binary,edge_mlp,55,5,6460,6460,3230,808,2,1500,4096,15-10,128,0.2,0.001,True,full,10,2,6460,2,5378,129.64769708500535,129.11658111900033,48687972,144982528,0.0,0.9846870433632064,0.9936043909540554,0.9936417146757216,0.98464296270835,0.9935585523378891,0.9935968333430352,e54899643fef979080a6e3fb64a903782c6fdb50f5ad46e4196ea6ead197cab7,0.0014710717288484,0.0,True,R1_still_rising,False
NF-CSE-CIC-IDS2018-v2__binary__sage__seed11,research/artifacts/full_runs/NF-CSE-CIC-IDS2018-v2__binary__sage__seed11,full_runs,NF-CSE-CIC-IDS2018-v2,binary,sage,11,5,6460,6460,3230,808,2,1500,4096,15-10,128,0.2,0.001,True,full,10,2,5654,2,86530,246.3984093850013,242.5383119730104,49270036,8276669952,0.0,0.9856033262324568,0.9939841866933442,0.99401635487276,0.9841308874605672,0.9933292547811102,0.9933542009535956,5239201018b0e6d11bb51d9cf1b2f3a5ac5c84b603c427ada39a19d1f0b40648,0.0005468386166458,0.0009671090199447,False,R3_plateau,False
NF-CSE-CIC-IDS2018-v2__binary__sage__seed22,research/artifacts/full_runs/NF-CSE-CIC-IDS2018-v2__binary__sage__seed22,full_runs,NF-CSE-CIC-IDS2018-v2,binary,sage,22,5,6460,6460,3230,808,2,1500,4096,15-10,128,0.2,0.001,True,full,10,2,5654,2,86530,243.62831680302045,239.77010596901528,49270036,8276669952,0.0,0.9866072440541788,0.994412542920204,0.9944514038144412,0.9862021744967135,0.9942170292054676,0.9942559361588408,6cb0c4f8d56d31709ff92c9157367c25a77b020e02436bc42b02183dc6549ea2,0.0125762623230644,0.0021929267036719,False,R3_plateau,False
NF-CSE-CIC-IDS2018-v2__binary__sage__seed33,research/artifacts/full_runs/NF-CSE-CIC-IDS2018-v2__binary__sage__seed33,full_runs,NF-CSE-CIC-IDS2018-v2,binary,sage,33,5,6460,6460,3230,808,2,1500,4096,15-10,128,0.2,0.001,True,full,10,2,4038,2,86530,247.09893482999175,243.25581823999528,49270036,8276669952,0.0,0.984966468789506,0.9937174134119708,0.9937503444358248,0.9832715174355848,0.9929661857169416,0.9929906492599316,f2d4c10b91f061dbdefefc9667c881f2e0617d874c79eea041ac29eb16d0508e,0.0219449922228916,0.050663539301342,False,R2_optimization_decay,False
NF-CSE-CIC-IDS2018-v2__binary__sage__seed44,research/artifacts/full_runs_seeds44_55/NF-CSE-CIC-IDS2018-v2__binary__sage__seed44,full_runs_seeds44_55,NF-CSE-CIC-IDS2018-v2,binary,sage,44,5,6460,6460,3230,808,2,1500,4096,15-10,128,0.2,0.001,True,full,10,2,4846,2,86530,212.24593303599977,207.7246025200002,48687972,8546754560,0.0,0.9869038764768464,0.9945405362684056,0.9945828193291026,0.9867215055760008,0.9944394177246116,0.9944816345538156,bb21dae80a3db95c3bb3ecb23d29ba50d11b0206b1852e2241c764fbb51f4913,0.0398288750444646,0.0928286568613859,False,R2_optimization_decay,False
NF-CSE-CIC-IDS2018-v2__binary__sage__seed55,research/artifacts/full_runs_seeds44_55/NF-CSE-CIC-IDS2018-v2__binary__sage__seed55,full_runs_seeds44_55,NF-CSE-CIC-IDS2018-v2,binary,sage,55,5,6460,6460,3230,808,2,1500,4096,15-10,128,0.2,0.001,True,full,10,2,5654,2,86530,213.17586309899343,208.6451233359985,48687972,8546754560,0.0,0.985968279401288,0.994139523286783,0.9941737355495924,0.98448510142479,0.993481498185194,0.993509252840413,c364634c04b554c3ddf73709b68987721e1c7a2291e29f590e8ae1a9468f9868,0.0167693429118108,0.0005064429529632,False,R3_plateau,False
NF-CSE-CIC-IDS2018-v2__binary__sage_edge__seed11,research/artifacts/full_runs/NF-CSE-CIC-IDS2018-v2__binary__sage_edge__seed11,full_runs,NF-CSE-CIC-IDS2018-v2,binary,sage_edge,11,5,6460,6460,3230,808,2,1500,4096,15-10,128,0.2,0.001,True,full,10,2,4038,2,86608,238.80992960798903,234.8339911539806,49270036,8276671488,0.0,0.9852995444415776,0.993858375124396,0.993892357975862,0.9835283862413072,0.993077123757704,0.9931041599415776,b27a8e4537ab110c232c550582673ae7a4798e5ec8e7a730921a9ceff1557ea0,0.0211502416793812,0.0466165121505323,False,R2_optimization_decay,False
NF-CSE-CIC-IDS2018-v2__binary__sage_edge__seed22,research/artifacts/full_runs/NF-CSE-CIC-IDS2018-v2__binary__sage_edge__seed22,full_runs,NF-CSE-CIC-IDS2018-v2,binary,sage_edge,22,5,6460,6460,3230,808,2,1500,4096,15-10,128,0.2,0.001,True,full,10,2,5654,2,86608,245.56320411499476,241.59652220399585,49270036,8276671488,0.0,0.9864165072135858,0.9943303638776828,0.9943671495127028,0.9860663299426472,0.994156634774313,0.9941924336795982,caa9ba4cd3c406ab241437b2111be92bdd6564db1462c2d7b82c200df025ff57,0.0016254189583329,0.0012381820509368,False,R3_plateau,False
NF-CSE-CIC-IDS2018-v2__binary__sage_edge__seed33,research/artifacts/full_runs/NF-CSE-CIC-IDS2018-v2__binary__sage_edge__seed33,full_runs,NF-CSE-CIC-IDS2018-v2,binary,sage_edge,33,5,6460,6460,3230,808,2,1500,4096,15-10,128,0.2,0.001,True,full,10,2,4038,2,86608,245.749530658999,241.77895359700776,49270036,8276671488,0.0,0.9865239198099708,0.99437887308961,0.9944190798370448,0.9866166659264782,0.994394154795012,0.9944353306627012,02748eda54f31e1f65ed08b5c60546b5d05ccd7b54bde9e390f8037e9260d24c,0.0019581650931248,0.0046076339420172,False,R3_plateau,False
NF-CSE-CIC-IDS2018-v2__binary__sage_edge__seed44,research/artifacts/full_runs_seeds44_55/NF-CSE-CIC-IDS2018-v2__binary__sage_edge__seed44,full_runs_seeds44_55,NF-CSE-CIC-IDS2018-v2,binary,sage_edge,44,5,6460,6460,3230,808,2,1500,4096,15-10,128,0.2,0.001,True,full,10,2,4038,2,86608,213.73683789801728,209.005939501003,48687972,8546756096,0.0,0.9871413415944084,0.9946462805588676,0.9946946284968184,0.9867597945392296,0.994465032724578,0.9945168255110628,4486e7f61cb8302deff19af3b62fa199542a3c27d21cd2103311ac12dc249bc5,0.0011944615403185,0.0024388169473239,False,R3_plateau,False
NF-CSE-CIC-IDS2018-v2__binary__sage_edge__seed55,research/artifacts/full_runs_seeds44_55/NF-CSE-CIC-IDS2018-v2__binary__sage_edge__seed55,full_runs_seeds44_55,NF-CSE-CIC-IDS2018-v2,binary,sage_edge,55,5,6460,6460,3230,808,2,1500,4096,15-10,128,0.2,0.001,True,full,10,2,5654,2,86608,214.8999450790143,210.17336638001143,48687972,8546756096,0.0,0.9871252588418268,0.9946273390436052,0.9946633643219596,0.9869296969953084,0.9945217315750428,0.994558366716234,bcdfae47acea120ce740c9a83c5d1853735c053ebba0592e8d6e1d42dd61b976,0.0011300299530239,0.0029326998243012,False,R3_plateau,False
NF-CSE-CIC-IDS2018-v2__multiclass__edge_mlp__seed11,research/artifacts/full_runs/NF-CSE-CIC-IDS2018-v2__multiclass__edge_mlp__seed11,full_runs,NF-CSE-CIC-IDS2018-v2,multiclass,edge_mlp,11,5,6460,6460,3230,808,2,1500,4096,15-10,128,0.2,0.001,True,full,10,2,6460,2,6023,173.80199448598432,173.62301301999833,49270036,145972224,0.0,0.6649950190732093,0.749057675256641,0.6173847888661385,0.6641719497456074,0.7483531058533318,0.6167924368547222,77319db039bb1ed4e57f8a038fdd82e00e567cecfcbc2a3dc556af77f81c9416,0.008405283198399,0.0,True,R1_still_rising,False
NF-CSE-CIC-IDS2018-v2__multiclass__edge_mlp__seed22,research/artifacts/full_runs/NF-CSE-CIC-IDS2018-v2__multiclass__edge_mlp__seed22,full_runs,NF-CSE-CIC-IDS2018-v2,multiclass,edge_mlp,22,5,6460,6460,3230,808,2,1500,4096,15-10,128,0.2,0.001,True,full,10,2,4846,2,6023,167.71747487099492,167.5388999519928,49270036,145004544,0.0,0.6639169988002462,0.783633601121286,0.6615658370532402,0.6628518504381145,0.7828426857293804,0.6608303478348301,a2d24eb9adb713458019856c7883091781def70d5b2fca4df4c83339382ad654,0.0162969788528789,0.0419415053346531,False,R2_optimization_decay,False
NF-CSE-CIC-IDS2018-v2__multiclass__edge_mlp__seed33,research/artifacts/full_runs/NF-CSE-CIC-IDS2018-v2__multiclass__edge_mlp__seed33,full_runs,NF-CSE-CIC-IDS2018-v2,multiclass,edge_mlp,33,5,6460,6460,3230,808,2,1500,4096,15-10,128,0.2,0.001,True,full,10,2,6460,2,6023,168.82554843199614,168.64642512099817,49270036,145004544,0.0,0.6556452789850546,0.706503269757028,0.5661836086700326,0.655030146889587,0.705977403658219,0.5658168800173573,4d44db0404cecce9afb8c5f0279c6994515b73cbf07a8043d94993f679fc4034,0.008072326800393,0.0,True,R1_still_rising,False
NF-CSE-CIC-IDS2018-v2__multiclass__edge_mlp__seed44,research/artifacts/full_runs_seeds44_55/NF-CSE-CIC-IDS2018-v2__multiclass__edge_mlp__seed44,full_runs_seeds44_55,NF-CSE-CIC-IDS2018-v2,multiclass,edge_mlp,44,5,6460,6460,3230,808,2,1500,4096,15-10,128,0.2,0.001,True,full,10,2,6460,2,6023,149.36548097099876,148.22310766800365,48687972,145972224,0.0,0.6971221147063144,0.9350196385164936,0.8905298164845926,0.696762054230666,0.934888298458426,0.8905693526451428,4f00c9ee722fe02f533a322b73983b579aae7eec2111d914d71099b6c4b60b91,0.0208270126993045,0.0,True,R1_still_rising,False
NF-CSE-CIC-IDS2018-v2__multiclass__edge_mlp__seed55,research/artifacts/full_runs_seeds44_55/NF-CSE-CIC-IDS2018-v2__multiclass__edge_mlp__seed55,full_runs_seeds44_55,NF-CSE-CIC-IDS2018-v2,multiclass,edge_mlp,55,5,6460,6460,3230,808,2,1500,4096,15-10,128,0.2,0.001,True,full,10,2,6460,2,6023,124.6228627509845,123.47421497298636,48687972,145004544,0.0,0.6649201477672484,0.7471749845744677,0.6149419440169908,0.6642274105726355,0.746438504397881,0.6142846181119654,9889ba44a4fa2281cebe185d5e2ccfdfc1f08f06df3bb3eb0b960670e77c603a,0.0071787505307284,0.0,True,R1_still_rising,False
NF-CSE-CIC-IDS2018-v2__multiclass__sage__seed11,research/artifacts/full_runs/NF-CSE-CIC-IDS2018-v2__multiclass__sage__seed11,full_runs,NF-CSE-CIC-IDS2018-v2,multiclass,sage,11,5,6460,6460,3230,808,2,1500,4096,15-10,128,0.2,0.001,True,full,10,2,4846,2,87815,237.63458145300683,233.710443132004,49270036,8276685312,0.0,0.7088436178063474,0.9549720739494428,0.9251837697600184,0.7095115370197543,0.9494783635159154,0.9151490456106556,f7455ef1296d5a9ab6340c718d7b53c5a264161b57e86ed7893f4890fb9fb697,0.0270718101029705,0.0690391022133486,False,R2_optimization_decay,False
NF-CSE-CIC-IDS2018-v2__multiclass__sage__seed22,research/artifacts/full_runs/NF-CSE-CIC-IDS2018-v2__multiclass__sage__seed22,full_runs,NF-CSE-CIC-IDS2018-v2,multiclass,sage,22,5,6460,6460,3230,808,2,1500,4096,15-10,128,0.2,0.001,True,full,10,1,3230,1,87815,236.3790240560047,232.44979133599557,49270036,8276685312,0.0,0.6505469241988538,0.9410122258527313,0.9181959617284108,0.6694298334484755,0.946214147754439,0.9192190253427812,12cf29b22131c5d4472c47790c31ebad0e957c62563b8a96726533e5306012e9,0.0270773520483193,0.0716605238947569,False,R2_optimization_decay,False
NF-CSE-CIC-IDS2018-v2__multiclass__sage__seed33,research/artifacts/full_runs/NF-CSE-CIC-IDS2018-v2__multiclass__sage__seed33,full_runs,NF-CSE-CIC-IDS2018-v2,multiclass,sage,33,5,6460,6460,3230,808,2,1500,4096,15-10,128,0.2,0.001,True,full,10,2,4846,2,87815,246.8042131690163,242.8745700980071,49270036,8276685312,0.0,0.709240219826709,0.9728215168582144,0.9648389312103368,0.7174524446806031,0.974718424630136,0.9652773735374586,07e7591a418edbb32f91a7c836e2f13cc87e48faed29dd2890a1b8a5ddf1957b,0.0896179572851301,0.2437389469834436,False,R2_optimization_decay,True
NF-CSE-CIC-IDS2018-v2__multiclass__sage__seed44,research/artifacts/full_runs_seeds44_55/NF-CSE-CIC-IDS2018-v2__multiclass__sage__seed44,full_runs_seeds44_55,NF-CSE-CIC-IDS2018-v2,multiclass,sage,44,5,6460,6460,3230,808,2,1500,4096,15-10,128,0.2,0.001,True,full,10,1,3230,1,87815,217.45181908500672,212.32034026000477,48687972,8546769920,0.0,0.6534211199315569,0.945144430544104,0.9232337330908506,0.6683013681070599,0.9500977803222568,0.925744434272288,3537843243e8a0472f0a28249a6646c486429b354d2874b41b392486a4355607,0.0283934771225677,0.0747215720947219,False,R2_optimization_decay,False
NF-CSE-CIC-IDS2018-v2__multiclass__sage__seed55,research/artifacts/full_runs_seeds44_55/NF-CSE-CIC-IDS2018-v2__multiclass__sage__seed55,full_runs_seeds44_55,NF-CSE-CIC-IDS2018-v2,multiclass,sage,55,5,6460,6460,3230,808,2,1500,4096,15-10,128,0.2,0.001,True,full,10,2,6460,2,87815,216.56526810699145,211.4500038989936,48687972,8546769920,0.0,0.7000755946536193,0.9079936724632838,0.8441184138571302,0.6984658485324922,0.9094793928249104,0.8462914552122306,366863da5e6f8548b3822706282318b4c74149047a9946e30eec93af1048565f,0.0289546576485292,0.0,True,R1_still_rising,False
NF-CSE-CIC-IDS2018-v2__multiclass__sage_edge__seed11,research/artifacts/full_runs/NF-CSE-CIC-IDS2018-v2__multiclass__sage_edge__seed11,full_runs,NF-CSE-CIC-IDS2018-v2,multiclass,sage_edge,11,5,6460,6460,3230,808,2,1500,4096,15-10,128,0.2,0.001,True,full,10,1,3230,1,88088,246.56205922302613,242.53421341002104,49270036,8276689920,0.0,0.676188535698735,0.9543228093717708,0.9324121529676592,0.6903675247476819,0.9584589545741726,0.9357209383549684,eeb2f44d8660ce60bdb5b6807363457965405a82cb74ab068c417b8a5cc762a3,0.028323883716346,0.0774608922204693,False,R2_optimization_decay,False
NF-CSE-CIC-IDS2018-v2__multiclass__sage_edge__seed22,research/artifacts/full_runs/NF-CSE-CIC-IDS2018-v2__multiclass__sage_edge__seed22,full_runs,NF-CSE-CIC-IDS2018-v2,multiclass,sage_edge,22,5,6460,6460,3230,808,2,1500,4096,15-10,128,0.2,0.001,True,full,10,2,4038,2,88088,245.4087666080304,241.35894357602228,49270036,8276689920,0.0,0.671185277553932,0.8809626773969699,0.801475669053342,0.692849579881291,0.8939123690065712,0.8204835184606999,4e1639130d715497cd9cf4c2287b51454e7d42b5fec25a242115fc8e7be55ad5,0.0556468949631384,0.1399508962591732,False,R2_optimization_decay,True
NF-CSE-CIC-IDS2018-v2__multiclass__sage_edge__seed33,research/artifacts/full_runs/NF-CSE-CIC-IDS2018-v2__multiclass__sage_edge__seed33,full_runs,NF-CSE-CIC-IDS2018-v2,multiclass,sage_edge,33,5,6460,6460,3230,808,2,1500,4096,15-10,128,0.2,0.001,True,full,10,2,4038,2,88088,246.6428210909944,242.59034533100203,49270036,8276689920,0.0,0.6596420840020497,0.9518014691255569,0.9337098811749396,0.6780101331533006,0.9571393343890132,0.93731273383465,b18a65f31d2894bfa09999160c5d61d03d472fe0b16b93f0c300d997d0c2e698,0.0277555385972665,0.0658801238312412,False,R2_optimization_decay,False
NF-CSE-CIC-IDS2018-v2__multiclass__sage_edge__seed44,research/artifacts/full_runs_seeds44_55/NF-CSE-CIC-IDS2018-v2__multiclass__sage_edge__seed44,full_runs_seeds44_55,NF-CSE-CIC-IDS2018-v2,multiclass,sage_edge,44,5,6460,6460,3230,808,2,1500,4096,15-10,128,0.2,0.001,True,full,10,2,4038,2,88088,216.0475972689892,210.7357754859986,48687972,8546774528,0.0,0.6728568081884959,0.9539900178106387,0.940567863395692,0.6905212669881983,0.961810383243854,0.9476607274208996,81fbb459132948f011422598e03a82d825029d97a03a274dfe22a685b3f6af63,0.0271047602223013,0.0706103497140715,False,R2_optimization_decay,False
NF-CSE-CIC-IDS2018-v2__multiclass__sage_edge__seed55,research/artifacts/full_runs_seeds44_55/NF-CSE-CIC-IDS2018-v2__multiclass__sage_edge__seed55,full_runs_seeds44_55,NF-CSE-CIC-IDS2018-v2,multiclass,sage_edge,55,5,6460,6460,3230,808,2,1500,4096,15-10,128,0.2,0.001,True,full,10,2,4038,2,88088,218.01419619201624,212.641942169008,48687972,8546774528,0.0,0.7018118668025635,0.8062359078087539,0.6901752065555146,0.6950352601313866,0.8189590012553898,0.7078155676327863,ac695c2e9b11f68806d65eef562014a77939922c10e4ddbc15dc0834ad37041f,0.0469950522419249,0.1053090458515964,False,R2_optimization_decay,True
NF-ToN-IoT-v2__binary__edge_mlp__seed11,research/artifacts/full_runs/NF-ToN-IoT-v2__binary__edge_mlp__seed11,full_runs,NF-ToN-IoT-v2,binary,edge_mlp,11,5,5792,5792,2896,724,2,1500,4096,15-10,128,0.2,0.001,True,full,10,2,5068,2,5378,136.3095948190021,136.22391598799732,49270036,145987072,0.0,0.9706936980200532,0.9729726392508384,0.9729465347820568,0.97048323389998,0.9727689101609422,0.9727427019286664,a34a037000482d319bb1dbe74c48a90db3dc678236fd6ea726564464eb419a1b,0.0011878820641027,0.000477889204042,False,R3_plateau,False
NF-ToN-IoT-v2__binary__edge_mlp__seed22,research/artifacts/full_runs/NF-ToN-IoT-v2__binary__edge_mlp__seed22,full_runs,NF-ToN-IoT-v2,binary,edge_mlp,22,5,5792,5792,2896,724,2,1500,4096,15-10,128,0.2,0.001,True,full,10,2,5068,2,5378,144.39037794499018,144.3031724219909,49270036,144982528,0.0,0.9706215352771376,0.9729051443972688,0.9728780539640652,0.9704566973324018,0.9727423305200958,0.9727140507663152,b7a6f8ff545cc1da0f0f2235e08dc0ba8c446286a5e71cfa2c471acd1ccd5bd7,0.0010733047505821,2.6518935777208877e-05,False,R3_plateau,False
NF-ToN-IoT-v2__binary__edge_mlp__seed33,research/artifacts/full_runs/NF-ToN-IoT-v2__binary__edge_mlp__seed33,full_runs,NF-ToN-IoT-v2,binary,edge_mlp,33,5,5792,5792,2896,724,2,1500,4096,15-10,128,0.2,0.001,True,full,10,2,5792,2,5378,160.31643824801722,160.22921082400717,49270036,144982528,0.0,0.971621032460084,0.973830229773131,0.9738072678219852,0.9714916740505246,0.9737013836554756,0.9736781476107884,b674880c793cce6198b0f181413b7b1b402982d1dabb2a4408f41e1c585caccd,0.0014221036488596,0.0,True,R1_still_rising,False
NF-ToN-IoT-v2__binary__edge_mlp__seed44,research/artifacts/full_runs_seeds44_55/NF-ToN-IoT-v2__binary__edge_mlp__seed44,full_runs_seeds44_55,NF-ToN-IoT-v2,binary,edge_mlp,44,5,5792,5792,2896,724,2,1500,4096,15-10,128,0.2,0.001,True,full,10,2,5792,2,5378,130.3792004499992,129.8895366450015,48687972,145987072,0.0,0.9711977013000376,0.973433234023368,0.9734034671365868,0.970967299305336,0.9732104989406576,0.973179853684126,07269ca02af58555f19c38c72da4d96127a0d6fa54272f7d4f44140a64c26dfc,0.0014666655940936,0.0,True,R1_still_rising,False
NF-ToN-IoT-v2__binary__edge_mlp__seed55,research/artifacts/full_runs_seeds44_55/NF-ToN-IoT-v2__binary__edge_mlp__seed55,full_runs_seeds44_55,NF-ToN-IoT-v2,binary,edge_mlp,55,5,5792,5792,2896,724,2,1500,4096,15-10,128,0.2,0.001,True,full,10,2,5792,2,5378,125.94453155600058,125.44231497499275,48687972,144982528,0.0,0.9703264393918596,0.9726229487684216,0.9725858297838428,0.9701849798453426,0.9724824384062424,0.9724449661384612,6634e16337c4d3b0a56b6d7585d1a2eddaa9b70eec671b1d4dc2285a0c87f8f9,0.0010952423397109,0.0,True,R1_still_rising,False
NF-ToN-IoT-v2__binary__sage__seed11,research/artifacts/full_runs/NF-ToN-IoT-v2__binary__sage__seed11,full_runs,NF-ToN-IoT-v2,binary,sage,11,5,5792,5792,2896,724,2,1500,4096,15-10,128,0.2,0.001,True,full,10,2,5792,2,86530,449.5911602880078,447.8272706819989,49270036,3005487616,0.0,0.9716494634597744,0.9737580762329496,0.9736431499995571,0.9751644202000472,0.9770232967270924,0.97694054027231,1b5cce3ca800a56c21d1865e689d3df6df1cd417d2a953a0caf5f36b3a01ba90,0.0122370348934383,0.0,True,R1_still_rising,False
NF-ToN-IoT-v2__binary__sage__seed22,research/artifacts/full_runs/NF-ToN-IoT-v2__binary__sage__seed22,full_runs,NF-ToN-IoT-v2,binary,sage,22,5,5792,5792,2896,724,2,1500,4096,15-10,128,0.2,0.001,True,full,10,2,5068,2,86530,447.31989569401776,445.5655734320171,49270036,2982640128,0.0,0.9747133471050806,0.9766210592603612,0.9765429584303724,0.9768085377809812,0.9785641558271873,0.9785051300349248,acf7ca7aecf7bae39a509ce374007985a04c6c6434b74cc59329f2699c16a3c6,0.0009024431295319,0.0009856981164477,False,R3_plateau,False
NF-ToN-IoT-v2__binary__sage__seed33,research/artifacts/full_runs/NF-ToN-IoT-v2__binary__sage__seed33,full_runs,NF-ToN-IoT-v2,binary,sage,33,5,5792,5792,2896,724,2,1500,4096,15-10,128,0.2,0.001,True,full,10,2,5068,2,86530,477.9371305490058,476.1761349349981,49270036,2999260672,0.0,0.9744103779094586,0.9763344940918738,0.9762495535463912,0.9783291501621136,0.9799703442009702,0.9799158305647055,2c3d900c26c8337a28c891cc5b39688050021b621d15f543153162d76698d059,0.0056893052809613,0.0029655521928296,False,R3_plateau,False
NF-ToN-IoT-v2__binary__sage__seed44,research/artifacts/full_runs_seeds44_55/NF-ToN-IoT-v2__binary__sage__seed44,full_runs_seeds44_55,NF-ToN-IoT-v2,binary,sage,44,5,5792,5792,2896,724,2,1500,4096,15-10,128,0.2,0.001,True,full,10,2,5068,2,86530,419.13567578600487,416.7616140269965,48687972,2989626368,0.0,0.9766041241319712,0.978374395955472,0.9783069298455344,0.979227078391556,0.9808056981901756,0.9807585291851963,c2a9fa4a66bd33994976a356b54a54a453cd9008fc4026451bf66ddfb501a54e,0.0041759931212114,0.0076204930337175,False,R2_optimization_decay,False
NF-ToN-IoT-v2__binary__sage__seed55,research/artifacts/full_runs_seeds44_55/NF-ToN-IoT-v2__binary__sage__seed55,full_runs_seeds44_55,NF-ToN-IoT-v2,binary,sage,55,5,5792,5792,2896,724,2,1500,4096,15-10,128,0.2,0.001,True,full,10,2,4344,2,86530,418.55972164400737,416.2220784069941,48687972,2981273600,0.0,0.9748114989772004,0.976709887730326,0.9766303305084996,0.9779953867819318,0.9796640315036648,0.979610710454307,403550e0ed08bed82f778d7d11d7b9ec47d58f43f5be4e6e37657c72a334bbbe,0.0029260217363699,0.0016214683100752,False,R3_plateau,False
NF-ToN-IoT-v2__binary__sage_edge__seed11,research/artifacts/full_runs/NF-ToN-IoT-v2__binary__sage_edge__seed11,full_runs,NF-ToN-IoT-v2,binary,sage_edge,11,5,5792,5792,2896,724,2,1500,4096,15-10,128,0.2,0.001,True,full,10,2,5068,2,86608,440.1533018310147,438.3170928260079,49270036,3006462976,0.0,0.9781105025328524,0.9797612764456148,0.9796930760579844,0.9807889586117744,0.9822467533726514,0.9822011299782132,7ae12896efce81a9e9e4500b4004fb1237d03f832872fbaa4810a517fe745250,0.0386034178469119,0.0888763145419014,False,R2_optimization_decay,False
NF-ToN-IoT-v2__binary__sage_edge__seed22,research/artifacts/full_runs/NF-ToN-IoT-v2__binary__sage_edge__seed22,full_runs,NF-ToN-IoT-v2,binary,sage_edge,22,5,5792,5792,2896,724,2,1500,4096,15-10,128,0.2,0.001,True,full,10,2,3620,2,86608,442.0354213249957,440.1753904639918,49270036,2982643200,0.0,0.9780386712075156,0.9797061783090802,0.9796482093151624,0.9802958913035172,0.9817974299996942,0.98175659390256,039c7407bb30fe4a4889182f52f298b4f32b9b05a78f8fbc5b66c1c2451e6cae,0.0015406923965355,0.0035839391654612,False,R3_plateau,False
NF-ToN-IoT-v2__binary__sage_edge__seed33,research/artifacts/full_runs/NF-ToN-IoT-v2__binary__sage_edge__seed33,full_runs,NF-ToN-IoT-v2,binary,sage_edge,33,5,5792,5792,2896,724,2,1500,4096,15-10,128,0.2,0.001,True,full,10,2,5068,2,86608,438.06053217501903,436.2018540470162,49270036,2999264256,0.0,0.9774028187594496,0.9791103704784976,0.9790430986389438,0.9808232001859234,0.9822824455594976,0.9822407099344508,e486286e7f99eb6d6a45a58b006b27d44a8befbaba44115f79a9d1878f3149ba,0.0031351770281566,0.0041998248081815,False,R3_plateau,False
NF-ToN-IoT-v2__binary__sage_edge__seed44,research/artifacts/full_runs_seeds44_55/NF-ToN-IoT-v2__binary__sage_edge__seed44,full_runs_seeds44_55,NF-ToN-IoT-v2,binary,sage_edge,44,5,5792,5792,2896,724,2,1500,4096,15-10,128,0.2,0.001,True,full,10,1,2896,1,86608,419.6603296690009,417.1216635289893,48687972,2990601728,0.0,0.9770317060930314,0.978787160187384,0.9787372963654988,0.9793147676815586,0.980903533375964,0.9808725430889852,1bcca9a30fd64af4bf153befdadc50f03c3d8f788e5f2657ab70d67c70bad17c,0.0021254850898472,0.0051642430655721,False,R2_optimization_decay,False
NF-ToN-IoT-v2__binary__sage_edge__seed55,research/artifacts/full_runs_seeds44_55/NF-ToN-IoT-v2__binary__sage_edge__seed55,full_runs_seeds44_55,NF-ToN-IoT-v2,binary,sage_edge,55,5,5792,5792,2896,724,2,1500,4096,15-10,128,0.2,0.001,True,full,10,2,4344,2,86608,422.43319804900966,419.9049938300013,48687972,2981276672,0.0,0.9759907559807764,0.977793071930134,0.9777106744475044,0.9798853018251604,0.981411590774119,0.981363748068262,b0ac1a6b0db923a914af4d6e45baf4fc9f163eca82c1575f470442e9ccc6603a,0.0028146922896969,0.006659168418977,False,R2_optimization_decay,False
NF-ToN-IoT-v2__multiclass__edge_mlp__seed11,research/artifacts/full_runs/NF-ToN-IoT-v2__multiclass__edge_mlp__seed11,full_runs,NF-ToN-IoT-v2,multiclass,edge_mlp,11,5,5792,5792,2896,724,2,1500,4096,15-10,128,0.2,0.001,True,full,10,2,5068,2,6410,155.07901767399744,154.9297975419904,49270036,145980416,0.0,0.7030873689438664,0.8966155744949572,0.8883390745053589,0.7028906824878318,0.8963471630484571,0.8880534104925873,d43a5078d6156d1557621f3acb79b51ffc907a73ba670fc1fccaeeadcbe99c81,0.022183529200242,0.0039400253512521,False,R3_plateau,False
NF-ToN-IoT-v2__multiclass__edge_mlp__seed22,research/artifacts/full_runs/NF-ToN-IoT-v2__multiclass__edge_mlp__seed22,full_runs,NF-ToN-IoT-v2,multiclass,edge_mlp,22,5,5792,5792,2896,724,2,1500,4096,15-10,128,0.2,0.001,True,full,10,2,5792,2,6410,156.06381216101,155.9135855580098,49270036,145017344,0.0,0.7064831015671257,0.8997551984276072,0.8899277114123874,0.7060229786531921,0.8995202516294368,0.8896688043781339,f1c65d9919d4b89af3f7f31de7f4112aaa223eabeea237ce93fbaf1406c2a3f1,0.0249313856277378,0.0,True,R1_still_rising,False
NF-ToN-IoT-v2__multiclass__edge_mlp__seed33,research/artifacts/full_runs/NF-ToN-IoT-v2__multiclass__edge_mlp__seed33,full_runs,NF-ToN-IoT-v2,multiclass,edge_mlp,33,5,5792,5792,2896,724,2,1500,4096,15-10,128,0.2,0.001,True,full,10,2,5068,2,6410,159.9959718760074,159.84563086100388,49270036,145017344,0.0,0.7041858025603963,0.8973714115616768,0.8871749005995023,0.7037734963151843,0.8973009614607328,0.8870597763673398,4de99f65aff663c974f1759ac0ebdf1a2ddc0a0857e86134261e7e758c7cc59c,0.0205664131213501,0.014741238791143,False,R2_optimization_decay,False
NF-ToN-IoT-v2__multiclass__edge_mlp__seed44,research/artifacts/full_runs_seeds44_55/NF-ToN-IoT-v2__multiclass__edge_mlp__seed44,full_runs_seeds44_55,NF-ToN-IoT-v2,multiclass,edge_mlp,44,5,5792,5792,2896,724,2,1500,4096,15-10,128,0.2,0.001,True,full,10,2,5068,2,6410,128.26222738499928,127.457927645999,48687972,145980416,0.0,0.6993181029763387,0.8955629362316417,0.8841824069236468,0.6984167383139394,0.895443762869533,0.8840197994300486,3c177a31e39aa5822f2fd2ad7ffc1ad3529a49e86534901726a6aec60f5e8321,0.0237452062800196,0.0015963492694818,False,R3_plateau,False
NF-ToN-IoT-v2__multiclass__edge_mlp__seed55,research/artifacts/full_runs_seeds44_55/NF-ToN-IoT-v2__multiclass__edge_mlp__seed55,full_runs_seeds44_55,NF-ToN-IoT-v2,multiclass,edge_mlp,55,5,5792,5792,2896,724,2,1500,4096,15-10,128,0.2,0.001,True,full,10,2,5792,2,6410,118.26141481701052,117.4667046789982,48687972,145017344,0.0,0.7098454336980876,0.8981640718785836,0.8871589610987629,0.7088146818652058,0.8980025468871125,0.8869611218495537,d76a6a0ee1591c6654110775542d7c19ca54d3609e84d3af933527a6a4986382,0.0217581357698974,0.0,True,R1_still_rising,False
NF-ToN-IoT-v2__multiclass__sage__seed11,research/artifacts/full_runs/NF-ToN-IoT-v2__multiclass__sage__seed11,full_runs,NF-ToN-IoT-v2,multiclass,sage,11,5,5792,5792,2896,724,2,1500,4096,15-10,128,0.2,0.001,True,full,10,2,5792,2,88586,440.03261885898246,438.21303324998007,49270036,3005590016,0.0,0.7200741631764073,0.8983511272312121,0.8843719098768821,0.7458433248374747,0.9094541318598088,0.8985751806500092,82c7354747cc4a4480a015c4b66a0f6633d0ace06ba78e6dd404c3abb1cbef20,0.0210079099237761,0.0,True,R1_still_rising,False
NF-ToN-IoT-v2__multiclass__sage__seed22,research/artifacts/full_runs/NF-ToN-IoT-v2__multiclass__sage__seed22,full_runs,NF-ToN-IoT-v2,multiclass,sage,22,5,5792,5792,2896,724,2,1500,4096,15-10,128,0.2,0.001,True,full,10,2,5068,2,88586,440.352154881999,438.5343802740099,49270036,2982754816,0.0,0.7042118763532185,0.8940382641829338,0.8814307768145203,0.7442382687066547,0.9054309619610365,0.8953644782298426,06b9ec099bf3b6f7cde9d8c64c03f1e727249bbb929b5c444c3af1a2883ca394,0.00820508702419,0.0050664854959103,False,R2_optimization_decay,False
NF-ToN-IoT-v2__multiclass__sage__seed33,research/artifacts/full_runs/NF-ToN-IoT-v2__multiclass__sage__seed33,full_runs,NF-ToN-IoT-v2,multiclass,sage,33,5,5792,5792,2896,724,2,1500,4096,15-10,128,0.2,0.001,True,full,10,1,2896,1,88586,440.53361348497856,438.7179974459869,49270036,2999383552,0.0,0.7159484822794016,0.9050018389252592,0.8948016565273731,0.7558920678348146,0.9153064925954828,0.9089244530877092,0b60f026fe2457809e0cbb44cd5d0eeb2ff1ba8ae2d7ffb5f0bc277ae2b19c64,0.0285615432922526,0.070350857410549,False,R2_optimization_decay,False
NF-ToN-IoT-v2__multiclass__sage__seed44,research/artifacts/full_runs_seeds44_55/NF-ToN-IoT-v2__multiclass__sage__seed44,full_runs_seeds44_55,NF-ToN-IoT-v2,multiclass,sage,44,5,5792,5792,2896,724,2,1500,4096,15-10,128,0.2,0.001,True,full,10,2,5068,2,88586,420.8993778439908,418.3010490829911,48687972,2989728768,0.0,0.7242575682686833,0.9063798478016396,0.8943825066931145,0.7483822716788928,0.9160118120260498,0.9070414514383476,d5dde5724387b41122e75fa3091ed724193e9253f7ceb9071e2518d9593ad969,0.0325190850564159,0.0856421274214783,False,R2_optimization_decay,False
NF-ToN-IoT-v2__multiclass__sage__seed55,research/artifacts/full_runs_seeds44_55/NF-ToN-IoT-v2__multiclass__sage__seed55,full_runs_seeds44_55,NF-ToN-IoT-v2,multiclass,sage,55,5,5792,5792,2896,724,2,1500,4096,15-10,128,0.2,0.001,True,full,10,2,5792,2,88586,420.6251264090097,418.0030081029981,48687972,2981388288,0.0,0.7235089090929363,0.9066183506604976,0.8943771935262013,0.7525540513549941,0.917978648828482,0.9087253718152905,9658ba39b73a3b6797bb38f1d2b3d9230ffdfb18ca486264499e5686252f9dc9,0.0197507744474126,0.0,True,R1_still_rising,False
NF-ToN-IoT-v2__multiclass__sage_edge__seed11,research/artifacts/full_runs/NF-ToN-IoT-v2__multiclass__sage_edge__seed11,full_runs,NF-ToN-IoT-v2,multiclass,sage_edge,11,5,5792,5792,2896,724,2,1500,4096,15-10,128,0.2,0.001,True,full,10,2,5792,2,88976,446.0521113410068,444.1319303860073,49270036,3006582272,0.0,0.7480050590117935,0.9157287319582856,0.9039963870464992,0.7710589042735061,0.9259325440914724,0.917787704929654,5c913a87f84cb27b51decebc3537e741c6c9ae064eb64eecb38bbb8bf472e3fe,0.023311840548425,0.0,True,R1_still_rising,False
NF-ToN-IoT-v2__multiclass__sage_edge__seed22,research/artifacts/full_runs/NF-ToN-IoT-v2__multiclass__sage_edge__seed22,full_runs,NF-ToN-IoT-v2,multiclass,sage_edge,22,5,5792,5792,2896,724,2,1500,4096,15-10,128,0.2,0.001,True,full,10,1,2896,1,88976,526.2471189280186,524.3259486760071,49270036,2982767104,0.0,0.7365555605213991,0.9128454245682404,0.9026238189272716,0.7660968022583213,0.9218972515316038,0.9144488107109268,530f22475b0ceb82880a1d05f70f3c1fcba407924532e0d0015b17d86a749854,0.0161803453607824,0.0340695862749512,False,R2_optimization_decay,False
NF-ToN-IoT-v2__multiclass__sage_edge__seed33,research/artifacts/full_runs/NF-ToN-IoT-v2__multiclass__sage_edge__seed33,full_runs,NF-ToN-IoT-v2,multiclass,sage_edge,33,5,5792,5792,2896,724,2,1500,4096,15-10,128,0.2,0.001,True,full,10,2,5792,2,88976,454.8433701979957,452.9255802409898,49270036,2999397888,0.0,0.7379396457093866,0.9187116649687722,0.907625870400052,0.7711401870646353,0.9279003632516964,0.9196512119737048,5316a85d1d3c5e286f2813bfc399c2a1a67ae8668c3fdb3e35829524a60f1545,0.012261331485345,0.0,True,R1_still_rising,False
NF-ToN-IoT-v2__multiclass__sage_edge__seed44,research/artifacts/full_runs_seeds44_55/NF-ToN-IoT-v2__multiclass__sage_edge__seed44,full_runs_seeds44_55,NF-ToN-IoT-v2,multiclass,sage_edge,44,5,5792,5792,2896,724,2,1500,4096,15-10,128,0.2,0.001,True,full,10,2,3620,2,88976,421.5398975770077,418.7138658550102,48687972,2990721024,0.0,0.7321279325854522,0.9135137124343212,0.9078572883367132,0.7613885428889857,0.9231870748401084,0.9185007348875456,ecba503a6bf8fb0cff6cf3dc4de101e3b3f83608321ee1277b136fcad8690a23,0.0247566363997941,0.063120895879817,False,R2_optimization_decay,False
NF-ToN-IoT-v2__multiclass__sage_edge__seed55,research/artifacts/full_runs_seeds44_55/NF-ToN-IoT-v2__multiclass__sage_edge__seed55,full_runs_seeds44_55,NF-ToN-IoT-v2,multiclass,sage_edge,55,5,5792,5792,2896,724,2,1500,4096,15-10,128,0.2,0.001,True,full,10,2,5792,2,88976,420.4162953159976,417.6026947380015,48687972,2981400576,0.0,0.7313176190897271,0.9193788452704412,0.9079777201200776,0.7593672963624869,0.9300112418729476,0.9217581062113356,1e69d797438ee0469cc473bf9571d233ea325ac821ce1b8563ab69d961bdd76e,0.02237597538294,0.0,True,R1_still_rising,False
NF-UNSW-NB15-v2__binary__edge_mlp__seed11,research/artifacts/full_runs/NF-UNSW-NB15-v2__binary__edge_mlp__seed11,full_runs,NF-UNSW-NB15-v2,binary,edge_mlp,11,4,1500,1500,409,500,2,1500,4096,15-10,128,0.2,0.001,True,full,10,4,1500,4,5378,36.4176585469977,36.40344599800301,4749572,145986048,0.0,0.9665701341970436,0.9946676503037696,0.994501680854978,0.964574404764032,0.994451334833589,0.9942678663701576,4c7a6469aa6599be4e804069bd8502122919a88ef4a3c9ab3c02f2cfa2375b24,0.0045862537154516,0.0,True,R1_still_rising,False
NF-UNSW-NB15-v2__binary__edge_mlp__seed22,research/artifacts/full_runs/NF-UNSW-NB15-v2__binary__edge_mlp__seed22,full_runs,NF-UNSW-NB15-v2,binary,edge_mlp,22,4,1500,1500,409,500,2,1500,4096,15-10,128,0.2,0.001,True,full,10,4,1500,4,5378,37.58094872499351,37.56698798100115,4749572,144981504,0.0,0.9670479429069888,0.9947463986676596,0.994585305480758,0.9647332984154544,0.9944769697423632,0.994295062624606,2e59404dec04febc1b6270a4dd9dbe35e8a157d1d2d6b4b407301d540fc12074,0.0049779928293128,0.0,True,R1_still_rising,False
NF-UNSW-NB15-v2__binary__edge_mlp__seed33,research/artifacts/full_runs/NF-UNSW-NB15-v2__binary__edge_mlp__seed33,full_runs,NF-UNSW-NB15-v2,binary,edge_mlp,33,4,1500,1500,409,500,2,1500,4096,15-10,128,0.2,0.001,True,full,10,4,1500,4,5378,35.911990660009906,35.89440299299895,4749572,144981504,0.0,0.9660963581800972,0.9945892113230624,0.9944180562291984,0.9640084878874552,0.9943592973359154,0.9941695414502298,f6bafe1931d88f0b99151a277708a5225d5a1cf30c86b90f0758479ce501fde3,0.0046050647381731,0.0,True,R1_still_rising,False
NF-UNSW-NB15-v2__binary__edge_mlp__seed44,research/artifacts/full_runs_seeds44_55/NF-UNSW-NB15-v2__binary__edge_mlp__seed44,full_runs_seeds44_55,NF-UNSW-NB15-v2,binary,edge_mlp,44,4,1500,1500,409,500,2,1500,4096,15-10,128,0.2,0.001,True,full,10,4,1500,4,5378,26.87355825099803,26.804090238001663,4725280,145986048,0.0,0.9666895033439488,0.994687331041035,0.9945225870114232,0.964609002686853,0.9944570948781004,0.9942741424288766,214d053956aaf3bb5a8475bfd56a08e71e2d26849fac0e00085f645f7f1d3702,0.0048619302240951,0.0,True,R1_still_rising,False
NF-UNSW-NB15-v2__binary__edge_mlp__seed55,research/artifacts/full_runs_seeds44_55/NF-UNSW-NB15-v2__binary__edge_mlp__seed55,full_runs_seeds44_55,NF-UNSW-NB15-v2,binary,edge_mlp,55,4,1500,1500,409,500,2,1500,4096,15-10,128,0.2,0.001,True,full,10,4,1500,4,5378,28.176533919002395,28.081153118997463,4725280,144981504,0.0,0.9666178752191908,0.9946755220908498,0.994510043317556,0.964450163839372,0.9944314640816866,0.9942469461744284,e81605545d0c36db0bc947b6dba089d6212a5033ca389cdb3400f88db98832f9,0.0049541560763911,0.0,True,R1_still_rising,False
NF-UNSW-NB15-v2__binary__sage__seed11,research/artifacts/full_runs/NF-UNSW-NB15-v2__binary__sage__seed11,full_runs,NF-UNSW-NB15-v2,binary,sage,11,4,1500,1500,409,500,2,1500,4096,15-10,128,0.2,0.001,True,full,10,4,1500,4,86530,38.3382745290146,38.1822256790183,4884196,1237106176,0.0,0.9731629239896888,0.9957458769534918,0.9956389757655836,0.970195179992587,0.9953561781715964,0.995226011334562,703c974073d25568169cde43d6897bc429ee755cb17ce077977709872e4e4902,0.0021464414052488,0.0,True,R1_still_rising,False
NF-UNSW-NB15-v2__binary__sage__seed22,research/artifacts/full_runs/NF-UNSW-NB15-v2__binary__sage__seed22,full_runs,NF-UNSW-NB15-v2,binary,sage,22,4,1500,1500,409,500,2,1500,4096,15-10,128,0.2,0.001,True,full,10,4,1500,4,86530,38.65174964199832,38.49602718799724,4884196,1237106176,0.0,0.9724491706084516,0.9956300870821072,0.9955177200582028,0.9698975729031958,0.9953085324283644,0.9951758028648116,10a52b8ff664786e1705db3e5186e17fd96b9ca089d828a6ee593311faddef17,0.0014295423948412,0.0,True,R1_still_rising,False
NF-UNSW-NB15-v2__binary__sage__seed33,research/artifacts/full_runs/NF-UNSW-NB15-v2__binary__sage__seed33,full_runs,NF-UNSW-NB15-v2,binary,sage,33,4,1500,1500,409,500,2,1500,4096,15-10,128,0.2,0.001,True,full,10,3,909,3,86530,39.84000037898659,39.68385472599766,4884196,1237106176,0.0,0.9723977698073482,0.9956219342594994,0.9955093575956248,0.9698453570712846,0.9953003945834872,0.9951674347865198,74292bef81be8c18be4151c3ec3402746298e4ec122c506cd2927db8c00b0dd5,0.003459780863338,0.0077431386026173,False,R2_optimization_decay,False
NF-UNSW-NB15-v2__binary__sage__seed44,research/artifacts/full_runs_seeds44_55/NF-UNSW-NB15-v2__binary__sage__seed44,full_runs_seeds44_55,NF-UNSW-NB15-v2,binary,sage,44,4,1500,1500,409,500,2,1500,4096,15-10,128,0.2,0.001,True,full,10,4,1409,4,86530,34.13481506500102,33.88209913599712,4725280,1283817984,0.0,0.9727473207891724,0.9956782157203762,0.9955678948336706,0.9693727536445118,0.99522485053842,0.9950879380427484,051e95d7f7446ed2d68eb1b03e8df76f2d391f0b40bf7047d186016a94f53446,0.0031934830945264,0.0073453907973587,False,R2_optimization_decay,False
NF-UNSW-NB15-v2__binary__sage__seed55,research/artifacts/full_runs_seeds44_55/NF-UNSW-NB15-v2__binary__sage__seed55,full_runs_seeds44_55,NF-UNSW-NB15-v2,binary,sage,55,4,1500,1500,409,500,2,1500,4096,15-10,128,0.2,0.001,True,full,10,4,1409,4,86530,34.28975324500061,34.037620746996254,4725280,1283817984,0.0,0.9742738300946366,0.995927908547709,0.995831312404877,0.9719161115455346,0.9956329720807676,0.995518894074773,77c0232f1957cd98ceef3bb4d4478d0f9879b2239b0dd5fffa44a5e38b44823a,0.0022546886893185,0.0013554589246572,False,R3_plateau,False
NF-UNSW-NB15-v2__binary__sage_edge__seed11,research/artifacts/full_runs/NF-UNSW-NB15-v2__binary__sage_edge__seed11,full_runs,NF-UNSW-NB15-v2,binary,sage_edge,11,4,1500,1500,409,500,2,1500,4096,15-10,128,0.2,0.001,True,full,10,4,1500,4,86608,39.90488470498531,39.73143568099477,4884196,1237107712,0.0,0.9732827694321692,0.9957655934796747,0.9956598819220284,0.9705535012957712,0.9954136530824024,0.9952866799021772,a95d50538c99f9f0412887e02596736c6f87a642ac8513d1a03a2107e1c596b5,0.0012420681164838,0.0,True,R1_still_rising,False
NF-UNSW-NB15-v2__binary__sage_edge__seed22,research/artifacts/full_runs/NF-UNSW-NB15-v2__binary__sage_edge__seed22,full_runs,NF-UNSW-NB15-v2,binary,sage_edge,22,4,1500,1500,409,500,2,1500,4096,15-10,128,0.2,0.001,True,full,10,4,1409,4,86608,39.20704011198541,39.02757742497488,4884196,1237107712,0.0,0.9726200587349014,0.9956579289833164,0.9955469886772256,0.9697873585824286,0.9952918213020316,0.995159066708228,2b1ed88dd6ea93fbfee097c2658e499382670712f3bf65c7f5e6c81a57b64ce6,0.0014298754670948,0.0009453437506178,False,R3_plateau,False
NF-UNSW-NB15-v2__binary__sage_edge__seed33,research/artifacts/full_runs/NF-UNSW-NB15-v2__binary__sage_edge__seed33,full_runs,NF-UNSW-NB15-v2,binary,sage_edge,33,4,1500,1500,409,500,2,1500,4096,15-10,128,0.2,0.001,True,full,10,3,909,3,86608,39.57778941500874,39.40280690899817,5122544,1237107712,0.0,0.9725763827635412,0.9956503699866684,0.9955386262146476,0.969797476710352,0.9952925831958764,0.995159066708228,d7610f4c647a6419e2cf348c4b5f787ef5716b45a4014416423c3864be56f47b,0.0046244835007001,0.0101958178121411,False,R2_optimization_decay,False
NF-UNSW-NB15-v2__binary__sage_edge__seed44,research/artifacts/full_runs_seeds44_55/NF-UNSW-NB15-v2__binary__sage_edge__seed44,full_runs_seeds44_55,NF-UNSW-NB15-v2,binary,sage_edge,44,4,1500,1500,409,500,2,1500,4096,15-10,128,0.2,0.001,True,full,10,4,1500,4,86608,34.757237773999805,34.47945941099897,4789344,1283819520,0.0,0.9705283268788728,0.9953164654051134,0.9951874027863724,0.9684878196989022,0.9950825064457696,0.994937312633497,14af5663340e260c52e71da61215d9b97cb88cf9d33dee074d62fa05c82c3c47,0.0012411569073045,0.0,True,R1_still_rising,False
NF-UNSW-NB15-v2__binary__sage_edge__seed55,research/artifacts/full_runs_seeds44_55/NF-UNSW-NB15-v2__binary__sage_edge__seed55,full_runs_seeds44_55,NF-UNSW-NB15-v2,binary,sage_edge,55,4,1500,1500,409,500,2,1500,4096,15-10,128,0.2,0.001,True,full,10,4,1500,4,86608,34.299068371998146,34.02073696900334,5012756,1283819520,0.0,0.9738856451750122,0.9958644563123714,0.9957644127042532,0.9709301139837856,0.9954746080971916,0.9953515325089382,bcbe893b4eb0e83481afb8c410a2a180ddaa758f19b534fe9e323326297d9091,0.0018107446832228,0.0,True,R1_still_rising,False
NF-UNSW-NB15-v2__multiclass__edge_mlp__seed11,research/artifacts/full_runs/NF-UNSW-NB15-v2__multiclass__edge_mlp__seed11,full_runs,NF-UNSW-NB15-v2,multiclass,edge_mlp,11,4,1500,1500,409,500,2,1500,4096,15-10,128,0.2,0.001,True,full,10,4,1500,4,6410,38.17446008900879,37.96407208600431,4342928,144935936,0.0,0.4161089608386635,0.9775901462038664,0.9736164305664732,0.4185652235327144,0.97769405403458,0.9737681665749665,b225b060940329dfebefd90de4492c58ee04ed066d351490a41037476efd5118,0.0177773397173998,0.0,True,R1_still_rising,False
NF-UNSW-NB15-v2__multiclass__edge_mlp__seed22,research/artifacts/full_runs/NF-UNSW-NB15-v2__multiclass__edge_mlp__seed22,full_runs,NF-UNSW-NB15-v2,multiclass,edge_mlp,22,4,1500,1500,409,500,2,1500,4096,15-10,128,0.2,0.001,True,full,10,4,1409,4,6410,35.02744969101332,34.99956356501207,4342928,145014272,0.0,0.4181718862459789,0.9774698733717604,0.9730394206485926,0.4217103174820032,0.9776097679323338,0.9731824010945448,478fc0278469d235eb1b16f6975035b554fba8aa8a934b0cf40c0d6bb85db52e,0.0109016710560562,0.0255933225134112,False,R2_optimization_decay,False
NF-UNSW-NB15-v2__multiclass__edge_mlp__seed33,research/artifacts/full_runs/NF-UNSW-NB15-v2__multiclass__edge_mlp__seed33,full_runs,NF-UNSW-NB15-v2,multiclass,edge_mlp,33,4,1500,1500,409,500,2,1500,4096,15-10,128,0.2,0.001,True,full,10,4,1409,4,6410,36.05564273100754,36.02119789199787,4342928,145014272,0.0,0.3993982918974408,0.9763556397927994,0.9723160676355972,0.4003993113595274,0.9763932923228272,0.9724522862635904,d519beb5f06b74b3444d1feed3befbe5c096d9f62a0d9d48e4fe1212196390a2,0.0217812696176673,0.0040085438372605,False,R3_plateau,False
NF-UNSW-NB15-v2__multiclass__edge_mlp__seed44,research/artifacts/full_runs_seeds44_55/NF-UNSW-NB15-v2__multiclass__edge_mlp__seed44,full_runs_seeds44_55,NF-UNSW-NB15-v2,multiclass,edge_mlp,44,4,1500,1500,409,500,2,1500,4096,15-10,128,0.2,0.001,True,full,10,4,1500,4,6410,29.47906371598947,29.442693218996283,4175568,144935936,0.0,0.4173538796790967,0.9766912173956708,0.9721864494656386,0.4192585212648909,0.9767317075588502,0.9722535444041616,13e7bc8e1143cb31eed53827c06610489bfa1ee13766db07ac57335e6f2f836b,0.0356261334662135,0.0,True,R1_still_rising,False
NF-UNSW-NB15-v2__multiclass__edge_mlp__seed55,research/artifacts/full_runs_seeds44_55/NF-UNSW-NB15-v2__multiclass__edge_mlp__seed55,full_runs_seeds44_55,NF-UNSW-NB15-v2,multiclass,edge_mlp,55,4,1500,1500,409,500,2,1500,4096,15-10,128,0.2,0.001,True,full,10,4,1500,4,6410,25.773070429990184,25.73841186799109,4175568,145014272,0.0,0.4083236242039305,0.9772747719356868,0.9730352394173036,0.4103932237750127,0.9773613301871472,0.9732054133098468,208020b0a35a84530308d2afe691c150b6bf265a40203948f035bf0fd8715342,0.017680937449389,0.0,True,R1_still_rising,False
NF-UNSW-NB15-v2__multiclass__sage__seed11,research/artifacts/full_runs/NF-UNSW-NB15-v2__multiclass__sage__seed11,full_runs,NF-UNSW-NB15-v2,multiclass,sage,11,4,1500,1500,409,500,2,1500,4096,15-10,128,0.2,0.001,True,full,10,4,1500,4,88586,40.6860233409825,40.31245301399031,4342928,1237130752,0.0,0.4873846853603092,0.9834057024762868,0.979537054071683,0.4902880166070944,0.9834569243302116,0.9797115941816752,6621184ac2272a4e3ca9c0d7e61e85dea654508e91310bc72fb3057d23a6e348,0.0183858212325767,0.0,True,R1_still_rising,False
NF-UNSW-NB15-v2__multiclass__sage__seed22,research/artifacts/full_runs/NF-UNSW-NB15-v2__multiclass__sage__seed22,full_runs,NF-UNSW-NB15-v2,multiclass,sage,22,4,1500,1500,409,500,2,1500,4096,15-10,128,0.2,0.001,True,full,10,4,1500,4,88586,39.49170007999055,39.32518017798429,4342928,1237130752,0.0,0.4963758822379117,0.9822694244685036,0.9777725744677292,0.4929178186283874,0.9826857112164046,0.9784019899290176,4ab06817bc225a5edac36345c34fb62732e5c94720ab7235e1a7b6254a9637d2,0.0184745830296291,0.0,True,R1_still_rising,False
NF-UNSW-NB15-v2__multiclass__sage__seed33,research/artifacts/full_runs/NF-UNSW-NB15-v2__multiclass__sage__seed33,full_runs,NF-UNSW-NB15-v2,multiclass,sage,33,4,1500,1500,409,500,2,1500,4096,15-10,128,0.2,0.001,True,full,10,4,1500,4,88586,40.6638630739908,40.498591616982594,4342928,1237130752,0.0,0.4804852033467507,0.982905233496467,0.978291047147564,0.477777190190534,0.982916720518034,0.9783664255962778,3aa061907080dadb7673de1b07b916b60d4908a5f467cbd08f7ee9846f4f805b,0.0051673362175116,0.0,True,R1_still_rising,False
NF-UNSW-NB15-v2__multiclass__sage__seed44,research/artifacts/full_runs_seeds44_55/NF-UNSW-NB15-v2__multiclass__sage__seed44,full_runs_seeds44_55,NF-UNSW-NB15-v2,multiclass,sage,44,4,1500,1500,409,500,2,1500,4096,15-10,128,0.2,0.001,True,full,10,4,1409,4,88586,33.19057457600138,32.902716814001906,4175568,1283842560,0.0,0.4899510049310514,0.9834545370576284,0.9798631901122242,0.4942928857892492,0.9834136284559836,0.9798705876692182,685f8fc9456bd01f0cde35d945746b11e0db8dd114516be752536df1c264eb77,0.0197550186445068,0.0141004542947631,False,R2_optimization_decay,False
NF-UNSW-NB15-v2__multiclass__sage__seed55,research/artifacts/full_runs_seeds44_55/NF-UNSW-NB15-v2__multiclass__sage__seed55,full_runs_seeds44_55,NF-UNSW-NB15-v2,multiclass,sage,55,4,1500,1500,409,500,2,1500,4096,15-10,128,0.2,0.001,True,full,10,3,909,3,88586,33.818033432995435,33.52990980100003,4311884,1283842560,0.0,0.4915985574985414,0.9828141930865276,0.9788387884464216,0.4935734687346148,0.9826452744688376,0.9787764614325732,1f0932b1a9d155a36df6a4e0214cedfce60209bbe0734e9c9959b788ef6f7778,0.0098938035915857,0.0131270051810641,False,R2_optimization_decay,False
NF-UNSW-NB15-v2__multiclass__sage_edge__seed11,research/artifacts/full_runs/NF-UNSW-NB15-v2__multiclass__sage_edge__seed11,full_runs,NF-UNSW-NB15-v2,multiclass,sage_edge,11,4,1500,1500,409,500,2,1500,4096,15-10,128,0.2,0.001,True,full,10,4,1500,4,88976,39.16124685101386,38.97948619900853,4342928,1237136896,0.0,0.483262433911773,0.9822018200582768,0.9781028917395594,0.4890161713602793,0.9828340702997832,0.9790651601336382,eb85499eb052c2d61dbe4e98d274828a19a04ff49ed813d5c7f036cac0c05009,0.010620194638079,0.0,True,R1_still_rising,False
NF-UNSW-NB15-v2__multiclass__sage_edge__seed22,research/artifacts/full_runs/NF-UNSW-NB15-v2__multiclass__sage_edge__seed22,full_runs,NF-UNSW-NB15-v2,multiclass,sage_edge,22,4,1500,1500,409,500,2,1500,4096,15-10,128,0.2,0.001,True,full,10,3,909,3,88976,37.50271910200536,37.32144994899864,4450916,1237136896,0.0,0.485934643242181,0.9828725703702452,0.9788596946028668,0.4809957014084395,0.9826493446457396,0.9786446641994784,3715f207cf54231a05e2c16bf2c9154c3b903513574ea648c02bc8983b93eabb,0.0162475450721642,0.0351292543329312,False,R2_optimization_decay,False
NF-UNSW-NB15-v2__multiclass__sage_edge__seed33,research/artifacts/full_runs/NF-UNSW-NB15-v2__multiclass__sage_edge__seed33,full_runs,NF-UNSW-NB15-v2,multiclass,sage_edge,33,4,1500,1500,409,500,2,1500,4096,15-10,128,0.2,0.001,True,full,10,4,1500,4,88976,39.10142311200616,38.92010784900049,4687672,1237136896,0.0,0.4863670387685255,0.9832233356851894,0.9792819989630548,0.4877255890997822,0.9832703626264432,0.9792848221887964,832aa939203034028ca9afb935176a6b442e8705e0bb20e5fad0a13e713041a7,0.0075755198985637,0.0,True,R1_still_rising,False
NF-UNSW-NB15-v2__multiclass__sage_edge__seed44,research/artifacts/full_runs_seeds44_55/NF-UNSW-NB15-v2__multiclass__sage_edge__seed44,full_runs_seeds44_55,NF-UNSW-NB15-v2,multiclass,sage_edge,44,4,1500,1500,409,500,2,1500,4096,15-10,128,0.2,0.001,True,full,10,4,1409,4,88976,33.61422910998226,33.298256212990964,4560340,1283848704,0.0,0.4912140815142933,0.9836465908969456,0.9798548276496464,0.4917086202315349,0.983694866769026,0.9800337651959072,05d987874247abf21bfb0d390a25443ac3a165362677d30fe2d8dab785adacc5,0.0132563221716908,0.0045497009935601,False,R3_plateau,False
NF-UNSW-NB15-v2__multiclass__sage_edge__seed55,research/artifacts/full_runs_seeds44_55/NF-UNSW-NB15-v2__multiclass__sage_edge__seed55,full_runs_seeds44_55,NF-UNSW-NB15-v2,multiclass,sage_edge,55,4,1500,1500,409,500,2,1500,4096,15-10,128,0.2,0.001,True,full,10,3,909,3,88976,93.87085761599884,93.55944370599173,4725280,1283848704,0.0,0.4898554555015965,0.9818352772621952,0.9776638624542155,0.4931773099514078,0.9824749942636712,0.9785923637101548,ea31e323aa115658cd368b2a46eef18d4dc844aad4ac43add5b58719fe717160,0.0126296683346338,0.0091861967031446,False,R2_optimization_decay,False
