n_evals,first_val,last_val,best_val,best_eval_index,best_pass,best_step_x,last_step,evals_from_best_to_end,best_is_first_eval,best_is_last_eval,last_minus_best,last_slope,still_rising_at_boundary,plateau_eval_index,plateau_pass,plateau_within_budget,drop_after_best,val_range,val_std,monotone_nondecreasing,decay_after_best,improved_over_first,regressed_below_first,run_id,dataset,task,model,seed,test_macro_f1,val_macro_f1,best_step_y,steps_per_full_pass,steps_ran,step_budget,min_train_steps,train_passes_configured,classification,effective_passes_run,budget_binding
5,0.8983192716310323,0.9116418681716124,0.9118614056402636,2,2.0,9683.0,12910.0,2,False,False,-0.0002195374686512208,0.027337800569110837,False,4.0,2.0,True,0.027557338037762058,0.027557338037762058,0.012081901504516131,False,True,True,False,NF-BoT-IoT-v2__binary__edge_mlp__seed11,NF-BoT-IoT-v2,binary,edge_mlp,11,0.9126037065615435,0.9118614056402636,9683,6455,12910,12910,1500,2,R2_optimization_decay,2.0,dataset_passes
5,0.8507791179984294,0.913842313482948,0.913842313482948,4,2.0,12910.0,12910.0,0,False,True,0.0,0.007178373681681616,True,4.0,2.0,True,0.0,0.06418497259280687,0.03180541966266211,False,False,True,False,NF-BoT-IoT-v2__binary__edge_mlp__seed22,NF-BoT-IoT-v2,binary,edge_mlp,22,0.91450991146797,0.913842313482948,12910,6455,12910,12910,1500,2,R1_still_rising,2.0,dataset_passes
5,0.8157773511960764,0.8778394263139694,0.9061693181097178,3,2.0,11297.0,12910.0,1,False,False,-0.028329891795748408,-0.028329891795748408,False,,,False,0.028329891795748408,0.09039196691364138,0.04093059788111366,False,True,True,False,NF-BoT-IoT-v2__binary__edge_mlp__seed33,NF-BoT-IoT-v2,binary,edge_mlp,33,0.9071129161266848,0.9061693181097178,11297,6455,12910,12910,1500,2,R2_optimization_decay,2.0,dataset_passes
5,0.853913422812008,0.8385796163477428,0.853913422812008,0,1.0,6455.0,12910.0,4,True,False,-0.015333806464265187,-0.01332349767845209,False,,,False,0.03777245966130627,0.03777245966130627,0.015818388375206553,False,True,False,True,NF-BoT-IoT-v2__binary__edge_mlp__seed44,NF-BoT-IoT-v2,binary,edge_mlp,44,0.8547474167484643,0.853913422812008,6455,6455,12910,12910,1500,2,R2_optimization_decay,2.0,dataset_passes
5,0.816088192682075,0.9117198753257232,0.9117198753257232,4,2.0,12910.0,12910.0,0,False,True,0.0,0.009309034704057972,True,4.0,2.0,True,0.0,0.09563168264364819,0.04127186899447436,False,False,True,False,NF-BoT-IoT-v2__binary__edge_mlp__seed55,NF-BoT-IoT-v2,binary,edge_mlp,55,0.9125564525315926,0.9117198753257232,12910,6455,12910,12910,1500,2,R1_still_rising,2.0,dataset_passes
5,0.6015755736908547,0.1751311330885386,0.6015755736908547,0,1.0,6455.0,12910.0,4,True,False,-0.4264444406023161,-0.29593219080002364,False,,,False,0.4264444406023161,0.4264444406023161,0.1555205442522573,False,True,False,True,NF-BoT-IoT-v2__binary__sage__seed11,NF-BoT-IoT-v2,binary,sage,11,0.8053390989265106,0.6063576788767273,6455,6455,12910,12910,1500,2,R2_optimization_decay,2.0,dataset_passes
5,0.6218045641813608,0.5433407287178824,0.7143082076992645,3,2.0,11297.0,12910.0,1,False,False,-0.1709674789813821,-0.1709674789813821,False,,,False,0.1709674789813821,0.1709674789813821,0.06596506237950452,False,True,False,True,NF-BoT-IoT-v2__binary__sage__seed22,NF-BoT-IoT-v2,binary,sage,22,0.7900265338506275,0.7143391509074837,11297,6455,12910,12910,1500,2,R2_optimization_decay,2.0,dataset_passes
5,0.6463915805748502,0.4286342094466848,0.6463915805748502,0,1.0,6455.0,12910.0,4,True,False,-0.21775737112816546,-0.09508623115894127,False,,,False,0.21775737112816546,0.21775737112816546,0.09263238667087627,False,True,False,True,NF-BoT-IoT-v2__binary__sage__seed33,NF-BoT-IoT-v2,binary,sage,33,0.8155359145883891,0.6564422551416954,6455,6455,12910,12910,1500,2,R2_optimization_decay,2.0,dataset_passes
5,0.6606486066734363,0.5268306797506084,0.6606486066734363,0,1.0,6455.0,12910.0,4,True,False,-0.1338179269228279,0.2146138886646371,False,,,False,0.348431815587465,0.348431815587465,0.12828211759450728,False,True,False,True,NF-BoT-IoT-v2__binary__sage__seed44,NF-BoT-IoT-v2,binary,sage,44,0.8165163430658092,0.6606486066734363,6455,6455,12910,12910,1500,2,R2_optimization_decay,2.0,dataset_passes
5,0.4365024095768058,0.7339892806801325,0.7339892806801325,4,2.0,12910.0,12910.0,0,False,True,0.0,0.23636310797307586,True,4.0,2.0,True,0.0,0.29748687110332667,0.12146192818887082,False,False,True,False,NF-BoT-IoT-v2__binary__sage__seed55,NF-BoT-IoT-v2,binary,sage,55,0.7940549748050012,0.7339892806801325,12910,6455,12910,12910,1500,2,R1_still_rising,2.0,dataset_passes
5,0.7856079052097836,0.8559656732119946,0.9065117674384082,1,2.0,8069.0,12910.0,3,False,False,-0.05054609422641365,-0.005226140940761126,False,,,False,0.09046130052118029,0.12090386222862459,0.04618331216290669,False,True,True,False,NF-BoT-IoT-v2__binary__sage_edge__seed11,NF-BoT-IoT-v2,binary,sage_edge,11,0.9141107296601588,0.9062883981917204,8069,6455,12910,12910,1500,2,R2_optimization_decay,2.0,dataset_passes
5,0.8341726680782147,0.8470216657452165,0.8647843260699796,2,2.0,9683.0,12910.0,2,False,False,-0.017762660324763035,0.0295302529135133,False,,,False,0.047292913238276335,0.047292913238276335,0.01854026152369759,False,True,True,False,NF-BoT-IoT-v2__binary__sage_edge__seed22,NF-BoT-IoT-v2,binary,sage_edge,22,0.8796774998148921,0.865117688409152,9683,6455,12910,12910,1500,2,R2_optimization_decay,2.0,dataset_passes
5,0.7906383122196288,0.8280744648234677,0.8561868723037901,1,2.0,8069.0,12910.0,3,False,False,-0.0281124074803224,-0.011103061841097661,False,,,False,0.0281124074803224,0.06554856008416132,0.024998511986434255,False,True,True,False,NF-BoT-IoT-v2__binary__sage_edge__seed33,NF-BoT-IoT-v2,binary,sage_edge,33,0.8602013556583109,0.8565881488003031,8069,6455,12910,12910,1500,2,R2_optimization_decay,2.0,dataset_passes
5,0.823078584006243,0.7772231722519558,0.8443846888941919,3,2.0,11297.0,12910.0,1,False,False,-0.06716151664223613,-0.06716151664223613,False,,,False,0.06716151664223613,0.06716151664223613,0.02715405864942325,False,True,False,True,NF-BoT-IoT-v2__binary__sage_edge__seed44,NF-BoT-IoT-v2,binary,sage_edge,44,0.8518249352994234,0.8443846888941919,11297,6455,12910,12910,1500,2,R2_optimization_decay,2.0,dataset_passes
5,0.8406808540750849,0.8816958947185909,0.8941714272646177,2,2.0,9683.0,12910.0,2,False,False,-0.012475532546026846,0.04891567536757013,False,,,False,0.06139120791359698,0.06139120791359698,0.0261972108308895,False,True,True,False,NF-BoT-IoT-v2__binary__sage_edge__seed55,NF-BoT-IoT-v2,binary,sage_edge,55,0.9031692544950826,0.8941714272646177,9683,6455,12910,12910,1500,2,R2_optimization_decay,2.0,dataset_passes
5,0.8151372890180502,0.8112846372688317,0.8185771801426591,1,2.0,8069.0,12910.0,3,False,False,-0.007292542873827412,0.02374088697557908,False,,,False,0.03103342984940649,0.03103342984940649,0.012189725591735827,False,True,False,False,NF-BoT-IoT-v2__multiclass__edge_mlp__seed11,NF-BoT-IoT-v2,multiclass,edge_mlp,11,0.8153373064709225,0.8185771801426591,8069,6455,12910,12910,1500,2,R2_optimization_decay,2.0,dataset_passes
5,0.8110505361777361,0.8198327154093391,0.8198327154093391,4,2.0,12910.0,12910.0,0,False,True,0.0,0.006710024652306967,True,4.0,2.0,True,0.0,0.033192928897978646,0.0125778873649507,False,False,True,False,NF-BoT-IoT-v2__multiclass__edge_mlp__seed22,NF-BoT-IoT-v2,multiclass,edge_mlp,22,0.8161605201784929,0.8198327154093391,12910,6455,12910,12910,1500,2,R1_still_rising,2.0,dataset_passes
5,0.8082347350753281,0.8158115573959914,0.8158115573959914,4,2.0,12910.0,12910.0,0,False,True,0.0,0.02212181911573996,True,4.0,2.0,True,0.0,0.02212181911573996,0.008629774249628309,False,False,True,False,NF-BoT-IoT-v2__multiclass__edge_mlp__seed33,NF-BoT-IoT-v2,multiclass,edge_mlp,33,0.8125684883571003,0.8158115573959914,12910,6455,12910,12910,1500,2,R1_still_rising,2.0,dataset_passes
5,0.8144890844858079,0.7925699337951362,0.821088370949966,1,2.0,8069.0,12910.0,3,False,False,-0.028518437154829823,-0.023187499423396707,False,,,False,0.028518437154829823,0.028518437154829823,0.011575016280335125,False,True,False,True,NF-BoT-IoT-v2__multiclass__edge_mlp__seed44,NF-BoT-IoT-v2,multiclass,edge_mlp,44,0.8182954522254837,0.821088370949966,8069,6455,12910,12910,1500,2,R2_optimization_decay,2.0,dataset_passes
5,0.8125575201380866,0.8026638938795058,0.8266851395357542,2,2.0,9683.0,12910.0,2,False,False,-0.024021245656248413,-0.018657900032625685,False,,,False,0.024021245656248413,0.03367009534635268,0.013671402607276397,False,True,False,True,NF-BoT-IoT-v2__multiclass__edge_mlp__seed55,NF-BoT-IoT-v2,multiclass,edge_mlp,55,0.8221448180803549,0.8266851395357542,9683,6455,12910,12910,1500,2,R2_optimization_decay,2.0,dataset_passes
5,0.4860775633883156,0.3601427102485256,0.4860775633883156,0,1.0,6455.0,12910.0,4,True,False,-0.12593485313978997,-0.025439286767883096,False,,,False,0.12593485313978997,0.12593485313978997,0.05635231757243166,False,True,False,True,NF-BoT-IoT-v2__multiclass__sage__seed11,NF-BoT-IoT-v2,multiclass,sage,11,0.5460217199523473,0.4864656936502494,6455,6455,12910,12910,1500,2,R2_optimization_decay,2.0,dataset_passes
5,0.5103797097728262,0.5056429433345041,0.5103797097728262,0,1.0,6455.0,12910.0,4,True,False,-0.004736766438322104,0.021805518110717015,False,4.0,2.0,True,0.0631397839524202,0.0631397839524202,0.028104178302117873,False,True,False,False,NF-BoT-IoT-v2__multiclass__sage__seed22,NF-BoT-IoT-v2,multiclass,sage,22,0.5803320674403691,0.5107592567250459,6455,6455,12910,12910,1500,2,R2_optimization_decay,2.0,dataset_passes
5,0.5475222184125899,0.2945602314804678,0.5475222184125899,0,1.0,6455.0,12910.0,4,True,False,-0.2529619869321221,-0.13491663169195983,False,,,False,0.2529619869321221,0.2529619869321221,0.08985170802873532,False,True,False,True,NF-BoT-IoT-v2__multiclass__sage__seed33,NF-BoT-IoT-v2,multiclass,sage,33,0.5831319040794781,0.5481801458517169,6455,6455,12910,12910,1500,2,R2_optimization_decay,2.0,dataset_passes
5,0.4520889538630769,0.5023499888379569,0.5023499888379569,4,2.0,12910.0,12910.0,0,False,True,0.0,0.1953536531036591,True,4.0,2.0,True,0.0,0.1953536531036591,0.0921027093250977,False,False,True,False,NF-BoT-IoT-v2__multiclass__sage__seed44,NF-BoT-IoT-v2,multiclass,sage,44,0.5822348368886925,0.5023499888379569,12910,6455,12910,12910,1500,2,R1_still_rising,2.0,dataset_passes
5,0.3294251107854503,0.3078781601382588,0.4335913242441174,1,2.0,8069.0,12910.0,3,False,False,-0.1257131641058586,-0.05817227634385641,False,,,False,0.1257131641058586,0.1257131641058586,0.0478677427855435,False,True,False,True,NF-BoT-IoT-v2__multiclass__sage__seed55,NF-BoT-IoT-v2,multiclass,sage,55,0.4640455284751897,0.4335913242441174,8069,6455,12910,12910,1500,2,R2_optimization_decay,2.0,dataset_passes
5,0.8306964346127014,0.8158344669635529,0.8306964346127014,0,1.0,6455.0,12910.0,4,True,False,-0.014861967649148489,0.05335110810837007,False,,,False,0.06821307575751856,0.06821307575751856,0.025539509713031067,False,True,False,True,NF-BoT-IoT-v2__multiclass__sage_edge__seed11,NF-BoT-IoT-v2,multiclass,sage_edge,11,0.8292557030333787,0.8304956507234641,6455,6455,12910,12910,1500,2,R2_optimization_decay,2.0,dataset_passes
5,0.780730366065409,0.8137763401624637,0.8137763401624637,4,2.0,12910.0,12910.0,0,False,True,0.0,0.0515214220278285,True,4.0,2.0,True,0.0,0.0515214220278285,0.02175453806524124,False,False,True,False,NF-BoT-IoT-v2__multiclass__sage_edge__seed22,NF-BoT-IoT-v2,multiclass,sage_edge,22,0.8140736789703809,0.8136795038234931,12910,6455,12910,12910,1500,2,R1_still_rising,2.0,dataset_passes
5,0.8006484863842367,0.8080573820991926,0.8099170213552467,3,2.0,11297.0,12910.0,1,False,False,-0.0018596392560540354,-0.0018596392560540354,False,3.0,2.0,True,0.0018596392560540354,0.04202581964139829,0.017027992698258592,False,False,True,False,NF-BoT-IoT-v2__multiclass__sage_edge__seed33,NF-BoT-IoT-v2,multiclass,sage_edge,33,0.808100650391939,0.8098174042543839,11297,6455,12910,12910,1500,2,R3_plateau,2.0,dataset_passes
5,0.8168781987748455,0.8123586943844794,0.8352665831555985,1,2.0,8069.0,12910.0,3,False,False,-0.022907888771119156,-0.011415588441368585,False,,,False,0.022907888771119156,0.022907888771119156,0.00899020033502392,False,True,False,False,NF-BoT-IoT-v2__multiclass__sage_edge__seed44,NF-BoT-IoT-v2,multiclass,sage_edge,44,0.8347633503903239,0.8352665831555985,8069,6455,12910,12910,1500,2,R2_optimization_decay,2.0,dataset_passes
5,0.7997965150148829,0.8012741503131211,0.839718334295626,2,2.0,9683.0,12910.0,2,False,False,-0.03844418398250493,0.005637011717890328,False,,,False,0.04408119570039526,0.05448866595115298,0.020752189099276234,False,True,False,False,NF-BoT-IoT-v2__multiclass__sage_edge__seed55,NF-BoT-IoT-v2,multiclass,sage_edge,55,0.8437005261236763,0.839718334295626,9683,6455,12910,12910,1500,2,R2_optimization_decay,2.0,dataset_passes
5,0.9815940712808408,0.9843206969519884,0.984428981171994,3,2.0,5654.0,6460.0,1,False,False,-0.00010828422000552784,-0.00010828422000552784,False,0.0,1.0,True,0.00010828422000552784,0.0028349098911532034,0.0013841054707161825,False,False,False,False,NF-CSE-CIC-IDS2018-v2__binary__edge_mlp__seed11,NF-CSE-CIC-IDS2018-v2,binary,edge_mlp,11,0.9844039510064364,0.984428981171994,5654,3230,6460,6460,1500,2,R3_plateau,2.0,dataset_passes
5,0.9811356217885152,0.9823183768126394,0.9827485900018282,3,2.0,5654.0,6460.0,1,False,False,-0.00043021318918878837,-0.00043021318918878837,False,0.0,1.0,True,0.00043021318918878837,0.0016129682133130263,0.0005958512592047575,False,False,False,False,NF-CSE-CIC-IDS2018-v2__binary__edge_mlp__seed22,NF-CSE-CIC-IDS2018-v2,binary,edge_mlp,22,0.9825313539424302,0.9827485900018282,5654,3230,6460,6460,1500,2,R3_plateau,2.0,dataset_passes
5,0.9810362892984508,0.9833781578532044,0.9833781578532044,4,2.0,6460.0,6460.0,0,False,True,0.0,0.0012597971416181686,True,0.0,1.0,True,0.0,0.002341868554753601,0.000866597979695007,False,False,False,False,NF-CSE-CIC-IDS2018-v2__binary__edge_mlp__seed33,NF-CSE-CIC-IDS2018-v2,binary,edge_mlp,33,0.9832737122180928,0.9833781578532044,6460,3230,6460,6460,1500,2,R1_still_rising,2.0,dataset_passes
5,0.9810057071827007,0.9838161002178916,0.9838161002178916,4,2.0,6460.0,6460.0,0,False,True,0.0,0.001180670705870801,True,0.0,1.0,True,0.0,0.002810393035190817,0.001168122132570061,True,False,False,False,NF-CSE-CIC-IDS2018-v2__binary__edge_mlp__seed44,NF-CSE-CIC-IDS2018-v2,binary,edge_mlp,44,0.9837051061191666,0.9838161002178916,6460,3230,6460,6460,1500,2,R1_still_rising,2.0,dataset_passes
5,0.9809817118735392,0.9846870433632064,0.9846870433632064,4,2.0,6460.0,6460.0,0,False,True,0.0,0.00099193431302802,True,0.0,1.0,True,0.0,0.0037053314896672296,0.0014710717288484148,True,False,False,False,NF-CSE-CIC-IDS2018-v2__binary__edge_mlp__seed55,NF-CSE-CIC-IDS2018-v2,binary,edge_mlp,55,0.98464296270835,0.9846870433632064,6460,3230,6460,6460,1500,2,R1_still_rising,2.0,dataset_passes
5,0.9843858998156024,0.984661898542398,0.9856290075623428,3,2.0,5654.0,6460.0,1,False,False,-0.0009671090199447896,-0.0009671090199447896,False,0.0,1.0,True,0.0009671090199447896,0.001398605322505686,0.0005468386166458398,False,False,False,False,NF-CSE-CIC-IDS2018-v2__binary__sage__seed11,NF-CSE-CIC-IDS2018-v2,binary,sage,11,0.9841308874605672,0.9856033262324568,5654,3230,6460,6460,1500,2,R3_plateau,2.0,dataset_passes
5,0.984163992231258,0.9844204242350268,0.9866133509386988,3,2.0,5654.0,6460.0,1,False,False,-0.0021929267036719935,-0.0021929267036719935,False,2.0,2.0,True,0.0021929267036719935,0.02959620747727043,0.012576262323064458,False,False,False,False,NF-CSE-CIC-IDS2018-v2__binary__sage__seed22,NF-CSE-CIC-IDS2018-v2,binary,sage,22,0.9862021744967135,0.9866072440541788,5654,3230,6460,6460,1500,2,R3_plateau,2.0,dataset_passes
5,0.9629578518462468,0.9487792063787576,0.9849504552057928,1,2.0,4038.0,6460.0,3,False,False,-0.03617124882703526,-0.034663451530690836,False,,,False,0.05066353930134204,0.05066353930134204,0.02194499222289169,False,True,False,True,NF-CSE-CIC-IDS2018-v2__binary__sage__seed33,NF-CSE-CIC-IDS2018-v2,binary,sage,33,0.9832715174355848,0.984966468789506,4038,3230,6460,6460,1500,2,R2_optimization_decay,2.0,dataset_passes
5,0.9836959640213426,0.8940752196154604,0.9869038764768464,2,2.0,4846.0,6460.0,2,False,False,-0.09282865686138597,-0.0907482238646602,False,,,False,0.09282865686138597,0.09282865686138597,0.03982887504446465,False,True,False,True,NF-CSE-CIC-IDS2018-v2__binary__sage__seed44,NF-CSE-CIC-IDS2018-v2,binary,sage,44,0.9867215055760008,0.9869038764768464,4846,3230,6460,6460,1500,2,R2_optimization_decay,2.0,dataset_passes
5,0.9480209641003914,0.9854618364483247,0.985968279401288,3,2.0,5654.0,6460.0,1,False,False,-0.0005064429529632042,-0.0005064429529632042,False,1.0,2.0,True,0.0005064429529632042,0.03794731530089657,0.016769342911810863,False,False,True,False,NF-CSE-CIC-IDS2018-v2__binary__sage__seed55,NF-CSE-CIC-IDS2018-v2,binary,sage,55,0.98448510142479,0.985968279401288,5654,3230,6460,6460,1500,2,R3_plateau,2.0,dataset_passes
5,0.9846666457379796,0.938682401537224,0.9852989136877564,1,2.0,4038.0,6460.0,3,False,False,-0.04661651215053231,-0.017746292954730736,False,,,False,0.04661651215053231,0.04661651215053231,0.021150241679381218,False,True,False,True,NF-CSE-CIC-IDS2018-v2__binary__sage_edge__seed11,NF-CSE-CIC-IDS2018-v2,binary,sage_edge,11,0.9835283862413072,0.9852995444415776,4038,3230,6460,6460,1500,2,R2_optimization_decay,2.0,dataset_passes
5,0.985225721948418,0.9852208716990132,0.98645905374995,3,2.0,5654.0,6460.0,1,False,False,-0.0012381820509368424,-0.0012381820509368424,False,0.0,1.0,True,0.0012381820509368424,0.0041130822491646235,0.001625418958332999,False,False,False,False,NF-CSE-CIC-IDS2018-v2__binary__sage_edge__seed22,NF-CSE-CIC-IDS2018-v2,binary,sage_edge,22,0.9860663299426472,0.9864165072135858,5654,3230,6460,6460,1500,2,R3_plateau,2.0,dataset_passes
5,0.9830676685010435,0.9853826785910238,0.9866035534121824,1,2.0,4038.0,6460.0,3,False,False,-0.001220874821158624,0.003386759120858618,False,0.0,1.0,True,0.004607633942017242,0.004607633942017242,0.0019581650931248815,False,False,False,False,NF-CSE-CIC-IDS2018-v2__binary__sage_edge__seed33,NF-CSE-CIC-IDS2018-v2,binary,sage_edge,33,0.9866166659264782,0.9865239198099708,4038,3230,6460,6460,1500,2,R3_plateau,2.0,dataset_passes
5,0.9840505520344164,0.9847025246470844,0.9871413415944084,1,2.0,4038.0,6460.0,3,False,False,-0.002438816947323952,-0.0013243820808499507,False,0.0,1.0,True,0.002438816947323952,0.00309078955999198,0.0011944615403185629,False,False,False,False,NF-CSE-CIC-IDS2018-v2__binary__sage_edge__seed44,NF-CSE-CIC-IDS2018-v2,binary,sage_edge,44,0.9867597945392296,0.9871413415944084,4038,3230,6460,6460,1500,2,R3_plateau,2.0,dataset_passes
5,0.9851305549575452,0.9841925590175256,0.9871252588418268,3,2.0,5654.0,6460.0,1,False,False,-0.0029326998243012214,-0.0029326998243012214,False,0.0,1.0,True,0.0029326998243012214,0.0029326998243012214,0.0011300299530239636,False,False,False,False,NF-CSE-CIC-IDS2018-v2__binary__sage_edge__seed55,NF-CSE-CIC-IDS2018-v2,binary,sage_edge,55,0.9869296969953084,0.9871252588418268,5654,3230,6460,6460,1500,2,R3_plateau,2.0,dataset_passes
5,0.6464882020045188,0.6649970061191197,0.6649970061191197,4,2.0,6460.0,6460.0,0,False,True,0.0,0.004274590017757651,True,3.0,2.0,True,0.0,0.018791072690265587,0.008405283198399068,False,False,True,False,NF-CSE-CIC-IDS2018-v2__multiclass__edge_mlp__seed11,NF-CSE-CIC-IDS2018-v2,multiclass,edge_mlp,11,0.6641719497456074,0.6649950190732093,6460,3230,6460,6460,1500,2,R1_still_rising,2.0,dataset_passes
5,0.6347713733911059,0.6219741463878595,0.6639156517225127,2,2.0,4846.0,6460.0,2,False,False,-0.04194150533465313,-0.027684989038216923,False,,,False,0.04194150533465313,0.04194150533465313,0.016296978852878913,False,True,False,True,NF-CSE-CIC-IDS2018-v2__multiclass__edge_mlp__seed22,NF-CSE-CIC-IDS2018-v2,multiclass,edge_mlp,22,0.6628518504381145,0.6639169988002462,4846,3230,6460,6460,1500,2,R2_optimization_decay,2.0,dataset_passes
5,0.6463272467627977,0.6556463917534207,0.6556463917534207,4,2.0,6460.0,6460.0,0,False,True,0.0,0.02028204741269557,True,4.0,2.0,True,0.0,0.02028204741269557,0.008072326800393005,False,False,True,False,NF-CSE-CIC-IDS2018-v2__multiclass__edge_mlp__seed33,NF-CSE-CIC-IDS2018-v2,multiclass,edge_mlp,33,0.655030146889587,0.6556452789850546,6460,3230,6460,6460,1500,2,R1_still_rising,2.0,dataset_passes
5,0.6416302970548574,0.6971221147063144,0.6971221147063144,4,2.0,6460.0,6460.0,0,False,True,0.0,0.040921634930149886,True,4.0,2.0,True,0.0,0.05549181765145694,0.020827012699304575,False,False,True,False,NF-CSE-CIC-IDS2018-v2__multiclass__edge_mlp__seed44,NF-CSE-CIC-IDS2018-v2,multiclass,edge_mlp,44,0.696762054230666,0.6971221147063144,6460,3230,6460,6460,1500,2,R1_still_rising,2.0,dataset_passes
5,0.6481048552845667,0.6649201477672484,0.6649201477672484,4,2.0,6460.0,6460.0,0,False,True,0.0,0.01057299802333811,True,4.0,2.0,True,0.0,0.018017251435264225,0.0071787505307284874,False,False,True,False,NF-CSE-CIC-IDS2018-v2__multiclass__edge_mlp__seed55,NF-CSE-CIC-IDS2018-v2,multiclass,edge_mlp,55,0.6642274105726355,0.6649201477672484,6460,3230,6460,6460,1500,2,R1_still_rising,2.0,dataset_passes
5,0.6512611796626931,0.6582834459930321,0.7098428692864207,2,2.0,4846.0,6460.0,2,False,False,-0.051559423293388584,0.01747967891996005,False,,,False,0.06903910221334864,0.06903910221334864,0.027071810102970544,False,True,True,False,NF-CSE-CIC-IDS2018-v2__multiclass__sage__seed11,NF-CSE-CIC-IDS2018-v2,multiclass,sage,11,0.7095115370197543,0.7088436178063474,4846,3230,6460,6460,1500,2,R2_optimization_decay,2.0,dataset_passes
5,0.6525225110199934,0.6003220483728297,0.6525225110199934,0,1.0,3230.0,6460.0,4,True,False,-0.052200462647163715,0.019460061247593252,False,,,False,0.07166052389475697,0.07166052389475697,0.027077352048319313,False,True,False,True,NF-CSE-CIC-IDS2018-v2__multiclass__sage__seed22,NF-CSE-CIC-IDS2018-v2,multiclass,sage,22,0.6694298334484755,0.6505469241988538,3230,3230,6460,6460,1500,2,R2_optimization_decay,2.0,dataset_passes
5,0.573950908211107,0.4657319095512331,0.7094708565346768,2,2.0,4846.0,6460.0,2,False,False,-0.24373894698344367,-0.1719082425734113,False,,,False,0.24373894698344367,0.24373894698344367,0.08961795728513018,False,True,False,True,NF-CSE-CIC-IDS2018-v2__multiclass__sage__seed33,NF-CSE-CIC-IDS2018-v2,multiclass,sage,33,0.7174524446806031,0.709240219826709,4846,3230,6460,6460,1500,2,R2_optimization_decay,2.0,dataset_passes
5,0.6534211199315569,0.6292062238963403,0.6534211199315569,0,1.0,3230.0,6460.0,4,True,False,-0.02421489603521665,0.0173443191455821,False,,,False,0.07472157209472197,0.07472157209472197,0.02839347712256777,False,True,False,True,NF-CSE-CIC-IDS2018-v2__multiclass__sage__seed44,NF-CSE-CIC-IDS2018-v2,multiclass,sage,44,0.6683013681070599,0.6534211199315569,3230,3230,6460,6460,1500,2,R2_optimization_decay,2.0,dataset_passes
5,0.6379053711864197,0.7000755946536193,0.7000755946536193,4,2.0,6460.0,6460.0,0,False,True,0.0,0.07489026111131725,True,4.0,2.0,True,0.0,0.07489026111131725,0.028954657648529294,False,False,True,False,NF-CSE-CIC-IDS2018-v2__multiclass__sage__seed55,NF-CSE-CIC-IDS2018-v2,multiclass,sage,55,0.6984658485324922,0.7000755946536193,6460,3230,6460,6460,1500,2,R1_still_rising,2.0,dataset_passes
5,0.6761892329465373,0.6533674991257339,0.6761892329465373,0,1.0,3230.0,6460.0,4,True,False,-0.022821733820803436,0.01769718836855194,False,,,False,0.07746089222046937,0.07746089222046937,0.02832388371634608,False,True,False,True,NF-CSE-CIC-IDS2018-v2__multiclass__sage_edge__seed11,NF-CSE-CIC-IDS2018-v2,multiclass,sage_edge,11,0.6903675247476819,0.676188535698735,3230,3230,6460,6460,1500,2,R2_optimization_decay,2.0,dataset_passes
5,0.6614004740679512,0.5381556322455633,0.6781065285047365,1,2.0,4038.0,6460.0,3,False,False,-0.13995089625917323,-0.11758176824435296,False,,,False,0.13995089625917323,0.13995089625917323,0.055646894963138425,False,True,False,True,NF-CSE-CIC-IDS2018-v2__multiclass__sage_edge__seed22,NF-CSE-CIC-IDS2018-v2,multiclass,sage_edge,22,0.692849579881291,0.671185277553932,4038,3230,6460,6460,1500,2,R2_optimization_decay,2.0,dataset_passes
5,0.6558649704009005,0.5936678764170954,0.6595480002483366,1,2.0,4038.0,6460.0,3,False,False,-0.0658801238312412,-0.059776767444264856,False,,,False,0.0658801238312412,0.0658801238312412,0.027755538597266576,False,True,False,True,NF-CSE-CIC-IDS2018-v2__multiclass__sage_edge__seed33,NF-CSE-CIC-IDS2018-v2,multiclass,sage_edge,33,0.6780101331533006,0.6596420840020497,4038,3230,6460,6460,1500,2,R2_optimization_decay,2.0,dataset_passes
5,0.6543079198558639,0.65194313308538,0.6728568081884959,1,2.0,4038.0,6460.0,3,False,False,-0.020913675103115925,0.049696674610955616,False,,,False,0.07061034971407154,0.07061034971407154,0.02710476022230135,False,True,False,False,NF-CSE-CIC-IDS2018-v2__multiclass__sage_edge__seed44,NF-CSE-CIC-IDS2018-v2,multiclass,sage_edge,44,0.6905212669881983,0.6728568081884959,4038,3230,6460,6460,1500,2,R2_optimization_decay,2.0,dataset_passes
5,0.5946591027081993,0.6026174084288531,0.7018118668025635,1,2.0,4038.0,6460.0,3,False,False,-0.09919445837371033,-0.05097248984986591,False,,,False,0.1053090458515964,0.10715276409436414,0.04699505224192495,False,True,True,False,NF-CSE-CIC-IDS2018-v2__multiclass__sage_edge__seed55,NF-CSE-CIC-IDS2018-v2,multiclass,sage_edge,55,0.6950352601313866,0.7018118668025635,4038,3230,6460,6460,1500,2,R2_optimization_decay,2.0,dataset_passes
5,0.9678083379758868,0.9702158088160112,0.9706936980200532,3,2.0,5068.0,5792.0,1,False,False,-0.0004778892040420146,-0.0004778892040420146,False,0.0,1.0,True,0.0004778892040420146,0.0028853600441663962,0.001187882064102794,False,False,False,False,NF-ToN-IoT-v2__binary__edge_mlp__seed11,NF-ToN-IoT-v2,binary,edge_mlp,11,0.97048323389998,0.9706936980200532,5068,2896,5792,5792,1500,2,R3_plateau,2.0,dataset_passes
5,0.9685225856953354,0.9705950163413604,0.9706215352771376,3,2.0,5068.0,5792.0,1,False,False,-2.6518935777208874e-05,-2.6518935777208874e-05,False,0.0,1.0,True,2.6518935777208874e-05,0.0022015761539895262,0.0010733047505821628,False,False,False,False,NF-ToN-IoT-v2__binary__edge_mlp__seed22,NF-ToN-IoT-v2,binary,edge_mlp,22,0.9704566973324018,0.9706215352771376,5068,2896,5792,5792,1500,2,R3_plateau,2.0,dataset_passes
5,0.9677600126711332,0.971621032460084,0.971621032460084,4,2.0,5792.0,5792.0,0,False,True,0.0,0.0012077952886964116,True,0.0,1.0,True,0.0,0.0038610197889508147,0.0014221036488596926,True,False,False,False,NF-ToN-IoT-v2__binary__edge_mlp__seed33,NF-ToN-IoT-v2,binary,edge_mlp,33,0.9714916740505246,0.971621032460084,5792,2896,5792,5792,1500,2,R1_still_rising,2.0,dataset_passes
5,0.967710144457079,0.9711977013000376,0.9711977013000376,4,2.0,5792.0,5792.0,0,False,True,0.0,9.295392441177608e-05,True,0.0,1.0,True,0.0,0.003487556842958539,0.0014666655940936712,False,False,False,False,NF-ToN-IoT-v2__binary__edge_mlp__seed44,NF-ToN-IoT-v2,binary,edge_mlp,44,0.970967299305336,0.9711977013000376,5792,2896,5792,5792,1500,2,R1_still_rising,2.0,dataset_passes
5,0.9675607263920796,0.9703264393918596,0.9703264393918596,4,2.0,5792.0,5792.0,0,False,True,0.0,0.0007355707304561587,True,0.0,1.0,True,0.0,0.0027657129997800123,0.0010952423397109043,False,False,False,False,NF-ToN-IoT-v2__binary__edge_mlp__seed55,NF-ToN-IoT-v2,binary,edge_mlp,55,0.9701849798453426,0.9703264393918596,5792,2896,5792,5792,1500,2,R1_still_rising,2.0,dataset_passes
5,0.9434187140188656,0.9716440491788618,0.9716440491788618,4,2.0,5792.0,5792.0,0,False,True,0.0,0.000260060009217411,True,1.0,2.0,True,0.0,0.028225335159996257,0.012237034893438374,True,False,True,False,NF-ToN-IoT-v2__binary__sage__seed11,NF-ToN-IoT-v2,binary,sage,11,0.9751644202000472,0.9716494634597744,5792,2896,5792,5792,1500,2,R1_still_rising,2.0,dataset_passes
5,0.9728651042945464,0.9736605321730258,0.9746462302894736,3,2.0,5068.0,5792.0,1,False,False,-0.0009856981164477752,-0.0009856981164477752,False,0.0,1.0,True,0.0009856981164477752,0.0024043122396876226,0.0009024431295319269,False,False,False,False,NF-ToN-IoT-v2__binary__sage__seed22,NF-ToN-IoT-v2,binary,sage,22,0.9768085377809812,0.9747133471050806,5068,2896,5792,5792,1500,2,R3_plateau,2.0,dataset_passes
5,0.9720094704103596,0.9714128510715532,0.9743784032643829,3,2.0,5068.0,5792.0,1,False,False,-0.002965552192829679,-0.002965552192829679,False,3.0,2.0,True,0.002965552192829679,0.014659511412286497,0.005689305280961356,False,False,False,False,NF-ToN-IoT-v2__binary__sage__seed33,NF-ToN-IoT-v2,binary,sage,33,0.9783291501621136,0.9744103779094586,5068,2896,5792,5792,1500,2,R3_plateau,2.0,dataset_passes
5,0.975534638925185,0.9689836310982536,0.9766041241319712,3,2.0,5068.0,5792.0,1,False,False,-0.00762049303371759,-0.00762049303371759,False,,,False,0.00762049303371759,0.00937729430699119,0.004175993121211447,False,True,False,True,NF-ToN-IoT-v2__binary__sage__seed44,NF-ToN-IoT-v2,binary,sage,44,0.979227078391556,0.9766041241319712,5068,2896,5792,5792,1500,2,R2_optimization_decay,2.0,dataset_passes
5,0.9692124095937742,0.9731900306671252,0.9748114989772004,2,2.0,4344.0,5792.0,2,False,False,-0.001621468310075258,-0.0012553974585272076,False,2.0,2.0,True,0.001621468310075258,0.006157331482016026,0.0029260217363699745,False,False,False,False,NF-ToN-IoT-v2__binary__sage__seed55,NF-ToN-IoT-v2,binary,sage,55,0.9779953867819318,0.9748114989772004,4344,2896,5792,5792,1500,2,R3_plateau,2.0,dataset_passes
5,0.9762623675647052,0.8891993007533625,0.978075615295264,3,2.0,5068.0,5792.0,1,False,False,-0.08887631454190148,-0.08887631454190148,False,,,False,0.08887631454190148,0.08887631454190148,0.03860341784691198,False,True,False,True,NF-ToN-IoT-v2__binary__sage_edge__seed11,NF-ToN-IoT-v2,binary,sage_edge,11,0.9807889586117744,0.9781105025328524,5068,2896,5792,5792,1500,2,R2_optimization_decay,2.0,dataset_passes
5,0.9777311286724764,0.9743995229095082,0.9779834620749694,1,2.0,3620.0,5792.0,3,False,False,-0.0035839391654612918,-0.001058198303322655,False,0.0,1.0,True,0.0035839391654612918,0.0035839391654612918,0.0015406923965355444,False,False,False,False,NF-ToN-IoT-v2__binary__sage_edge__seed22,NF-ToN-IoT-v2,binary,sage_edge,22,0.9802958913035172,0.9780386712075156,3620,2896,5792,5792,1500,2,R3_plateau,2.0,dataset_passes
5,0.970380423087054,0.9731924748754268,0.9773922996836084,3,2.0,5068.0,5792.0,1,False,False,-0.004199824808181596,-0.004199824808181596,False,3.0,2.0,True,0.004199824808181596,0.008023187573218626,0.0031351770281566023,False,False,False,False,NF-ToN-IoT-v2__binary__sage_edge__seed33,NF-ToN-IoT-v2,binary,sage_edge,33,0.9808232001859234,0.9774028187594496,5068,2896,5792,5792,1500,2,R3_plateau,2.0,dataset_passes
5,0.9770317060930314,0.9718674630274592,0.9770317060930314,0,1.0,2896.0,5792.0,4,True,False,-0.005164243065572172,-0.004157688500107226,False,,,False,0.005164243065572172,0.005164243065572172,0.002125485089847273,False,True,False,True,NF-ToN-IoT-v2__binary__sage_edge__seed44,NF-ToN-IoT-v2,binary,sage_edge,44,0.9793147676815586,0.9770317060930314,2896,2896,5792,5792,1500,2,R2_optimization_decay,2.0,dataset_passes
5,0.9727622587244912,0.9693315875617994,0.9759907559807764,2,2.0,4344.0,5792.0,2,False,False,-0.006659168418977068,-0.0064683984565310215,False,,,False,0.006659168418977068,0.006659168418977068,0.0028146922896969506,False,True,False,False,NF-ToN-IoT-v2__binary__sage_edge__seed55,NF-ToN-IoT-v2,binary,sage_edge,55,0.9798853018251604,0.9759907559807764,4344,2896,5792,5792,1500,2,R2_optimization_decay,2.0,dataset_passes
5,0.6490214947909133,0.6991473435926142,0.7030873689438664,3,2.0,5068.0,5792.0,1,False,False,-0.003940025351252152,-0.003940025351252152,False,3.0,2.0,True,0.003940025351252152,0.05406587415295305,0.022183529200242028,False,False,True,False,NF-ToN-IoT-v2__multiclass__edge_mlp__seed11,NF-ToN-IoT-v2,multiclass,edge_mlp,11,0.7028906824878318,0.7030873689438664,5068,2896,5792,5792,1500,2,R3_plateau,2.0,dataset_passes
5,0.6587688050876558,0.7064831015671257,0.7064831015671257,4,2.0,5792.0,5792.0,0,False,True,0.0,0.001064804889385429,True,3.0,2.0,True,0.0,0.05276818917599313,0.02493138562773787,False,False,True,False,NF-ToN-IoT-v2__multiclass__edge_mlp__seed22,NF-ToN-IoT-v2,multiclass,edge_mlp,22,0.7060229786531921,0.7064831015671257,5792,2896,5792,5792,1500,2,R1_still_rising,2.0,dataset_passes
5,0.6537363977366214,0.6894445637692532,0.7041858025603963,3,2.0,5068.0,5792.0,1,False,False,-0.014741238791143085,-0.014741238791143085,False,,,False,0.014741238791143085,0.05044940482377491,0.020566413121350182,False,True,True,False,NF-ToN-IoT-v2__multiclass__edge_mlp__seed33,NF-ToN-IoT-v2,multiclass,edge_mlp,33,0.7037734963151843,0.7041858025603963,5068,2896,5792,5792,1500,2,R2_optimization_decay,2.0,dataset_passes
5,0.6450680310694814,0.6977217537068569,0.6993181029763387,3,2.0,5068.0,5792.0,1,False,False,-0.0015963492694818227,-0.0015963492694818227,False,3.0,2.0,True,0.0015963492694818227,0.05425007190685727,0.02374520628001962,False,False,True,False,NF-ToN-IoT-v2__multiclass__edge_mlp__seed44,NF-ToN-IoT-v2,multiclass,edge_mlp,44,0.6984167383139394,0.6993181029763387,5068,2896,5792,5792,1500,2,R3_plateau,2.0,dataset_passes
5,0.6554040264174115,0.7098454336980876,0.7098454336980876,4,2.0,5792.0,5792.0,0,False,True,0.0,0.003805365458284138,True,3.0,2.0,True,0.0,0.054441407280676146,0.02175813576989746,True,False,True,False,NF-ToN-IoT-v2__multiclass__edge_mlp__seed55,NF-ToN-IoT-v2,multiclass,edge_mlp,55,0.7088146818652058,0.7098454336980876,5792,2896,5792,5792,1500,2,R1_still_rising,2.0,dataset_passes
5,0.7153980406759419,0.7199272714792099,0.7199272714792099,4,2.0,5792.0,5792.0,0,False,True,0.0,0.04226692120921627,True,4.0,2.0,True,0.0,0.04226692120921627,0.021007909923776182,False,False,False,False,NF-ToN-IoT-v2__multiclass__sage__seed11,NF-ToN-IoT-v2,multiclass,sage,11,0.7458433248374747,0.7200741631764073,5792,2896,5792,5792,1500,2,R1_still_rising,2.0,dataset_passes
5,0.6968818386826952,0.699006914346576,0.7040733998424864,3,2.0,5068.0,5792.0,1,False,False,-0.005066485495910378,-0.005066485495910378,False,,,False,0.005066485495910378,0.02149671827729871,0.008205087024190072,False,True,False,False,NF-ToN-IoT-v2__multiclass__sage__seed22,NF-ToN-IoT-v2,multiclass,sage,22,0.7442382687066547,0.7042118763532185,5068,2896,5792,5792,1500,2,R2_optimization_decay,2.0,dataset_passes
5,0.7160537637678959,0.6910975457659528,0.7160537637678959,0,1.0,2896.0,5792.0,4,True,False,-0.02495621800194303,0.0025519577383801284,False,,,False,0.07035085741054903,0.07035085741054903,0.02856154329225265,False,True,False,True,NF-ToN-IoT-v2__multiclass__sage__seed33,NF-ToN-IoT-v2,multiclass,sage,33,0.7558920678348146,0.7159484822794016,2896,2896,5792,5792,1500,2,R2_optimization_decay,2.0,dataset_passes
5,0.7000992618430072,0.6386154408472049,0.7242575682686833,3,2.0,5068.0,5792.0,1,False,False,-0.08564212742147836,-0.08564212742147836,False,,,False,0.08564212742147836,0.08564212742147836,0.032519085056415924,False,True,False,True,NF-ToN-IoT-v2__multiclass__sage__seed44,NF-ToN-IoT-v2,multiclass,sage,44,0.7483822716788928,0.7242575682686833,5068,2896,5792,5792,1500,2,R2_optimization_decay,2.0,dataset_passes
5,0.6739919705665547,0.7235089090929363,0.7235089090929363,4,2.0,5792.0,5792.0,0,False,True,0.0,0.009230467571815004,True,4.0,2.0,True,0.0,0.049516938526381615,0.01975077444741265,False,False,True,False,NF-ToN-IoT-v2__multiclass__sage__seed55,NF-ToN-IoT-v2,multiclass,sage,55,0.7525540513549941,0.7235089090929363,5792,2896,5792,5792,1500,2,R1_still_rising,2.0,dataset_passes
5,0.7367146637535266,0.7479975584017207,0.7479975584017207,4,2.0,5792.0,5792.0,0,False,True,0.0,0.03528840740001771,True,4.0,2.0,True,0.0,0.06013541733960637,0.023311840548425094,False,False,True,False,NF-ToN-IoT-v2__multiclass__sage_edge__seed11,NF-ToN-IoT-v2,multiclass,sage_edge,11,0.7710589042735061,0.7480050590117935,5792,2896,5792,5792,1500,2,R1_still_rising,2.0,dataset_passes
5,0.736698718521879,0.7360154813458292,0.736698718521879,0,1.0,2896.0,5792.0,4,True,False,-0.0006832371760497891,0.00952966945020739,False,4.0,2.0,True,0.03406958627495127,0.03406958627495127,0.016180345360782427,False,True,False,False,NF-ToN-IoT-v2__multiclass__sage_edge__seed22,NF-ToN-IoT-v2,multiclass,sage_edge,22,0.7660968022583213,0.7365555605213991,2896,2896,5792,5792,1500,2,R2_optimization_decay,2.0,dataset_passes
5,0.7179039464885439,0.7375123165532658,0.7375123165532658,4,2.0,5792.0,5792.0,0,False,True,0.0,0.029384138995522613,True,4.0,2.0,True,0.0,0.029384138995522613,0.012261331485345008,False,False,True,False,NF-ToN-IoT-v2__multiclass__sage_edge__seed33,NF-ToN-IoT-v2,multiclass,sage_edge,33,0.7711401870646353,0.7379396457093866,5792,2896,5792,5792,1500,2,R1_still_rising,2.0,dataset_passes
5,0.7006514503447369,0.6690070367056351,0.7321279325854522,1,2.0,3620.0,5792.0,3,False,False,-0.06312089587981706,-0.04648592295335652,False,,,False,0.06312089587981706,0.06312089587981706,0.024756636399794103,False,True,False,True,NF-ToN-IoT-v2__multiclass__sage_edge__seed44,NF-ToN-IoT-v2,multiclass,sage_edge,44,0.7613885428889857,0.7321279325854522,3620,2896,5792,5792,1500,2,R2_optimization_decay,2.0,dataset_passes
5,0.6858601130190942,0.7313176190897271,0.7313176190897271,4,2.0,5792.0,5792.0,0,False,True,0.0,0.005554096824665455,True,4.0,2.0,True,0.0,0.0485143339806684,0.022375975382940082,False,False,True,False,NF-ToN-IoT-v2__multiclass__sage_edge__seed55,NF-ToN-IoT-v2,multiclass,sage_edge,55,0.7593672963624869,0.7313176190897271,5792,2896,5792,5792,1500,2,R1_still_rising,2.0,dataset_passes
4,0.9566328940491023,0.9665701341970436,0.9665701341970436,3,4.0,1500.0,1500.0,0,False,True,0.0,0.0006198292611748757,True,1.0,3.0,True,0.0,0.009937240147941284,0.004586253715451698,True,False,True,False,NF-UNSW-NB15-v2__binary__edge_mlp__seed11,NF-UNSW-NB15-v2,binary,edge_mlp,11,0.964574404764032,0.9665701341970436,1500,409,1500,1500,1500,2,R1_still_rising,3.667481662591687,min_train_steps
4,0.9561510953237182,0.9670479429069888,0.9670479429069888,3,4.0,1500.0,1500.0,0,False,True,0.0,0.0009309076015424633,True,1.0,3.0,True,0.0,0.010896847583270586,0.004977992829312878,True,False,True,False,NF-UNSW-NB15-v2__binary__edge_mlp__seed22,NF-UNSW-NB15-v2,binary,edge_mlp,22,0.9647332984154544,0.9670479429069888,1500,409,1500,1500,1500,2,R1_still_rising,3.667481662591687,min_train_steps
4,0.9562009236244868,0.9660963581800972,0.9660963581800972,3,4.0,1500.0,1500.0,0,False,True,0.0,0.0002857063665212545,True,1.0,3.0,True,0.0,0.009895434555610372,0.004605064738173164,True,False,True,False,NF-UNSW-NB15-v2__binary__edge_mlp__seed33,NF-UNSW-NB15-v2,binary,edge_mlp,33,0.9640084878874552,0.9660963581800972,1500,409,1500,1500,1500,2,R1_still_rising,3.667481662591687,min_train_steps
4,0.9560863332735952,0.9666895033439488,0.9666895033439488,3,4.0,1500.0,1500.0,0,False,True,0.0,0.0006169661452245512,True,1.0,3.0,True,0.0,0.010603170070353607,0.004861930224095112,True,False,True,False,NF-UNSW-NB15-v2__binary__edge_mlp__seed44,NF-UNSW-NB15-v2,binary,edge_mlp,44,0.964609002686853,0.9666895033439488,1500,409,1500,1500,1500,2,R1_still_rising,3.667481662591687,min_train_steps
4,0.955784624815032,0.9666178752191908,0.9666178752191908,3,4.0,1500.0,1500.0,0,False,True,0.0,0.0008103961051932895,True,1.0,3.0,True,0.0,0.010833250404158834,0.0049541560763911715,True,False,True,False,NF-UNSW-NB15-v2__binary__edge_mlp__seed55,NF-UNSW-NB15-v2,binary,edge_mlp,55,0.964450163839372,0.9666178752191908,1500,409,1500,1500,1500,2,R1_still_rising,3.667481662591687,min_train_steps
4,0.9687002868776626,0.9731629239896888,0.9731629239896888,3,4.0,1500.0,1500.0,0,False,True,0.0,4.892894298924588e-05,True,0.0,1.0,True,0.0,0.004462637112026213,0.0021464414052488577,True,False,False,False,NF-UNSW-NB15-v2__binary__sage__seed11,NF-UNSW-NB15-v2,binary,sage,11,0.970195179992587,0.9731629239896888,1500,409,1500,1500,1500,2,R1_still_rising,3.667481662591687,min_train_steps
4,0.9696463464247936,0.9724491706084516,0.9724491706084516,3,4.0,1500.0,1500.0,0,False,True,0.0,0.00019255465592460386,True,0.0,1.0,True,0.0,0.0028028241836579593,0.0014295423948412242,True,False,False,False,NF-UNSW-NB15-v2__binary__sage__seed22,NF-UNSW-NB15-v2,binary,sage,22,0.9698975729031958,0.9724491706084516,1500,409,1500,1500,1500,2,R1_still_rising,3.667481662591687,min_train_steps
4,0.9700442844294508,0.9646546312047308,0.9723977698073482,1,3.0,909.0,1500.0,2,False,False,-0.007743138602617328,-0.0067985522641005325,False,,,False,0.007743138602617328,0.007743138602617328,0.003459780863338025,False,True,False,True,NF-UNSW-NB15-v2__binary__sage__seed33,NF-UNSW-NB15-v2,binary,sage,33,0.9698453570712846,0.9723977698073482,909,409,1500,1500,1500,2,R2_optimization_decay,3.667481662591687,min_train_steps
4,0.9705602301198832,0.9654019299918136,0.9727473207891724,2,4.0,1409.0,1500.0,1,False,False,-0.007345390797358742,-0.007345390797358742,False,,,False,0.007345390797358742,0.007345390797358742,0.0031934830945264054,False,True,False,True,NF-UNSW-NB15-v2__binary__sage__seed44,NF-UNSW-NB15-v2,binary,sage,44,0.9693727536445118,0.9727473207891724,1409,409,1500,1500,1500,2,R2_optimization_decay,3.667481662591687,min_train_steps
4,0.9695427060529624,0.9729183711699794,0.9742738300946366,2,4.0,1409.0,1500.0,1,False,False,-0.0013554589246572712,-0.0013554589246572712,False,0.0,1.0,True,0.0013554589246572712,0.004731124041674195,0.0022546886893185973,False,False,False,False,NF-UNSW-NB15-v2__binary__sage__seed55,NF-UNSW-NB15-v2,binary,sage,55,0.9719161115455346,0.9742738300946366,1409,409,1500,1500,1500,2,R3_plateau,3.667481662591687,min_train_steps
4,0.9704445886377328,0.9732827694321692,0.9732827694321692,3,4.0,1500.0,1500.0,0,False,True,0.0,0.0008117828555971318,True,0.0,1.0,True,0.0,0.002838180794436429,0.0012420681164838287,False,False,False,False,NF-UNSW-NB15-v2__binary__sage_edge__seed11,NF-UNSW-NB15-v2,binary,sage_edge,11,0.9705535012957712,0.9732827694321692,1500,409,1500,1500,1500,2,R1_still_rising,3.667481662591687,min_train_steps
4,0.9693538202126476,0.9716747149842836,0.9726200587349014,2,4.0,1409.0,1500.0,1,False,False,-0.000945343750617833,-0.000945343750617833,False,0.0,1.0,True,0.000945343750617833,0.003266238522253828,0.0014298754670948992,False,False,False,False,NF-UNSW-NB15-v2__binary__sage_edge__seed22,NF-UNSW-NB15-v2,binary,sage_edge,22,0.9697873585824286,0.9726200587349014,1409,409,1500,1500,1500,2,R3_plateau,3.667481662591687,min_train_steps
4,0.9703290441330948,0.9623805649514,0.9725763827635412,1,3.0,909.0,1500.0,2,False,False,-0.010195817812141184,-0.009050992103240785,False,,,False,0.010195817812141184,0.010195817812141184,0.004624483500700107,False,True,False,True,NF-UNSW-NB15-v2__binary__sage_edge__seed33,NF-UNSW-NB15-v2,binary,sage_edge,33,0.969797476710352,0.9725763827635412,909,409,1500,1500,1500,2,R2_optimization_decay,3.667481662591687,min_train_steps
4,0.969529806486684,0.9705283268788728,0.9705283268788728,3,4.0,1500.0,1500.0,0,False,True,0.0,0.002884742822177766,True,0.0,1.0,True,0.0,0.002884742822177766,0.001241156907304558,False,False,False,False,NF-UNSW-NB15-v2__binary__sage_edge__seed44,NF-UNSW-NB15-v2,binary,sage_edge,44,0.9684878196989022,0.9705283268788728,1500,409,1500,1500,1500,2,R1_still_rising,3.667481662591687,min_train_steps
4,0.9696435065169366,0.9738856451750122,0.9738856451750122,3,4.0,1500.0,1500.0,0,False,True,0.0,0.0016124650804909546,True,0.0,1.0,True,0.0,0.004242138658075545,0.0018107446832228724,True,False,False,False,NF-UNSW-NB15-v2__binary__sage_edge__seed55,NF-UNSW-NB15-v2,binary,sage_edge,55,0.9709301139837856,0.9738856451750122,1500,409,1500,1500,1500,2,R1_still_rising,3.667481662591687,min_train_steps
4,0.3778837139892325,0.4161089608386635,0.4161089608386635,3,4.0,1500.0,1500.0,0,False,True,0.0,0.005247551492799596,True,3.0,4.0,True,0.0,0.038225246849431016,0.01777733971739987,True,False,True,False,NF-UNSW-NB15-v2__multiclass__edge_mlp__seed11,NF-UNSW-NB15-v2,multiclass,edge_mlp,11,0.4185652235327144,0.4161089608386635,1500,409,1500,1500,1500,2,R1_still_rising,3.667481662591687,min_train_steps
4,0.3998847558925731,0.3925785637325676,0.4181718862459789,2,4.0,1409.0,1500.0,1,False,False,-0.025593322513411287,-0.025593322513411287,False,,,False,0.025593322513411287,0.025593322513411287,0.010901671056056217,False,True,False,True,NF-UNSW-NB15-v2__multiclass__edge_mlp__seed22,NF-UNSW-NB15-v2,multiclass,edge_mlp,22,0.4217103174820032,0.4181718862459789,1409,409,1500,1500,1500,2,R2_optimization_decay,3.667481662591687,min_train_steps
4,0.3573122467695023,0.3953897480601803,0.3993982918974408,2,4.0,1409.0,1500.0,1,False,False,-0.004008543837260514,-0.004008543837260514,False,2.0,4.0,True,0.004008543837260514,0.04208604512793851,0.02178126961766732,False,False,True,False,NF-UNSW-NB15-v2__multiclass__edge_mlp__seed33,NF-UNSW-NB15-v2,multiclass,edge_mlp,33,0.4003993113595274,0.3993982918974408,1409,409,1500,1500,1500,2,R3_plateau,3.667481662591687,min_train_steps
4,0.3366980484084337,0.4173538796790967,0.4173538796790967,3,4.0,1500.0,1500.0,0,False,True,0.0,0.014254745226382703,True,3.0,4.0,True,0.0,0.080655831270663,0.035626133466213565,True,False,True,False,NF-UNSW-NB15-v2__multiclass__edge_mlp__seed44,NF-UNSW-NB15-v2,multiclass,edge_mlp,44,0.4192585212648909,0.4173538796790967,1500,409,1500,1500,1500,2,R1_still_rising,3.667481662591687,min_train_steps
4,0.3706229821476559,0.4083236242039305,0.4083236242039305,3,4.0,1500.0,1500.0,0,False,True,0.0,0.0006061200537415545,True,2.0,4.0,True,0.0,0.0377006420562746,0.017680937449389034,True,False,True,False,NF-UNSW-NB15-v2__multiclass__edge_mlp__seed55,NF-UNSW-NB15-v2,multiclass,edge_mlp,55,0.4103932237750127,0.4083236242039305,1500,409,1500,1500,1500,2,R1_still_rising,3.667481662591687,min_train_steps
4,0.4471110977896957,0.4874845855508792,0.4874845855508792,3,4.0,1500.0,1500.0,0,False,True,0.0,0.003364935767348698,True,2.0,4.0,True,0.0,0.04037348776118349,0.018385821232576784,True,False,True,False,NF-UNSW-NB15-v2__multiclass__sage__seed11,NF-UNSW-NB15-v2,multiclass,sage,11,0.4902880166070944,0.4873846853603092,1500,409,1500,1500,1500,2,R1_still_rising,3.667481662591687,min_train_steps
4,0.4558836350332375,0.4958714717417375,0.4958714717417375,3,4.0,1500.0,1500.0,0,False,True,0.0,0.010958659096216739,True,3.0,4.0,True,0.0,0.039987836708500035,0.01847458302962914,False,False,True,False,NF-UNSW-NB15-v2__multiclass__sage__seed22,NF-UNSW-NB15-v2,multiclass,sage,22,0.4929178186283874,0.4963758822379117,1500,409,1500,1500,1500,2,R1_still_rising,3.667481662591687,min_train_steps
4,0.4779091094697046,0.4803497985837056,0.4803497985837056,3,4.0,1500.0,1500.0,0,False,True,0.0,0.004585022881989087,True,2.0,4.0,True,0.0,0.01197367334748839,0.005167336217511696,False,False,False,False,NF-UNSW-NB15-v2__multiclass__sage__seed33,NF-UNSW-NB15-v2,multiclass,sage,33,0.477777190190534,0.4804852033467507,1500,409,1500,1500,1500,2,R1_still_rising,3.667481662591687,min_train_steps
4,0.4429542382502083,0.4758505506362883,0.4899510049310514,2,4.0,1409.0,1500.0,1,False,False,-0.014100454294763143,-0.014100454294763143,False,,,False,0.014100454294763143,0.04699676668084313,0.019755018644506878,False,True,True,False,NF-UNSW-NB15-v2__multiclass__sage__seed44,NF-UNSW-NB15-v2,multiclass,sage,44,0.4942928857892492,0.4899510049310514,1409,409,1500,1500,1500,2,R2_optimization_decay,3.667481662591687,min_train_steps
4,0.4678570272950993,0.4831002333044772,0.4915985574985414,1,3.0,909.0,1500.0,2,False,False,-0.00849832419406421,0.004628680986999922,False,,,False,0.013127005181064133,0.023741530203442107,0.009893803591585714,False,True,True,False,NF-UNSW-NB15-v2__multiclass__sage__seed55,NF-UNSW-NB15-v2,multiclass,sage,55,0.4935734687346148,0.4915985574985414,909,409,1500,1500,1500,2,R2_optimization_decay,3.667481662591687,min_train_steps
4,0.4603172148144903,0.4828870225377309,0.4828870225377309,3,4.0,1500.0,1500.0,0,False,True,0.0,0.00021797857948879784,True,2.0,4.0,True,0.0,0.02256980772324063,0.010620194638079068,True,False,True,False,NF-UNSW-NB15-v2__multiclass__sage_edge__seed11,NF-UNSW-NB15-v2,multiclass,sage_edge,11,0.4890161713602793,0.483262433911773,1500,409,1500,1500,1500,2,R1_still_rising,3.667481662591687,min_train_steps
4,0.4682524411252202,0.4503876269786134,0.4855168813115447,1,3.0,909.0,1500.0,2,False,False,-0.03512925433293129,-0.032933648541163985,False,,,False,0.03512925433293129,0.03512925433293129,0.016247545072164225,False,True,False,True,NF-UNSW-NB15-v2__multiclass__sage_edge__seed22,NF-UNSW-NB15-v2,multiclass,sage_edge,22,0.4809957014084395,0.485934643242181,909,409,1500,1500,1500,2,R2_optimization_decay,3.667481662591687,min_train_steps
4,0.4699282924462609,0.4865766326799804,0.4865766326799804,3,4.0,1500.0,1500.0,0,False,True,0.0,0.004896255010107431,True,2.0,4.0,True,0.0,0.016648340233719527,0.00757551989856378,True,False,True,False,NF-UNSW-NB15-v2__multiclass__sage_edge__seed33,NF-UNSW-NB15-v2,multiclass,sage_edge,33,0.4877255890997822,0.4863670387685255,1500,409,1500,1500,1500,2,R1_still_rising,3.667481662591687,min_train_steps
4,0.4637590085665469,0.4866643805207332,0.4912140815142933,2,4.0,1409.0,1500.0,1,False,False,-0.004549700993560113,-0.004549700993560113,False,2.0,4.0,True,0.004549700993560113,0.027455072947746406,0.01325632217169089,False,False,True,False,NF-UNSW-NB15-v2__multiclass__sage_edge__seed44,NF-UNSW-NB15-v2,multiclass,sage_edge,44,0.4917086202315349,0.4912140815142933,1409,409,1500,1500,1500,2,R3_plateau,3.667481662591687,min_train_steps
4,0.4608899748488336,0.4806692587984518,0.4898554555015965,1,3.0,909.0,1500.0,2,False,False,-0.009186196703144689,-0.0038014359364836325,False,,,False,0.009186196703144689,0.028965480652762887,0.012629668334633836,False,True,True,False,NF-UNSW-NB15-v2__multiclass__sage_edge__seed55,NF-UNSW-NB15-v2,multiclass,sage_edge,55,0.4931773099514078,0.4898554555015965,909,409,1500,1500,1500,2,R2_optimization_decay,3.667481662591687,min_train_steps
