dataset,class,locked_share,holdout_share,locked_n,holdout_n
NF-UNSW-NB15-v2,Analysis,0.0009372247686749357,0.0013329638976463452,448,178
NF-UNSW-NB15-v2,Backdoor,0.0009037524555079738,0.00013479410200918098,432,18
NF-UNSW-NB15-v2,Benign,0.960592627304621,0.9455431827882909,459170,126265
NF-UNSW-NB15-v2,DoS,0.002391178371864847,0.0028830960707519264,1143,385
NF-UNSW-NB15-v2,Exploits,0.013077214350417463,0.011420055864666722,6251,1525
NF-UNSW-NB15-v2,Fuzzers,0.009223714297070964,0.008671753895923976,4409,1158
NF-UNSW-NB15-v2,Generic,0.006828351886060246,0.0210203913522095,3264,2807
NF-UNSW-NB15-v2,Reconnaissance,0.005349294047995113,0.008252394467450968,2557,1102
NF-UNSW-NB15-v2,Shellcode,0.0006192377935887968,0.0006664819488231726,296,89
NF-UNSW-NB15-v2,Worms,7.74047241985996e-05,7.488561222732276e-05,37,10
NF-ToN-IoT-v2,Backdoor,0.000986249805053947,0.0009511331926767848,3339,559
NF-ToN-IoT-v2,Benign,0.36005827114751154,0.49873409106377187,1218996,293116
NF-ToN-IoT-v2,DDoS,0.11966793007462298,0.09140066698427823,405142,53718
NF-ToN-IoT-v2,DoS,0.042098600169189544,0.010476077043490097,142527,6157
NF-ToN-IoT-v2,injection,0.04053844099869091,0.00011570135438644252,137245,68
NF-ToN-IoT-v2,mitm,0.00046905201869591723,6.465663921595317e-05,1588,38
NF-ToN-IoT-v2,password,0.06810026843480768,0.021493228067787383,230557,12632
NF-ToN-IoT-v2,ransomware,0.0001990812724187961,3.062682910229361e-05,674,18
NF-ToN-IoT-v2,scanning,0.22284933151226152,0.3766929830531546,754468,221390
NF-ToN-IoT-v2,xss,0.14503277456674715,4.083577213639148e-05,491016,24
NF-CSE-CIC-IDS2018-v2,Benign,0.8801552106430155,0.9787628315723398,3326441,520786
NF-CSE-CIC-IDS2018-v2,Bot,0.007598865422370865,0.0,28719,0
NF-CSE-CIC-IDS2018-v2,Brute Force,0.0065254089295069565,0.00987998180745218,24662,5257
NF-CSE-CIC-IDS2018-v2,DDoS,0.07370177118998354,0.0,278547,0
NF-CSE-CIC-IDS2018-v2,DoS,0.025787563039440332,0.005393864901538473,97461,2870
NF-CSE-CIC-IDS2018-v2,Infilteration,0.006208690314284353,0.0059633217186695385,23465,3173
NF-CSE-CIC-IDS2018-v2,injection,2.249046139843043e-05,0.0,85,0
NF-BoT-IoT-v2,Benign,0.0036025005670099813,0.023728394043150036,27193,2876
NF-BoT-IoT-v2,DDoS,0.4854200272164791,0.0,3664129,0
NF-BoT-IoT-v2,DoS,0.4416369207224661,0.0,3333638,0
NF-BoT-IoT-v2,Reconnaissance,0.06927696158957804,0.9753228002145126,522928,118214
NF-BoT-IoT-v2,Theft,6.358990446676685e-05,0.0009488057423373623,480,115
