dataset,task,model,mean_val_std,mean_drop_after_best,mean_best_val,test_mean
NF-BoT-IoT-v2,binary,edge_mlp,0.028381635283594518,0.018731937898963318,0.8995012670741321,0.9003060806872509
NF-BoT-IoT-v2,binary,sage,0.11277240781720321,0.23272022125986572,0.6713826498637077,0.8042945730472676
NF-BoT-IoT-v2,binary,sage_edge,0.028614671030670204,0.05888386915912238,0.8732078163941974,0.8817967549855735
NF-BoT-IoT-v2,multiclass,edge_mlp,0.01172876121878524,0.01671462253209692,0.820398992686742,0.8169013170624708
NF-BoT-IoT-v2,multiclass,sage,0.06285573120278518,0.11354995762603814,0.49598416093116116,0.5511532113672153
NF-BoT-IoT-v2,multiclass,sage_edge,0.018812885982166162,0.027412359897017357,0.8258749427163273,0.8259787817819397
NF-CSE-CIC-IDS2018-v2,binary,edge_mlp,0.00109714971420684,0.00010769948183884,0.9838117745216248,0.9837114171988952
NF-CSE-CIC-IDS2018-v2,binary,sage,0.01833326222377544,0.02943173496786154,0.9860129939169937,0.9849622372787312
NF-CSE-CIC-IDS2018-v2,binary,sage_edge,0.00541166344483626,0.01156676898302228,0.9865256242572247,0.9859801747289941
NF-CSE-CIC-IDS2018-v2,multiclass,edge_mlp,0.012156070416340758,0.00838830106693062,0.6693202624137232,0.6686086823753221
NF-CSE-CIC-IDS2018-v2,multiclass,sage,0.04022305084150336,0.0918320290372542,0.6850665902852534,0.692632206357677
NF-CSE-CIC-IDS2018-v2,multiclass,sage_edge,0.03716522594819542,0.09184226157531032,0.677702487338134,0.6893567529803717
NF-ToN-IoT-v2,binary,edge_mlp,0.0012490396794697799,0.00010088162796384177,0.9708920812898343,0.9707167768867169
NF-ToN-IoT-v2,binary,sage,0.00518615963230256,0.0026386423306140002,0.9744168611683779,0.9775049146633259
NF-ToN-IoT-v2,binary,sage_edge,0.00964389293022962,0.021696698000018638,0.9772947678255299,0.9802216239215868
NF-ToN-IoT-v2,multiclass,edge_mlp,0.02263693399984938,0.00405552268237538,0.704583961949163,0.7039837155270707
NF-ToN-IoT-v2,multiclass,sage,0.02200887994880944,0.03221189406558752,0.7175641824902423,0.7493819968825661
NF-ToN-IoT-v2,multiclass,sage_edge,0.0197772258354573,0.01943809643095364,0.7371308290304089,0.7658103465695871
NF-UNSW-NB15-v2,binary,edge_mlp,0.00479707951668474,0.0,0.9666043627694538,0.9644750715186333
NF-UNSW-NB15-v2,binary,sage,0.00249678728945458,0.0032887976649266398,0.9730062030578596,0.9702453950314227
NF-UNSW-NB15-v2,binary,sage_edge,0.0020696657349612,0.00222823231255178,0.9725786365968994,0.9699112540542479
NF-UNSW-NB15-v2,multiclass,edge_mlp,0.020753470261345157,0.00592037327013434,0.41187132857302206,0.4140653194828297
NF-UNSW-NB15-v2,multiclass,sage,0.014335312543161982,0.00544549189516544,0.48905108366118305,0.4897698759899759
NF-UNSW-NB15-v2,multiclass,sage_edge,0.0120658500230263,0.00977303040592718,0.48721001470902914,0.4885246784102887
