dataset,task,model,macro_fpr,macro_fnr,worst_class_fpr
NF-BoT-IoT-v2,binary,edge_mlp,0.001833016937024904,0.001833016937024904,0.0039716103408965545
NF-BoT-IoT-v2,binary,sage,0.12635602565946177,0.12635602565946177,0.3984481300334645
NF-BoT-IoT-v2,binary,sage_edge,0.00273959036130027,0.00273959036130027,0.00518515794505939
NF-BoT-IoT-v2,multiclass,edge_mlp,0.004753086995711451,0.020326659873327886,0.010407546865398258
NF-BoT-IoT-v2,multiclass,sage,0.13334352796441196,0.21593726166667157,0.5364554034908768
NF-BoT-IoT-v2,multiclass,sage_edge,0.005836007680207258,0.019118031198008933,0.016747563141952675
NF-CSE-CIC-IDS2018-v2,binary,edge_mlp,0.02235887467365485,0.02235887467365485,0.044555668644122054
NF-CSE-CIC-IDS2018-v2,binary,sage,0.019996957626027094,0.019996957626027094,0.04037409010926416
NF-CSE-CIC-IDS2018-v2,binary,sage_edge,0.020440986873887537,0.020440986873887537,0.044198004587814255
NF-CSE-CIC-IDS2018-v2,multiclass,edge_mlp,0.04931045272560745,0.22144868972599405,0.4252473764715123
NF-CSE-CIC-IDS2018-v2,multiclass,sage,0.016162010766788186,0.22328084472393323,0.1501679351103526
NF-CSE-CIC-IDS2018-v2,multiclass,sage_edge,0.02216832028607633,0.20829174117076704,0.29160564070273154
NF-ToN-IoT-v2,binary,edge_mlp,0.028253489565326317,0.028253489565326317,0.03339469530662939
NF-ToN-IoT-v2,binary,sage,0.019682281514377287,0.019682281514377287,0.027752340581088143
NF-ToN-IoT-v2,binary,sage_edge,0.01752467102744193,0.01752467102744193,0.021415555379136288
NF-ToN-IoT-v2,multiclass,edge_mlp,0.012684301538216328,0.1432979855386386,0.02552702480531202
NF-ToN-IoT-v2,multiclass,sage,0.011061522482252187,0.14219832769723964,0.028001355783181824
NF-ToN-IoT-v2,multiclass,sage_edge,0.009329225678671582,0.12639480217985477,0.027029157034726088
NF-UNSW-NB15-v2,binary,edge_mlp,0.003455846976149678,0.003455846976149677,0.0060326240825837926
NF-UNSW-NB15-v2,binary,sage,0.0026328546869485102,0.0026328546869485102,0.005096151752074395
NF-UNSW-NB15-v2,binary,sage_edge,0.0026724373958371787,0.0026724373958371787,0.005252956421368992
NF-UNSW-NB15-v2,multiclass,edge_mlp,0.0028149677854700087,0.436201883575973,0.005983977972879953
NF-UNSW-NB15-v2,multiclass,sage,0.0021400996230426083,0.3162926644613875,0.007163512780619777
NF-UNSW-NB15-v2,multiclass,sage_edge,0.0021122914905699584,0.3152898303362325,0.006855697411209924
