dataset,task,model,class,support,fpr_mean,fpr_std,fnr_mean,recall_mean,fp_per_million_mean
NF-BoT-IoT-v2,binary,edge_mlp,Attack,7521175.0,0.0018534181590850588,0.001195754415974063,0.0018126157149647496,0.9981873842850352,1853.418159085059
NF-BoT-IoT-v2,binary,edge_mlp,Benign,27193.0,0.0018126157149647496,0.000628885897188611,0.0018534181590850588,0.9981465818409149,1812.6157149647493
NF-BoT-IoT-v2,binary,sage,Attack,7521175.0,0.25018938697458903,0.13602586615788842,0.002522664344334496,0.9974773356556655,250189.38697458906
NF-BoT-IoT-v2,binary,sage,Benign,27193.0,0.002522664344334496,0.0008330881979772466,0.25018938697458903,0.749810613025411,2522.6643443344956
NF-BoT-IoT-v2,binary,sage_edge,Attack,7521175.0,0.00323612694443423,0.0013355657556970452,0.00224305377816631,0.9977569462218338,3236.1269444342297
NF-BoT-IoT-v2,binary,sage_edge,Benign,27193.0,0.00224305377816631,0.0006639443553947109,0.00323612694443423,0.9967638730555658,2243.0537781663106
NF-BoT-IoT-v2,multiclass,edge_mlp,Benign,27193.0,0.0006533021768540155,4.0285227258394996e-05,0.011385282977236788,0.9886147170227633,653.3021768540154
NF-BoT-IoT-v2,multiclass,edge_mlp,DDoS,3664129.0,0.0054556890036890114,9.35364797303986e-07,0.00572266969858321,0.9942773303014167,5455.689003689011
NF-BoT-IoT-v2,multiclass,edge_mlp,DoS,3333638.0,0.010388945436599736,1.527963455780295e-05,0.020960764186153384,0.9790392358138466,10388.945436599734
NF-BoT-IoT-v2,multiclass,edge_mlp,Reconnaissance,522928.0,0.0069240645425766925,0.0001250490363095197,0.057314582504666034,0.942685417495334,6924.0645425766925
NF-BoT-IoT-v2,multiclass,edge_mlp,Theft,480.0,0.0003434338188377994,3.1718820998859266e-05,0.00625,0.99375,343.4338188377994
NF-BoT-IoT-v2,multiclass,sage,Benign,27193.0,0.012290446638989254,0.016776601643776194,0.10545360938476814,0.894546390615232,12290.446638989253
NF-BoT-IoT-v2,multiclass,sage,DDoS,3664129.0,0.2335799625100309,0.17121891101852912,0.5072953490447525,0.49270465095524746,233579.9625100309
NF-BoT-IoT-v2,multiclass,sage,DoS,3333638.0,0.3726607872864928,0.13136905765956702,0.2997323044673717,0.7002676955326284,372660.7872864929
NF-BoT-IoT-v2,multiclass,sage,Reconnaissance,522928.0,0.04780318385752351,0.022923015713386893,0.09220504543646545,0.9077949545635345,47803.183857523516
NF-BoT-IoT-v2,multiclass,sage,Theft,480.0,0.00038325952902321813,0.00046626024915318585,0.07499999999999998,0.925,383.25952902321814
NF-BoT-IoT-v2,multiclass,sage_edge,Benign,27193.0,0.0010489850322589222,9.347079021874119e-05,0.010385025558048027,0.9896149744419519,1048.9850322589223
NF-BoT-IoT-v2,multiclass,sage_edge,DDoS,3664129.0,0.0054555345332766595,1.294953924303712e-06,0.005674090622901104,0.9943259093770989,5455.53453327666
NF-BoT-IoT-v2,multiclass,sage_edge,DoS,3333638.0,0.006637008776362899,0.0003280410604625002,0.04029843672288353,0.9597015632771164,6637.008776362898
NF-BoT-IoT-v2,multiclass,sage_edge,Reconnaissance,522928.0,0.01584134232161971,0.0010130112134760292,0.027565936419545328,0.9724340635804547,15841.342321619715
NF-BoT-IoT-v2,multiclass,sage_edge,Theft,480.0,0.00019716773751809777,7.060629664992825e-05,0.011666666666666667,0.9883333333333333,197.1677375180978
NF-CSE-CIC-IDS2018-v2,binary,edge_mlp,Attack,452939.0,0.0018766603706483896,0.0002142609217883079,0.042841088976661314,0.9571589110233386,1876.6603706483897
NF-CSE-CIC-IDS2018-v2,binary,edge_mlp,Benign,3326441.0,0.042841088976661314,0.0022714952214669105,0.0018766603706483896,0.9981233396293516,42841.08897666131
NF-CSE-CIC-IDS2018-v2,binary,sage,Attack,452939.0,0.0019578883256910315,0.0009326766800982746,0.03803602692636315,0.9619639730736369,1957.8883256910315
NF-CSE-CIC-IDS2018-v2,binary,sage,Benign,3326441.0,0.03803602692636315,0.0017414232781435093,0.0019578883256910315,0.998042111674309,38036.026926363156
NF-CSE-CIC-IDS2018-v2,binary,sage_edge,Attack,452939.0,0.0012351338863367785,0.0009195960695683891,0.0396468398614383,0.9603531601385618,1235.1338863367787
NF-CSE-CIC-IDS2018-v2,binary,sage_edge,Benign,3326441.0,0.0396468398614383,0.002693821906491717,0.0012351338863367785,0.9987648661136632,39646.8398614383
NF-CSE-CIC-IDS2018-v2,multiclass,edge_mlp,Benign,3326441.0,0.01449069300722614,0.010118776834732742,0.37189909576030356,0.6281009042396964,14490.693007226137
NF-CSE-CIC-IDS2018-v2,multiclass,edge_mlp,Bot,28719.0,0.0005708327145535147,0.0001768417146320483,0.00034123750826978654,0.9996587624917301,570.8327145535147
NF-CSE-CIC-IDS2018-v2,multiclass,edge_mlp,Brute Force,24662.0,0.0005592430643260027,0.00014384770890278723,0.023526072500202742,0.9764739274997973,559.2430643260027
NF-CSE-CIC-IDS2018-v2,multiclass,edge_mlp,DDoS,278547.0,0.001167493565102934,0.0003077315217657471,0.01500285409643615,0.9849971459035638,1167.493565102934
NF-CSE-CIC-IDS2018-v2,multiclass,edge_mlp,DoS,97461.0,0.000557806947952956,0.00016055506440987592,0.002429689824647808,0.9975703101753522,557.8069479529561
NF-CSE-CIC-IDS2018-v2,multiclass,edge_mlp,Infilteration,23465.0,0.31716505831468494,0.13339011547163618,0.2687065842744513,0.7312934157255487,317165.05831468495
NF-CSE-CIC-IDS2018-v2,multiclass,edge_mlp,injection,85.0,0.010662041465405584,0.003573150940586023,0.868235294117647,0.13176470588235295,10662.041465405584
NF-CSE-CIC-IDS2018-v2,multiclass,sage,Benign,3326441.0,0.0306937578790963,0.004165261706416036,0.07425082843796117,0.9257491715620387,30693.757879096305
NF-CSE-CIC-IDS2018-v2,multiclass,sage,Bot,28719.0,0.00010398167149737072,0.00019542585296905703,0.0,1.0,103.98167149737074
NF-CSE-CIC-IDS2018-v2,multiclass,sage,Brute Force,24662.0,0.0002662250533861664,0.00011031250459334402,0.023477414646014112,0.9765225853539858,266.22505338616645
NF-CSE-CIC-IDS2018-v2,multiclass,sage,DDoS,278547.0,0.0001811568846614506,7.877195927778014e-05,0.2218569936132861,0.778143006386714,181.15688466145056
NF-CSE-CIC-IDS2018-v2,multiclass,sage,DoS,97461.0,0.00132289710881744,0.001734883069463707,0.006088589281866593,0.9939114107181334,1322.8971088174399
NF-CSE-CIC-IDS2018-v2,multiclass,sage,Infilteration,23465.0,0.06518800345588224,0.05204517042457687,0.5855273812060515,0.4144726187939485,65188.003455882266
NF-CSE-CIC-IDS2018-v2,multiclass,sage,injection,85.0,0.015378053314176321,0.02050454161864626,0.6517647058823529,0.3482352941176471,15378.05331417632
NF-CSE-CIC-IDS2018-v2,multiclass,sage_edge,Benign,3326441.0,0.027588262437105215,0.009286662619753234,0.12077093806864454,0.8792290619313554,27588.26243710522
NF-CSE-CIC-IDS2018-v2,multiclass,sage_edge,Bot,28719.0,6.820131171545495e-05,0.00011717129172267372,0.0,1.0,68.20131171545496
NF-CSE-CIC-IDS2018-v2,multiclass,sage_edge,Brute Force,24662.0,0.00026484012913885946,0.00020230444541957448,0.019763198442948667,0.9802368015570513,264.8401291388594
NF-CSE-CIC-IDS2018-v2,multiclass,sage_edge,DDoS,278547.0,0.0002473125681802017,0.00015580106143913965,0.2765795359490499,0.7234204640509502,247.31256818020165
NF-CSE-CIC-IDS2018-v2,multiclass,sage_edge,DoS,97461.0,0.0005878456315850511,0.00022092087002867087,0.0029345071361878083,0.9970654928638123,587.8456315850511
NF-CSE-CIC-IDS2018-v2,multiclass,sage_edge,Infilteration,23465.0,0.10612492561732627,0.12320171852774461,0.532111655657362,0.467888344342638,106124.92561732628
NF-CSE-CIC-IDS2018-v2,multiclass,sage_edge,injection,85.0,0.020296854307483275,0.017929781175911916,0.5058823529411764,0.49411764705882355,20296.854307483274
NF-ToN-IoT-v2,binary,edge_mlp,Attack,2166556.0,0.03256040216702926,0.0006656305262499,0.023946576963623373,0.9760534230363767,32560.40216702926
NF-ToN-IoT-v2,binary,edge_mlp,Benign,1218996.0,0.023946576963623373,0.0007932246490918475,0.03256040216702926,0.9674395978329707,23946.576963623374
NF-ToN-IoT-v2,binary,sage,Attack,2166556.0,0.015496359298964067,0.0008416742658301856,0.023868203729790503,0.9761317962702094,15496.359298964066
NF-ToN-IoT-v2,binary,sage,Benign,1218996.0,0.023868203729790503,0.002355323336919744,0.015496359298964067,0.984503640701036,23868.203729790508
NF-ToN-IoT-v2,binary,sage_edge,Attack,2166556.0,0.014707841535165005,0.002513704931574397,0.020341500519718853,0.9796584994802812,14707.841535165004
NF-ToN-IoT-v2,binary,sage_edge,Benign,1218996.0,0.020341500519718853,0.0008162443070601866,0.014707841535165005,0.985292158464835,20341.50051971885
NF-ToN-IoT-v2,multiclass,edge_mlp,Backdoor,3339.0,0.00015847612199468218,6.944967479307983e-05,0.010182689427972447,0.9898173105720275,158.47612199468216
NF-ToN-IoT-v2,multiclass,edge_mlp,Benign,1218996.0,0.009883797141638619,0.0010037571157836182,0.15933965328844393,0.8406603467115561,9883.797141638619
NF-ToN-IoT-v2,multiclass,edge_mlp,DDoS,405142.0,0.024730959834385204,0.0008065879286730449,0.08450074294938566,0.9154992570506144,24730.959834385205
NF-ToN-IoT-v2,multiclass,edge_mlp,DoS,142527.0,0.010413672420039932,0.002988198098439839,0.09708476288703193,0.902915237112968,10413.672420039931
NF-ToN-IoT-v2,multiclass,edge_mlp,injection,137245.0,0.021608794981508826,0.0015565309671455375,0.23497540894021637,0.7650245910597835,21608.79498150883
NF-ToN-IoT-v2,multiclass,edge_mlp,mitm,1588.0,0.015122796814623325,0.0032552141900695653,0.5442065491183878,0.4557934508816121,15122.796814623323
NF-ToN-IoT-v2,multiclass,edge_mlp,password,230557.0,0.010905627425717,0.0002856231681223695,0.13859219195253233,0.8614078080474676,10905.627425716997
NF-ToN-IoT-v2,multiclass,edge_mlp,ransomware,674.0,0.004894711124005061,0.0004432802105925504,0.0314540059347181,0.968545994065282,4894.71112400506
NF-ToN-IoT-v2,multiclass,edge_mlp,scanning,754468.0,0.015268003606118238,0.0014302685484469811,0.036029891261127045,0.963970108738873,15268.003606118238
NF-ToN-IoT-v2,multiclass,edge_mlp,xss,491016.0,0.013856175912132377,0.0004885908696848448,0.09661395962657021,0.9033860403734298,13856.175912132376
NF-ToN-IoT-v2,multiclass,sage,Backdoor,3339.0,0.00024007949824567527,0.00013080368451149463,0.003533992213237497,0.9964660077867625,240.0794982456752
NF-ToN-IoT-v2,multiclass,sage,Benign,1218996.0,0.021127356043416375,0.00531890895325938,0.04234419144935668,0.9576558085506433,21127.356043416374
NF-ToN-IoT-v2,multiclass,sage,DDoS,405142.0,0.005026019910012381,0.0015858140041367828,0.08027605135977016,0.9197239486402298,5026.019910012381
NF-ToN-IoT-v2,multiclass,sage,DoS,142527.0,0.00500353836310235,0.000849566020205815,0.27774947904607544,0.7222505209539245,5003.538363102351
NF-ToN-IoT-v2,multiclass,sage,injection,137245.0,0.0225322914367392,0.004893156473055704,0.3304572115559765,0.6695427884440235,22532.2914367392
NF-ToN-IoT-v2,multiclass,sage,mitm,1588.0,0.018411897998914885,0.003916956020208662,0.27758186397984885,0.7224181360201511,18411.897998914883
NF-ToN-IoT-v2,multiclass,sage,password,230557.0,0.01746887079060347,0.005976605332323655,0.18677810693234212,0.8132218930676579,17468.870790603472
NF-ToN-IoT-v2,multiclass,sage,ransomware,674.0,0.0002243507742376535,5.526648453462689e-05,0.029376854599406525,0.9706231454005934,224.35077423765347
NF-ToN-IoT-v2,multiclass,sage,scanning,754468.0,0.010606578885356757,0.001918958308712059,0.06878939862260561,0.9312106013773944,10606.578885356757
NF-ToN-IoT-v2,multiclass,sage,xss,491016.0,0.009974241121893112,0.001973761094613561,0.12509612721377714,0.8749038727862228,9974.241121893112
NF-ToN-IoT-v2,multiclass,sage_edge,Backdoor,3339.0,0.0001740872026687852,6.785011783963719e-05,0.005271039233303384,0.9947289607666967,174.0872026687852
NF-ToN-IoT-v2,multiclass,sage_edge,Benign,1218996.0,0.014757707624450972,0.0046128397444356395,0.04439686430472291,0.955603135695277,14757.707624450972
NF-ToN-IoT-v2,multiclass,sage_edge,DDoS,405142.0,0.0039033555785948915,0.001406567050401821,0.06759062254715631,0.9324093774528437,3903.355578594891
NF-ToN-IoT-v2,multiclass,sage_edge,DoS,142527.0,0.005359810670593042,0.0018623073370037508,0.1790201154868902,0.8209798845131099,5359.810670593042
NF-ToN-IoT-v2,multiclass,sage_edge,injection,137245.0,0.0222177275731635,0.004429755745780056,0.24947939815658132,0.7505206018434187,22217.727573163498
NF-ToN-IoT-v2,multiclass,sage_edge,mitm,1588.0,0.01357159827941432,0.0035139896945029702,0.3517632241813602,0.6482367758186398,13571.59827941432
NF-ToN-IoT-v2,multiclass,sage_edge,password,230557.0,0.011925724129515262,0.003923993015145449,0.1926083354658501,0.8073916645341498,11925.72412951526
NF-ToN-IoT-v2,multiclass,sage_edge,ransomware,674.0,0.00028006917826875884,8.89136304454341e-05,0.01572700296735905,0.9842729970326409,280.0691782687589
NF-ToN-IoT-v2,multiclass,sage_edge,scanning,754468.0,0.012018924519323595,0.0032942836500445384,0.04662702725629185,0.9533729727437082,12018.924519323595
NF-ToN-IoT-v2,multiclass,sage_edge,xss,491016.0,0.009083252030722713,0.0014193067556075452,0.11146439219903222,0.8885356078009679,9083.252030722713
NF-UNSW-NB15-v2,binary,edge_mlp,Attack,18837.0,0.0059455103774201275,5.116771620302185e-05,0.000966183574879227,0.9990338164251208,5945.510377420128
NF-UNSW-NB15-v2,binary,edge_mlp,Benign,459170.0,0.000966183574879227,6.921699214527408e-05,0.0059455103774201275,0.9940544896225798,966.183574879227
NF-UNSW-NB15-v2,binary,sage,Attack,18837.0,0.0049471873162445276,0.00017860035813787353,0.00031852205765249244,0.9996814779423475,4947.187316244528
NF-UNSW-NB15-v2,binary,sage,Benign,459170.0,0.00031852205765249244,0.00021564045242437652,0.0049471873162445276,0.9950528126837554,318.52205765249244
NF-UNSW-NB15-v2,binary,sage_edge,Attack,18837.0,0.005005117930178366,0.0001624749422112859,0.0003397568614959919,0.9996602431385041,5005.117930178365
NF-UNSW-NB15-v2,binary,sage_edge,Benign,459170.0,0.0003397568614959919,0.000186183340412488,0.005005117930178366,0.9949948820698216,339.756861495992
NF-UNSW-NB15-v2,multiclass,edge_mlp,Analysis,448.0,0.0030358552555809857,0.0008593206090517543,0.640625,0.359375,3035.855255580986
NF-UNSW-NB15-v2,multiclass,edge_mlp,Backdoor,432.0,0.003569282311678794,0.0015349550060294757,0.4805555555555555,0.5194444444444445,3569.282311678794
NF-UNSW-NB15-v2,multiclass,edge_mlp,Benign,459170.0,0.0010192705844879759,0.00026912548400778415,0.010044645773896379,0.9899553542261037,1019.2705844879758
NF-UNSW-NB15-v2,multiclass,edge_mlp,DoS,1143.0,0.001831549456448799,0.0008683424880384648,0.9217847769028872,0.07821522309711286,1831.5494564487988
NF-UNSW-NB15-v2,multiclass,edge_mlp,Exploits,6251.0,0.004200476517521769,0.000422952115533684,0.4024316109422492,0.5975683890577508,4200.47651752177
NF-UNSW-NB15-v2,multiclass,edge_mlp,Fuzzers,4409.0,0.005361509127994628,0.0006747861628887564,0.5325924245860739,0.4674075754139261,5361.509127994628
NF-UNSW-NB15-v2,multiclass,edge_mlp,Generic,3264.0,0.0002742536488163069,0.0004289269282970252,0.3403186274509804,0.6596813725490196,274.25364881630696
NF-UNSW-NB15-v2,multiclass,edge_mlp,Reconnaissance,2557.0,0.004653696498054474,0.0006678945597430287,0.24380132968322252,0.7561986703167775,4653.696498054474
NF-UNSW-NB15-v2,multiclass,edge_mlp,Shellcode,296.0,0.001864307081059469,0.0009287419809073741,0.5087837837837837,0.49121621621621625,1864.307081059469
NF-UNSW-NB15-v2,multiclass,edge_mlp,Worms,37.0,0.002339477373056886,0.0010121677086614657,0.2810810810810811,0.7189189189189189,2339.4773730568863
NF-UNSW-NB15-v2,multiclass,sage,Analysis,448.0,0.004925464706978614,0.002493672639747439,0.3647321428571429,0.6352678571428572,4925.464706978614
NF-UNSW-NB15-v2,multiclass,sage,Backdoor,432.0,0.0030231900748573523,0.002843671737495722,0.5893518518518519,0.4106481481481481,3023.1900748573526
NF-UNSW-NB15-v2,multiclass,sage,Benign,459170.0,0.00036099166533949147,0.0006915589136054389,0.008132499945553933,0.9918675000544461,360.9916653394914
NF-UNSW-NB15-v2,multiclass,sage,DoS,1143.0,0.0019473057307743927,0.0002722011465488677,0.8699912510936134,0.1300087489063867,1947.3057307743925
NF-UNSW-NB15-v2,multiclass,sage,Exploits,6251.0,0.0019828046702108715,0.0004945576160017914,0.3954887218045113,0.6045112781954887,1982.8046702108718
NF-UNSW-NB15-v2,multiclass,sage,Fuzzers,4409.0,0.0035063492666776467,0.00023848964358824326,0.18022227262417784,0.8197777273758222,3506.3492666776465
NF-UNSW-NB15-v2,multiclass,sage,Generic,3264.0,0.0003260711585004939,0.00010894807422285901,0.2943014705882353,0.7056985294117647,326.07115850049394
NF-UNSW-NB15-v2,multiclass,sage,Reconnaissance,2557.0,0.0010911767798927334,0.0006386265185029064,0.24786859601095035,0.7521314039890497,1091.1767798927333
NF-UNSW-NB15-v2,multiclass,sage,Shellcode,296.0,0.0017985769638965816,0.0007723787966190922,0.03986486486486487,0.960135135135135,1798.576963896582
NF-UNSW-NB15-v2,multiclass,sage,Worms,37.0,0.0024390652132979056,0.0008887615652576627,0.17297297297297298,0.827027027027027,2439.0652132979058
NF-UNSW-NB15-v2,multiclass,sage_edge,Analysis,448.0,0.005246262765438407,0.002124650354875149,0.284375,0.715625,5246.262765438407
NF-UNSW-NB15-v2,multiclass,sage_edge,Backdoor,432.0,0.0022337852693294245,0.002064337764403615,0.6726851851851852,0.3273148148148148,2233.785269329425
NF-UNSW-NB15-v2,multiclass,sage_edge,Benign,459170.0,0.00016987843074799596,0.00015201806087249936,0.008143389158699391,0.9918566108413007,169.87843074799596
NF-UNSW-NB15-v2,multiclass,sage_edge,DoS,1143.0,0.001983374714803382,0.0004622364233279758,0.8650918635170604,0.13490813648293964,1983.3747148033822
NF-UNSW-NB15-v2,multiclass,sage_edge,Exploits,6251.0,0.0022948303784159608,0.0003071304836006126,0.3892497200447928,0.6107502799552071,2294.8303784159607
NF-UNSW-NB15-v2,multiclass,sage_edge,Fuzzers,4409.0,0.0036334612899547717,0.00036060669672585753,0.17033340893626672,0.8296665910637333,3633.461289954772
NF-UNSW-NB15-v2,multiclass,sage_edge,Generic,3264.0,0.00025613858445516834,5.323826379973713e-05,0.307781862745098,0.6922181372549019,256.13858445516837
NF-UNSW-NB15-v2,multiclass,sage_edge,Reconnaissance,2557.0,0.0010217688505626248,0.00029503346536063,0.2444270629644114,0.7555729370355886,1021.768850562625
NF-UNSW-NB15-v2,multiclass,sage_edge,Shellcode,296.0,0.002099177117545964,0.0005241685418012958,0.043243243243243246,0.9567567567567569,2099.177117545964
NF-UNSW-NB15-v2,multiclass,sage_edge,Worms,37.0,0.0021842375044458856,0.0006099453722914307,0.16756756756756758,0.8324324324324325,2184.237504445886
