dataset,task,comparison,model_a,model_b,n_pairs,mean_delta,sd_delta,se_delta,cohen_dz,boot_ci_lo,boot_ci_hi,ci_excludes_zero,sign_test_k_positive,p_sign,wilcoxon_W,p_wilcoxon,t_stat,p_paired_t,ci_width,direction,seed_deltas,p_wilcoxon_holm,p_sign_holm
NF-BoT-IoT-v2,binary,sage_edge_minus_edge_mlp,sage_edge,edge_mlp,5,-0.018509325701677494,0.02121289242954557,0.009486693894370912,-0.8725507736935244,-0.035697914901448094,-0.002443622947472268,True,1,0.375,1.0,0.125,-1.9510828437987557,0.12280446136850948,0.03325429195397583,a<b,0.001507;-0.034832;-0.046912;-0.002922;-0.009387,1.0,1.0
NF-BoT-IoT-v2,binary,sage_edge_minus_sage,sage_edge,sage,5,0.07750218193830602,0.03529605738806749,0.015784876731490514,2.1957744766277245,0.049919806514267286,0.10508455736234476,True,5,0.0625,0.0,0.0625,4.909900992998616,0.007987011034743623,0.055164750848077475,a> b,0.108772;0.089651;0.044665;0.035309;0.109114,1.0,1.0
NF-BoT-IoT-v2,binary,sage_minus_edge_mlp,sage,edge_mlp,5,-0.09601150763998352,0.034645785409865626,0.01549406626206599,-2.7712319551758116,-0.11790210240153313,-0.06615072004072069,True,0,0.0625,0.0,0.0625,-6.196663033192764,0.003448610927976632,0.05175138236081245,a<b,-0.107265;-0.124483;-0.091577;-0.038231;-0.118501,1.0,1.0
NF-BoT-IoT-v2,multiclass,sage_edge_minus_edge_mlp,sage_edge,edge_mlp,5,0.009077464719468886,0.011639121914163556,0.005205173559695436,0.7799097549122318,0.00016180764318189932,0.01799312179575587,True,3,1.0,3.0,0.3125,1.7439312282989508,0.1561191447075495,0.01783131415257397,a> b,0.013918;-0.002087;-0.004468;0.016468;0.021556,1.0,1.0
NF-BoT-IoT-v2,multiclass,sage_edge_minus_sage,sage_edge,sage,5,0.2748255704147244,0.06271097103361593,0.028045198833237094,4.3824161208954235,0.23398984583731536,0.32943354446779044,True,5,0.0625,0.0,0.0625,9.799380352013102,0.0006078439317894854,0.09544369863047508,a> b,0.283234;0.233742;0.224969;0.252529;0.379655,1.0,1.0
NF-BoT-IoT-v2,multiclass,sage_minus_edge_mlp,sage,edge_mlp,5,-0.26574810569525553,0.053936368513066095,0.024121077290939007,-4.927067079625096,-0.31461000792233856,-0.23331813787365663,True,0,0.0625,0.0,0.0625,-11.017256919743083,0.00038580948732076515,0.08129187004868194,a<b,-0.269316;-0.235828;-0.229437;-0.236061;-0.358099,1.0,1.0
NF-CSE-CIC-IDS2018-v2,binary,sage_edge_minus_edge_mlp,sage_edge,edge_mlp,5,0.0022687575300989415,0.0018208500670956495,0.000814308905372185,1.2459881080256803,0.0006390031983575905,0.003362109567453575,True,4,0.375,1.0,0.125,2.7861141087017725,0.04950814162996101,0.002723106369095984,a> b,-0.000876;0.003535;0.003343;0.003055;0.002287,1.0,1.0
NF-CSE-CIC-IDS2018-v2,binary,sage_edge_minus_sage,sage_edge,sage,5,0.0010179374502628624,0.0017584090943997474,0.000786384453466336,0.5788968298132845,-0.000287680516684774,0.002468839297826464,False,3,1.0,5.0,0.625,1.2944526634216311,0.2651809790883879,0.002756519814511238,a> b,-0.000603;-0.000136;0.003345;0.000038;0.002445,1.0,1.0
NF-CSE-CIC-IDS2018-v2,binary,sage_minus_edge_mlp,sage,edge_mlp,5,0.001250820079836079,0.0019268058780228233,0.0008616937845410402,0.6491676686805617,-0.00017280888827326814,0.002774199967224855,False,2,1.0,6.0,0.8125,1.4515830359647974,0.2202502892215116,0.0029470088554981234,a> b,-0.000273;0.003671;-0.000002;0.003016;-0.000158,1.0,1.0
NF-CSE-CIC-IDS2018-v2,multiclass,sage_edge_minus_edge_mlp,sage_edge,edge_mlp,5,0.02074807060504962,0.015409498213728175,0.006891337101011556,1.346446867852281,0.006851070795897418,0.02956134660118599,True,4,0.375,1.0,0.125,3.010746724609376,0.03952129921930281,0.02271027580528857,a> b,0.026196;0.029998;0.022980;-0.006241;0.030808,1.0,1.0
NF-CSE-CIC-IDS2018-v2,multiclass,sage_edge_minus_sage,sage_edge,sage,5,-0.003275453377305304,0.02703018468489776,0.012088266079961024,-0.12117761737437767,-0.02412064719997107,0.01756974044536046,False,2,1.0,7.0,1.0,-0.27096138980056805,0.799828643268554,0.041690387645331534,a<b,-0.019144;0.023420;-0.039442;0.022220;-0.003431,1.0,1.0
NF-CSE-CIC-IDS2018-v2,multiclass,sage_minus_edge_mlp,sage,edge_mlp,5,0.02402352398235492,0.03567956019238584,0.015956384399494043,0.6733133439094812,-0.0033810364902209676,0.04995244161803651,False,4,0.375,2.0,0.1875,1.5055744071392938,0.2066346071270294,0.053333478108257476,a> b,0.045340;0.006578;0.062422;-0.028461;0.034238,1.0,1.0
NF-ToN-IoT-v2,binary,sage_edge_minus_edge_mlp,sage_edge,edge_mlp,5,0.009504847034869802,0.0007350117133353818,0.00032870723105530046,12.931558589370116,0.008888609817660686,0.01001757884837946,True,5,0.0625,0.0,0.0625,28.915844060852866,8.514377785955824e-06,0.0011289690307187735,a> b,0.010306;0.009839;0.009332;0.008347;0.009700,1.0,1.0
NF-ToN-IoT-v2,binary,sage_edge_minus_sage,sage_edge,sage,5,0.002716709258260841,0.0020429313969151427,0.0009136266953741726,1.329809342772407,0.0011690247419382294,0.004372343056560202,True,5,0.0625,0.0,0.0625,2.97354408755342,0.04100007279576211,0.0032033183146219723,a> b,0.005625;0.003487;0.002494;0.000088;0.001890,1.0,1.0
NF-ToN-IoT-v2,binary,sage_minus_edge_mlp,sage,edge_mlp,5,0.00678813777660896,0.0014002496682597562,0.0006262106887400689,4.847805309638333,0.005641161257074034,0.007795569631441479,True,5,0.0625,0.0,0.0625,10.840022214035727,0.00041094546050981037,0.002154408374367445,a> b,0.004681;0.006352;0.006837;0.008260;0.007810,1.0,1.0
NF-ToN-IoT-v2,multiclass,sage_edge_minus_edge_mlp,sage_edge,edge_mlp,5,0.0618266310425164,0.007113284053524648,0.003181157337389273,8.691714063053782,0.05581967156928471,0.06680832592905939,True,5,0.0625,0.0,0.0625,19.43526348597915,4.1320269463014914e-05,0.010988654359774676,a> b,0.068168;0.060074;0.067367;0.062972;0.050553,1.0,1.0
NF-ToN-IoT-v2,multiclass,sage_edge_minus_sage,sage_edge,sage,5,0.016428349687020893,0.007284505928654215,0.0032577300877942115,2.255245564753898,0.010977430332998427,0.022102308613970733,True,5,0.0625,0.0,0.0625,5.04288238874462,0.0072673290546053735,0.011124878280972306,a> b,0.025216;0.021859;0.015248;0.013006;0.006813,1.0,1.0
NF-ToN-IoT-v2,multiclass,sage_minus_edge_mlp,sage,edge_mlp,5,0.04539828135549551,0.005620288995645085,0.002513469649491286,8.077570635722227,0.041215046859199855,0.04985477805469744,True,5,0.0625,0.0,0.0625,18.061997034531093,5.524144749863501e-05,0.008639731195497588,a> b,0.042953;0.038215;0.052119;0.049966;0.043739,1.0,1.0
NF-UNSW-NB15-v2,binary,sage_edge_minus_edge_mlp,sage_edge,edge_mlp,5,0.005436182535614597,0.0010099608387602744,0.0004516682180161356,5.382567647164918,0.00458396290500418,0.006141416435040492,True,5,0.0625,0.0,0.0625,12.035787152551858,0.0002732286189590975,0.001557453530036312,a> b,0.005979;0.005054;0.005789;0.003879;0.006480,1.0,1.0
NF-UNSW-NB15-v2,binary,sage_edge_minus_sage,sage_edge,sage,5,-0.00033414097717483494,0.0005787664033336947,0.00025883220418944044,-0.5773330574307403,-0.0007781613983578461,0.00010213351274721561,False,1,0.375,3.0,0.3125,-1.2909559620729254,0.26627671199786446,0.0008802949111050617,a<b,0.000358;-0.000110;-0.000048;-0.000885;-0.000986,1.0,1.0
NF-UNSW-NB15-v2,binary,sage_minus_edge_mlp,sage,edge_mlp,5,0.005770323512789432,0.0010347002162834368,0.0004627320039886999,5.576807100240095,0.005084169781724856,0.006679797358011719,True,5,0.0625,0.0,0.0625,12.470119773540336,0.00023783493290544135,0.0015956275762868625,a> b,0.005621;0.005164;0.005837;0.004764;0.007466,1.0,1.0
NF-UNSW-NB15-v2,multiclass,sage_edge_minus_edge_mlp,sage_edge,edge_mlp,5,0.07445935892745902,0.011013771901258542,0.00492550853197824,6.76056845874487,0.06621823715665377,0.08304277344494489,True,5,0.0625,0.0,0.0625,15.117090640294512,0.00011161280526112537,0.016824536288291114,a> b,0.070451;0.059285;0.087326;0.072450;0.082784,1.0,1.0
NF-UNSW-NB15-v2,multiclass,sage_edge_minus_sage,sage_edge,sage,5,-0.0012451975796872183,0.007775086742081422,0.003477124497250287,-0.16015224279721335,-0.0074868711379731615,0.005197817184643039,False,1,0.375,4.0,0.4375,-0.3581113016436201,0.7383588411805055,0.0126846883226162,a<b,-0.001272;-0.011922;0.009948;-0.002584;-0.000396,1.0,1.0
NF-UNSW-NB15-v2,multiclass,sage_minus_edge_mlp,sage,edge_mlp,5,0.07570455650714623,0.004878858208735352,0.002181891721463021,15.516859328193021,0.07217899059317734,0.07972828135683857,True,5,0.0625,0.0,0.0625,34.69675225514131,4.1171317878669045e-06,0.007549290763661232,a> b,0.071723;0.071208;0.077378;0.075034;0.083180,1.0,1.0
