dataset,task,contrast,a,b,n,mean_delta,sd,ci_lo,ci_hi,ci_excludes_zero,p_wilcoxon,dz
NF-BoT-IoT-v2,binary,topology_confounded_archive,sage,edge_mlp,5,-0.09601150763998352,0.034645785409865626,-0.11864686366458015,-0.06584448726360626,True,0.0625,-2.7712319551758116
NF-BoT-IoT-v2,binary,direct_edge_path,sage_edge,sage,5,0.07750218193830602,0.03529605738806749,0.049919806514267286,0.10508455736234476,True,0.0625,2.1957744766277245
NF-BoT-IoT-v2,multiclass,topology_confounded_archive,sage,edge_mlp,5,-0.26574810569525553,0.053936368513066095,-0.31461000792233856,-0.23331813787365663,True,0.0625,-4.927067079625096
NF-BoT-IoT-v2,multiclass,direct_edge_path,sage_edge,sage,5,0.2748255704147244,0.06271097103361593,0.23398984583731536,0.3294335444677904,True,0.0625,4.3824161208954235
NF-CSE-CIC-IDS2018-v2,binary,topology_confounded_archive,sage,edge_mlp,5,0.001250820079836079,0.0019268058780228233,-0.00017280888827326814,0.002774199967224855,False,0.8125,0.6491676686805617
NF-CSE-CIC-IDS2018-v2,binary,direct_edge_path,sage_edge,sage,5,0.0010179374502628624,0.0017584090943997474,-0.000287680516684774,0.002468839297826464,False,0.625,0.5788968298132845
NF-CSE-CIC-IDS2018-v2,multiclass,topology_confounded_archive,sage,edge_mlp,5,0.02402352398235492,0.03567956019238584,-0.0066928976172620615,0.04995244161803651,False,0.1875,0.6733133439094812
NF-CSE-CIC-IDS2018-v2,multiclass,direct_edge_path,sage_edge,sage,5,-0.003275453377305304,0.02703018468489776,-0.02412064719997107,0.01756974044536046,False,1.0,-0.12117761737437767
NF-ToN-IoT-v2,binary,topology_confounded_archive,sage,edge_mlp,5,0.00678813777660896,0.0014002496682597562,0.005641161257074034,0.007795569631441479,True,0.0625,4.847805309638333
NF-ToN-IoT-v2,binary,direct_edge_path,sage_edge,sage,5,0.002716709258260841,0.0020429313969151427,0.0011690247419382294,0.004372343056560202,True,0.0625,1.329809342772407
NF-ToN-IoT-v2,multiclass,capacity_no_topology,mlp_h273_2l,edge_mlp,3,0.04620682412574199,0.002397644888304491,0.04399746479250599,0.04875640846495777,True,0.25,19.271754691920794
NF-ToN-IoT-v2,multiclass,topology_at_matched_capacity,sage,mlp_h273_2l,3,-0.0017779894848300633,0.008420518106580099,-0.010541118411495187,0.006251972399868078,False,0.75,-0.2111496540148376
NF-ToN-IoT-v2,multiclass,topology_at_matched_capacity_edge,sage_edge,mlp_h273_2l,3,0.018996087921009524,0.006782670943463902,0.011317415140171483,0.024170756993168285,True,0.25,2.8006795669949227
NF-ToN-IoT-v2,multiclass,topology_confounded_archive,sage,edge_mlp,5,0.04539828135549551,0.005620288995645085,0.041215046859199855,0.04985477805469744,True,0.0625,8.077570635722227
NF-ToN-IoT-v2,multiclass,direct_edge_path,sage_edge,sage,5,0.016428349687020893,0.007284505928654215,0.010977430332998427,0.022102308613970733,True,0.0625,2.255245564753898
NF-UNSW-NB15-v2,binary,topology_confounded_archive,sage,edge_mlp,5,0.005770323512789432,0.0010347002162834368,0.005095085337817408,0.00663657856695683,True,0.0625,5.576807100240095
NF-UNSW-NB15-v2,binary,direct_edge_path,sage_edge,sage,5,-0.00033414097717483494,0.0005787664033336947,-0.0007781613983578461,0.00010213351274721561,False,0.3125,-0.5773330574307403
NF-UNSW-NB15-v2,binary,best_tabular_vs_edge_mlp,hist_gradient_boosting,edge_mlp,3,0.011681431764550498,0.00047275884670666,0.011391046006831163,0.012226947027151991,True,0.25,24.709070694130567
NF-UNSW-NB15-v2,binary,best_tabular_vs_topo,hist_gradient_boosting,sage_edge,3,0.006074049924013762,0.0005743364912457997,0.005411949475091937,0.00643795820425519,True,0.25,10.575768763775521
NF-UNSW-NB15-v2,binary,control_vs_archive,mlp_h128_1l,edge_mlp,5,-0.0003199348109980349,0.000263663332489349,-0.0005183656553032989,-0.00011295911537105852,True,0.125,-1.213421707058789
NF-UNSW-NB15-v2,multiclass,topology_confounded_archive,sage,edge_mlp,5,0.07570455650714623,0.004878858208735352,0.07217899059317734,0.07972828135683857,True,0.0625,15.516859328193021
NF-UNSW-NB15-v2,multiclass,direct_edge_path,sage_edge,sage,5,-0.0012451975796872183,0.007775086742081422,-0.0074868711379731615,0.005372954477364666,False,0.4375,-0.16015224279721335
NF-UNSW-NB15-v2,multiclass,best_tabular_vs_edge_mlp,hist_gradient_boosting,edge_mlp,3,0.24004001045310497,0.010755224877218686,0.23361117244183138,0.2524564614912956,True,0.25,22.31845574531396
NF-UNSW-NB15-v2,multiclass,best_tabular_vs_topo,hist_gradient_boosting,sage_edge,3,0.167685807288353,0.006211102624043784,0.1631602246142665,0.17476701349975166,True,0.25,26.997751838655006
NF-UNSW-NB15-v2,multiclass,control_vs_archive,mlp_h128_1l,edge_mlp,5,0.007439014965622115,0.011154401751207502,-0.0012361387580594352,0.016114168689303664,False,0.3125,0.6669129489456318
