dataset,task,comparison,subset,n,mean_delta,ci_lo,ci_hi,ci_excludes_zero
NF-BoT-IoT-v2,binary,sage_minus_edge_mlp,all_runs,5,-0.09601150763998352,-0.11864686366458015,-0.06584448726360626,True
NF-BoT-IoT-v2,binary,sage_minus_edge_mlp,non_collapsed_only,0,,,,
NF-BoT-IoT-v2,binary,sage_edge_minus_edge_mlp,all_runs,5,-0.018509325701677494,-0.035697914901448094,-0.002443622947472268,True
NF-BoT-IoT-v2,binary,sage_edge_minus_edge_mlp,non_collapsed_only,5,-0.018509325701677494,-0.035697914901448094,-0.002443622947472268,True
NF-BoT-IoT-v2,binary,sage_edge_minus_sage,all_runs,5,0.07750218193830602,0.049919806514267286,0.10508455736234476,True
NF-BoT-IoT-v2,binary,sage_edge_minus_sage,non_collapsed_only,0,,,,
NF-BoT-IoT-v2,multiclass,sage_minus_edge_mlp,all_runs,5,-0.26574810569525553,-0.31461000792233856,-0.23331813787365663,True
NF-BoT-IoT-v2,multiclass,sage_minus_edge_mlp,non_collapsed_only,1,-0.2358284527381238,,,False
NF-BoT-IoT-v2,multiclass,sage_edge_minus_edge_mlp,all_runs,5,0.009077464719468886,0.00016180764318189932,0.01799312179575587,True
NF-BoT-IoT-v2,multiclass,sage_edge_minus_edge_mlp,non_collapsed_only,5,0.009077464719468886,0.00016180764318189932,0.01799312179575587,True
NF-BoT-IoT-v2,multiclass,sage_edge_minus_sage,all_runs,5,0.2748255704147244,0.23398984583731536,0.32943354446779044,True
NF-BoT-IoT-v2,multiclass,sage_edge_minus_sage,non_collapsed_only,1,0.23374161153001172,,,False
NF-CSE-CIC-IDS2018-v2,binary,sage_minus_edge_mlp,all_runs,5,0.001250820079836079,-0.00017280888827326814,0.002774199967224855,False
NF-CSE-CIC-IDS2018-v2,binary,sage_minus_edge_mlp,non_collapsed_only,5,0.001250820079836079,-0.00017280888827326814,0.002774199967224855,False
NF-CSE-CIC-IDS2018-v2,binary,sage_edge_minus_edge_mlp,all_runs,5,0.0022687575300989415,0.0006390031983575905,0.003362109567453575,True
NF-CSE-CIC-IDS2018-v2,binary,sage_edge_minus_edge_mlp,non_collapsed_only,5,0.0022687575300989415,0.0006390031983575905,0.003362109567453575,True
NF-CSE-CIC-IDS2018-v2,binary,sage_edge_minus_sage,all_runs,5,0.0010179374502628624,-0.000287680516684774,0.002468839297826464,False
NF-CSE-CIC-IDS2018-v2,binary,sage_edge_minus_sage,non_collapsed_only,5,0.0010179374502628624,-0.000287680516684774,0.002468839297826464,False
NF-CSE-CIC-IDS2018-v2,multiclass,sage_minus_edge_mlp,all_runs,5,0.02402352398235492,-0.0066928976172620615,0.04995244161803651,False
NF-CSE-CIC-IDS2018-v2,multiclass,sage_minus_edge_mlp,non_collapsed_only,4,0.01442383053018964,-0.012785905102740386,0.039789012617001795,False
NF-CSE-CIC-IDS2018-v2,multiclass,sage_edge_minus_edge_mlp,all_runs,5,0.02074807060504962,0.006851070795897418,0.02956134660118599,True
NF-CSE-CIC-IDS2018-v2,multiclass,sage_edge_minus_edge_mlp,non_collapsed_only,3,0.014311591341106785,-0.0062407872424676825,0.026195575002074478,False
NF-CSE-CIC-IDS2018-v2,multiclass,sage_edge_minus_sage,all_runs,5,-0.003275453377305304,-0.02412064719997107,0.01756974044536046,False
NF-CSE-CIC-IDS2018-v2,multiclass,sage_edge_minus_sage,non_collapsed_only,2,0.001537943304532996,-0.019144012272072408,0.0222198988811384,False
NF-ToN-IoT-v2,binary,sage_minus_edge_mlp,all_runs,5,0.00678813777660896,0.005683578789174515,0.007795569631441479,True
NF-ToN-IoT-v2,binary,sage_minus_edge_mlp,non_collapsed_only,5,0.00678813777660896,0.005683578789174515,0.007795569631441479,True
NF-ToN-IoT-v2,binary,sage_edge_minus_edge_mlp,all_runs,5,0.009504847034869802,0.008888609817660686,0.009998031869127488,True
NF-ToN-IoT-v2,binary,sage_edge_minus_edge_mlp,non_collapsed_only,5,0.009504847034869802,0.008888609817660686,0.009998031869127488,True
NF-ToN-IoT-v2,binary,sage_edge_minus_sage,all_runs,5,0.002716709258260841,0.0011280672871544883,0.00434222747821249,True
NF-ToN-IoT-v2,binary,sage_edge_minus_sage,non_collapsed_only,5,0.002716709258260841,0.0011280672871544883,0.00434222747821249,True
NF-ToN-IoT-v2,multiclass,sage_minus_edge_mlp,all_runs,5,0.04539828135549551,0.041215046859199855,0.04985477805469744,True
NF-ToN-IoT-v2,multiclass,sage_minus_edge_mlp,non_collapsed_only,5,0.04539828135549551,0.041215046859199855,0.04985477805469744,True
NF-ToN-IoT-v2,multiclass,sage_edge_minus_edge_mlp,all_runs,5,0.0618266310425164,0.05597997777652937,0.06680832592905939,True
NF-ToN-IoT-v2,multiclass,sage_edge_minus_edge_mlp,non_collapsed_only,5,0.0618266310425164,0.05597997777652937,0.06680832592905939,True
NF-ToN-IoT-v2,multiclass,sage_edge_minus_sage,all_runs,5,0.016428349687020893,0.010977430332998427,0.02187926904104336,True
NF-ToN-IoT-v2,multiclass,sage_edge_minus_sage,non_collapsed_only,5,0.016428349687020893,0.010977430332998427,0.02187926904104336,True
NF-UNSW-NB15-v2,binary,sage_minus_edge_mlp,all_runs,5,0.005770323512789432,0.005058479308909436,0.00663657856695683,True
NF-UNSW-NB15-v2,binary,sage_minus_edge_mlp,non_collapsed_only,5,0.005770323512789432,0.005058479308909436,0.00663657856695683,True
NF-UNSW-NB15-v2,binary,sage_edge_minus_edge_mlp,all_runs,5,0.005436182535614597,0.00458396290500418,0.006141416435040492,True
NF-UNSW-NB15-v2,binary,sage_edge_minus_edge_mlp,non_collapsed_only,5,0.005436182535614597,0.00458396290500418,0.006141416435040492,True
NF-UNSW-NB15-v2,binary,sage_edge_minus_sage,all_runs,5,-0.00033414097717483494,-0.0007781613983578461,0.00010213351274721561,False
NF-UNSW-NB15-v2,binary,sage_edge_minus_sage,non_collapsed_only,5,-0.00033414097717483494,-0.0007781613983578461,0.00010213351274721561,False
NF-UNSW-NB15-v2,multiclass,sage_minus_edge_mlp,all_runs,5,0.07570455650714623,0.07217899059317734,0.07972828135683857,True
NF-UNSW-NB15-v2,multiclass,sage_minus_edge_mlp,non_collapsed_only,5,0.07570455650714623,0.07217899059317734,0.07972828135683857,True
NF-UNSW-NB15-v2,multiclass,sage_edge_minus_edge_mlp,all_runs,5,0.07445935892745902,0.06621823715665377,0.0827840861763951,True
NF-UNSW-NB15-v2,multiclass,sage_edge_minus_edge_mlp,non_collapsed_only,5,0.07445935892745902,0.06621823715665377,0.0827840861763951,True
NF-UNSW-NB15-v2,multiclass,sage_edge_minus_sage,all_runs,5,-0.0012451975796872183,-0.0076620084306947885,0.005372954477364666,False
NF-UNSW-NB15-v2,multiclass,sage_edge_minus_sage,non_collapsed_only,5,-0.0012451975796872183,-0.0076620084306947885,0.005372954477364666,False
