dataset,task,class,model,support,f1_mean,f1_std,f1_min,f1_max,recall_mean,precision_mean,f1_range,cv,mean_delta_sage_edge_minus_edge_mlp,mean_delta_sage_edge_minus_sage,mean_delta_sage_minus_edge_mlp,sd_delta_sage_edge_minus_edge_mlp,sd_delta_sage_edge_minus_sage,sd_delta_sage_minus_edge_mlp
NF-UNSW-NB15-v2,multiclass,Worms,edge_mlp,37.0,0.05464799017969237,0.030670282054468586,0.03229665071770335,0.10569105691056911,0.7189189189189189,0.02872075512007847,0.07339440619286576,0.5612334864213525,0.003041234036011875,0.0037263530085100112,-0.000685118972498136,0.0262470789766556,0.008798291047278787,0.032306060207709326
NF-UNSW-NB15-v2,multiclass,Worms,sage,37.0,0.05396287120719424,0.01635136535167349,0.04179471419791026,0.07932011331444759,0.827027027027027,0.02802156723219963,0.03752539911653733,0.30301140369072044,0.003041234036011875,0.0037263530085100112,-0.000685118972498136,0.0262470789766556,0.008798291047278787,0.032306060207709326
NF-UNSW-NB15-v2,multiclass,Worms,sage_edge,37.0,0.05768922421570426,0.010893577707364894,0.046511627906976744,0.06982543640897755,0.8324324324324325,0.029952193160750852,0.023313808502000807,0.18883210609026402,0.003041234036011875,0.0037263530085100112,-0.000685118972498136,0.0262470789766556,0.008798291047278787,0.032306060207709326
NF-CSE-CIC-IDS2018-v2,multiclass,injection,edge_mlp,85.0,0.0005940804943708332,0.0001562373193794343,0.00034565651169733057,0.0007764979940468488,0.13176470588235295,0.0002977460268773427,0.0004308414823495182,0.2629901517721079,0.013928672860988386,0.000718133958820849,0.01321053890216754,0.028350853991621978,0.0355403521960112,0.019769091318808867
NF-CSE-CIC-IDS2018-v2,multiclass,injection,sage,85.0,0.013804619396538372,0.019885958567481935,0.0008520521400938631,0.04830917874396135,0.3482352941176471,0.009608107755446061,0.047457126603867486,1.4405292892369428,0.013928672860988386,0.000718133958820849,0.01321053890216754,0.028350853991621978,0.0355403521960112,0.019769091318808867
NF-CSE-CIC-IDS2018-v2,multiclass,injection,sage_edge,85.0,0.014522753355359219,0.02837778566154314,0.0009593810444874274,0.06521739130434782,0.49411764705882355,0.08645830603725058,0.0642580102598604,1.9540224203471104,0.013928672860988386,0.000718133958820849,0.01321053890216754,0.028350853991621978,0.0355403521960112,0.019769091318808867
NF-UNSW-NB15-v2,multiclass,Shellcode,edge_mlp,296.0,0.2303879360537017,0.04731682488609643,0.16141356255969436,0.2874251497005988,0.49121621621621625,0.15461527231306788,0.12601158714090444,0.20537891738857036,0.13445604576027198,-0.05065448038338061,0.1851105261436526,0.04627837455187749,0.05538977606483078,0.08735901378519159
NF-UNSW-NB15-v2,multiclass,Shellcode,sage,296.0,0.41549846219735426,0.10250439635744288,0.2867098058735689,0.5738045738045738,0.960135135135135,0.2705988061953023,0.2870947679310049,0.2467022280066951,0.13445604576027198,-0.05065448038338061,0.1851105261436526,0.04627837455187749,0.05538977606483078,0.08735901378519159
NF-UNSW-NB15-v2,multiclass,Shellcode,sage_edge,296.0,0.36484398181397365,0.05378279525276174,0.29876796714579057,0.44143426294820715,0.9567567567567569,0.22678676112329202,0.14266629580241658,0.14741313529514233,0.13445604576027198,-0.05065448038338061,0.1851105261436526,0.04627837455187749,0.05538977606483078,0.08735901378519159
NF-UNSW-NB15-v2,multiclass,Backdoor,edge_mlp,432.0,0.19086257406512422,0.017278823070941095,0.17037507946598857,0.20525451559934318,0.5194444444444445,0.11988286882305628,0.03487943613335462,0.09053017940041712,-0.05243154790727571,0.00996313820183752,-0.06239468610911323,0.0755090103752072,0.018319153137831033,0.07964609578489447
NF-UNSW-NB15-v2,multiclass,Backdoor,sage,432.0,0.12846788795601097,0.07366253196903637,0.06498194945848375,0.20882669537136705,0.4106481481481481,0.10268972321189318,0.14384474591288332,0.5733925663529189,-0.05243154790727571,0.00996313820183752,-0.06239468610911323,0.0755090103752072,0.018319153137831033,0.07964609578489447
NF-UNSW-NB15-v2,multiclass,Backdoor,sage_edge,432.0,0.13843102615784847,0.06691884168039737,0.06896551724137931,0.22306348281887012,0.3273148148148148,0.10821178269855103,0.1540979655774908,0.48340927274563406,-0.05243154790727571,0.00996313820183752,-0.06239468610911323,0.0755090103752072,0.018319153137831033,0.07964609578489447
NF-UNSW-NB15-v2,multiclass,Analysis,edge_mlp,448.0,0.1502293687217875,0.03384415195594844,0.11010362694300518,0.18793418647166363,0.359375,0.0963677720866552,0.07783055952865844,0.22528319358530383,0.03130177966149426,0.02218447960408783,0.009117300057406427,0.033186220371657284,0.05015582774679137,0.05084474178031442
NF-UNSW-NB15-v2,multiclass,Analysis,sage,448.0,0.15934666877919393,0.07292909575154201,0.0728126834997064,0.22348178137651822,0.6352678571428572,0.094020982063363,0.15066909787681182,0.45767568478384435,0.03130177966149426,0.02218447960408783,0.009117300057406427,0.033186220371657284,0.05015582774679137,0.05084474178031442
NF-UNSW-NB15-v2,multiclass,Analysis,sage_edge,448.0,0.18153114838328174,0.051807272531180296,0.09130434782608696,0.21464446206714247,0.715625,0.10644521580354885,0.12334011424105551,0.28539054037048955,0.03130177966149426,0.02218447960408783,0.009117300057406427,0.033186220371657284,0.05015582774679137,0.05084474178031442
NF-BoT-IoT-v2,multiclass,Theft,edge_mlp,480.0,0.26974885295237994,0.017610535569436044,0.24986931521170935,0.29295426452410384,0.99375,0.15616269965029245,0.04308494931239448,0.06528493217557783,0.13233052596787356,0.0558962457117745,0.07643428025609907,0.06255728032030239,0.17996020587868805,0.16146307863730994
NF-BoT-IoT-v2,multiclass,Theft,sage,480.0,0.346183133208479,0.16064922530384548,0.0950581684398926,0.5414069456812111,0.925,0.2385337115387161,0.44634877724131844,0.4640584993697513,0.13233052596787356,0.0558962457117745,0.07643428025609907,0.06255728032030239,0.17996020587868805,0.16146307863730994
NF-BoT-IoT-v2,multiclass,Theft,sage_edge,480.0,0.40207937892025347,0.07855712900044565,0.2995319812792512,0.4872057318321392,0.9883333333333333,0.25497881494743185,0.18767375055288804,0.1953771646071566,0.13233052596787356,0.0558962457117745,0.07643428025609907,0.06255728032030239,0.17996020587868805,0.16146307863730994
NF-ToN-IoT-v2,multiclass,ransomware,edge_mlp,674.0,0.07334187817257404,0.005708180693965689,0.06417427141595526,0.07983836404824589,0.968545994065282,0.03812176187443289,0.015664092632290627,0.07782975887983525,0.5143704272763385,-0.042957632173038586,0.557328059449377,0.06419023166279977,0.0482240307678258,0.04966163161437109
NF-ToN-IoT-v2,multiclass,ransomware,sage,674.0,0.6306699376219511,0.05049932576208799,0.5905861456483126,0.7134703196347032,0.9706231454005934,0.47024658648094214,0.12288417398639062,0.08007251138765918,0.5143704272763385,-0.042957632173038586,0.557328059449377,0.06419023166279977,0.0482240307678258,0.04966163161437109
NF-ToN-IoT-v2,multiclass,ransomware,sage_edge,674.0,0.5877123054489125,0.0681656302410813,0.47377809489832323,0.6494140625,0.9842729970326409,0.42154813942717356,0.17563596760167677,0.11598469116452194,0.5143704272763385,-0.042957632173038586,0.557328059449377,0.06419023166279977,0.0482240307678258,0.04966163161437109
