run_id,artifact_dir,source_batch,dataset,task,model,seed,n_evals,steps_ran,step_budget,steps_per_full_pass,eval_every_steps,train_passes_configured,min_train_steps,batch_size,fanout,hidden,dropout,learning_rate,amp,scope,patience,best_epoch,best_step,best_pass,parameters,seconds_fit_and_evaluate,seconds_fit,peak_rss_kib_process,peak_cuda_bytes,checkpoint_parameter_max_abs_error,val_macro_f1,val_weighted_f1,val_accuracy,test_macro_f1,test_weighted_f1,test_accuracy,sha256_metrics
NF-BoT-IoT-v2__binary__edge_mlp__seed11,research/artifacts/full_runs/NF-BoT-IoT-v2__binary__edge_mlp__seed11,full_runs,NF-BoT-IoT-v2,binary,edge_mlp,11,5,12910,12910,6455,1614,2,1500,4096,15-10,128,0.2,0.001,True,full,10,2,9683,2,5378,342.28752669096866,342.07931789397844,49270036,145968640,0.0,0.9118614056402637,0.9986149641880803,0.9984831178349227,0.9126037065615435,0.9986146332471161,0.9984843081312411,c6afac69607ca8bc1e20c08ecd7ace0e8ba48dfecae50ab202ee8ea82e0b7796
NF-BoT-IoT-v2__binary__edge_mlp__seed22,research/artifacts/full_runs/NF-BoT-IoT-v2__binary__edge_mlp__seed22,full_runs,NF-BoT-IoT-v2,binary,edge_mlp,22,5,12910,12910,6455,1614,2,1500,4096,15-10,128,0.2,0.001,True,full,10,2,12910,2,5378,355.3466329050134,355.134997207002,49270036,144982528,0.0,0.9138423134829481,0.9986510303398368,0.9985270700847749,0.91450991146797,0.9986499880754279,0.9985276287536591,513017c08d32d418a112b3ac744eea491d05b9ed3fc1ffd5d87d56ab65549874
NF-BoT-IoT-v2__binary__edge_mlp__seed33,research/artifacts/full_runs/NF-BoT-IoT-v2__binary__edge_mlp__seed33,full_runs,NF-BoT-IoT-v2,binary,edge_mlp,33,5,12910,12910,6455,1614,2,1500,4096,15-10,128,0.2,0.001,True,full,10,2,11297,2,5378,349.8569829429907,349.64785488598864,49270036,144982528,0.0,0.9061693181097178,0.9985142444271916,0.9983626463067137,0.9071129161266848,0.9985165027393461,0.9983669317659128,6e7e50f9452cf32bd1d3074d730fa7a65683f525652c9339e7e3ea0a6e520dab
NF-BoT-IoT-v2__binary__edge_mlp__seed44,research/artifacts/full_runs_seeds44_55/NF-BoT-IoT-v2__binary__edge_mlp__seed44,full_runs_seeds44_55,NF-BoT-IoT-v2,binary,edge_mlp,44,5,12910,12910,6455,1614,2,1500,4096,15-10,128,0.2,0.001,True,full,10,1,6455,1,5378,295.3297445079952,294.21348944200145,48687972,145968640,0.0,0.853913422812008,0.997500236337293,0.997078499247781,0.8547474167484643,0.9974937743431033,0.9970743344786581,26997c1c753cd2554495d33087ce5fe8e6af90574352e5f649ca2f899d74dd5b
NF-BoT-IoT-v2__binary__edge_mlp__seed55,research/artifacts/full_runs_seeds44_55/NF-BoT-IoT-v2__binary__edge_mlp__seed55,full_runs_seeds44_55,NF-BoT-IoT-v2,binary,edge_mlp,55,5,12910,12910,6455,1614,2,1500,4096,15-10,128,0.2,0.001,True,full,10,2,12910,2,5378,282.31271797000954,281.2236943760072,48687972,144982528,0.0,0.9117198753257233,0.9986123688203824,0.9984799405638491,0.9125564525315926,0.9986136311762459,0.9984829833415647,eabb27634a302b5e3767b303a81bb257a18927286049d305261321bd3a1bcc8b
NF-BoT-IoT-v2__binary__sage__seed11,research/artifacts/full_runs/NF-BoT-IoT-v2__binary__sage__seed11,full_runs,NF-BoT-IoT-v2,binary,sage,11,5,12910,12910,6455,1614,2,1500,4096,15-10,128,0.2,0.001,True,full,10,1,6455,1,86530,546.0307640940155,539.3060348470171,49270036,955227136,0.0,0.6063576788767273,0.9871826352567233,0.9800957205865454,0.8053390989265106,0.9966933462717305,0.9961830159843823,9229f04c0b53c533058d2f3cde6fe4ff52edb63a5b8f22829ec6b39fdca3292f
NF-BoT-IoT-v2__binary__sage__seed22,research/artifacts/full_runs/NF-BoT-IoT-v2__binary__sage__seed22,full_runs,NF-BoT-IoT-v2,binary,sage,22,5,12910,12910,6455,1614,2,1500,4096,15-10,128,0.2,0.001,True,full,10,2,11297,2,86530,538.5004894520243,531.7612956770172,49270036,956252672,0.0,0.7143391509074837,0.9949829689510483,0.9940301724252057,0.7900265338506275,0.9969337045996327,0.9968822399755815,d1525f6da5688e91cc6a83ec43caa3925fe31b16cc50d5d4b22c5373d4d263d9
NF-BoT-IoT-v2__binary__sage__seed33,research/artifacts/full_runs/NF-BoT-IoT-v2__binary__sage__seed33,full_runs,NF-BoT-IoT-v2,binary,sage,33,5,12910,12910,6455,1614,2,1500,4096,15-10,128,0.2,0.001,True,full,10,1,6455,1,86530,547.1269594079786,540.40161338498,49270036,956166144,0.0,0.6564422551416954,0.9907263243899714,0.9863936013996938,0.8155359145883891,0.9967813746460013,0.9962130887100364,85047f2f23009e742bd8ea87a17c1ef410d6cceb8607b4290a298f0827d49a63
NF-BoT-IoT-v2__binary__sage__seed44,research/artifacts/full_runs_seeds44_55/NF-BoT-IoT-v2__binary__sage__seed44,full_runs_seeds44_55,NF-BoT-IoT-v2,binary,sage,44,5,12910,12910,6455,1614,2,1500,4096,15-10,128,0.2,0.001,True,full,10,1,6455,1,86530,488.8829255249875,480.872351359998,48687972,1007508992,0.0,0.6606486066734363,0.9915203605418519,0.9879049233403921,0.8165163430658092,0.9970470955965254,0.9967292267679583,271f25ea5d1e08a706c2adf40fb42fe194e8e26782957fcc599bfc8682e00bee
NF-BoT-IoT-v2__binary__sage__seed55,research/artifacts/full_runs_seeds44_55/NF-BoT-IoT-v2__binary__sage__seed55,full_runs_seeds44_55,NF-BoT-IoT-v2,binary,sage,55,5,12910,12910,6455,1614,2,1500,4096,15-10,128,0.2,0.001,True,full,10,2,12910,2,86530,489.5541652490065,481.5173486940039,48687972,1008507392,0.0,0.7339892806801325,0.9953122779246959,0.9944093267733276,0.7940549748050012,0.99698050639477,0.996918009296844,3ae2ff7b70f4a6c9a837c499997226f40da611416ca5a1a42c99b0052478a2cd
NF-BoT-IoT-v2__binary__sage_edge__seed11,research/artifacts/full_runs/NF-BoT-IoT-v2__binary__sage_edge__seed11,full_runs,NF-BoT-IoT-v2,binary,sage_edge,11,5,12910,12910,6455,1614,2,1500,4096,15-10,128,0.2,0.001,True,full,10,2,8069,2,86608,547.7488684459968,540.8194366839889,49270036,956203520,0.0,0.9062883981917204,0.9985193325771442,0.9983711190295766,0.9141107296601588,0.9986438764595356,0.9985211372842447,292391f27305f9a404862a5bbbf56dd8751de82f06661249f29992b8a5b9d175
NF-BoT-IoT-v2__binary__sage_edge__seed22,research/artifacts/full_runs/NF-BoT-IoT-v2__binary__sage_edge__seed22,full_runs,NF-BoT-IoT-v2,binary,sage_edge,22,5,12910,12910,6455,1614,2,1500,4096,15-10,128,0.2,0.001,True,full,10,2,9683,2,86608,546.2589060489845,539.3168536339945,49270036,956256768,0.0,0.865117688409152,0.9977359976801426,0.9973904013581775,0.8796774998148921,0.9980047919931083,0.9977377891485948,2d11691edd935bef76031540f673fdc49c323b18f35c82d74f6c3f68d1da8aa9
NF-BoT-IoT-v2__binary__sage_edge__seed33,research/artifacts/full_runs/NF-BoT-IoT-v2__binary__sage_edge__seed33,full_runs,NF-BoT-IoT-v2,binary,sage_edge,33,5,12910,12910,6455,1614,2,1500,4096,15-10,128,0.2,0.001,True,full,10,2,8069,2,86608,542.8990269679925,535.9072828289936,49270036,956170240,0.0,0.8565881488003031,0.9975587477917112,0.9971574014794433,0.8602013556583109,0.9976103836317535,0.9972290699128606,c29c0ade1b33d781812f849c7dba71b7540e45bb94e24e326594687a1a13eae3
NF-BoT-IoT-v2__binary__sage_edge__seed44,research/artifacts/full_runs_seeds44_55/NF-BoT-IoT-v2__binary__sage_edge__seed44,full_runs_seeds44_55,NF-BoT-IoT-v2,binary,sage_edge,44,5,12910,12910,6455,1614,2,1500,4096,15-10,128,0.2,0.001,True,full,10,2,11297,2,86608,487.40391378900677,478.97115784400376,48687972,1008485376,0.0,0.8443846888941919,0.9972966446275481,0.9968071073435737,0.8518249352994234,0.9974321431211698,0.9969931248714954,8cdfee0e7201cfdaf817df7daa8a43e143c31c05abb598fe33222e985792adeb
NF-BoT-IoT-v2__binary__sage_edge__seed55,research/artifacts/full_runs_seeds44_55/NF-BoT-IoT-v2__binary__sage_edge__seed55,full_runs_seeds44_55,NF-BoT-IoT-v2,binary,sage_edge,55,5,12910,12910,6455,1614,2,1500,4096,15-10,128,0.2,0.001,True,full,10,2,9683,2,86608,494.19780660299875,485.78096662199823,48687972,1008511488,0.0,0.8941714272646177,0.9982990313346487,0.9981029043964429,0.9031692544950826,0.9984475710890306,0.9982857221587501,f7d870c01ff726bd88047f1dae51e722edd8edb06f5a73bde7505eec8c83629a
NF-BoT-IoT-v2__multiclass__edge_mlp__seed11,research/artifacts/full_runs/NF-BoT-IoT-v2__multiclass__edge_mlp__seed11,full_runs,NF-BoT-IoT-v2,multiclass,edge_mlp,11,5,12910,12910,6455,1614,2,1500,4096,15-10,128,0.2,0.001,True,full,10,2,8069,2,5765,353.38721621999866,353.07472599699395,49270036,145966592,0.0,0.8185771801426591,0.9840648277223992,0.9838517845407758,0.8153373064709225,0.9840638389922919,0.9838422027118975,9368d1b944fc50fdb908271948a0146055206933c5050665a6874b0b8a02f82e
NF-BoT-IoT-v2__multiclass__edge_mlp__seed22,research/artifacts/full_runs/NF-BoT-IoT-v2__multiclass__edge_mlp__seed22,full_runs,NF-BoT-IoT-v2,multiclass,edge_mlp,22,5,12910,12910,6455,1614,2,1500,4096,15-10,128,0.2,0.001,True,full,10,2,12910,2,5765,350.071104549992,349.7559105200053,49270036,144995840,0.0,0.8198327154093391,0.9841360354890624,0.9839224788221644,0.8161605201784929,0.9841474863269172,0.9839240747138984,d4829d25ca0415cf66b759e2b8e5dd55156e45d084b1ad7a0a3d08ece33dc401
NF-BoT-IoT-v2__multiclass__edge_mlp__seed33,research/artifacts/full_runs/NF-BoT-IoT-v2__multiclass__edge_mlp__seed33,full_runs,NF-BoT-IoT-v2,multiclass,edge_mlp,33,5,12910,12910,6455,1614,2,1500,4096,15-10,128,0.2,0.001,True,full,10,2,12910,2,5765,341.35860026898445,341.0443132169894,49270036,144995840,0.0,0.8158115573959914,0.9842455960777794,0.9840289174031316,0.8125684883571003,0.984250088696771,0.9840230365027248,2d6168d35880e903e1120f67986e60c6c33b8c3307f4d4fde7318d749a9e8384
NF-BoT-IoT-v2__multiclass__edge_mlp__seed44,research/artifacts/full_runs_seeds44_55/NF-BoT-IoT-v2__multiclass__edge_mlp__seed44,full_runs_seeds44_55,NF-BoT-IoT-v2,multiclass,edge_mlp,44,5,12910,12910,6455,1614,2,1500,4096,15-10,128,0.2,0.001,True,full,10,2,8069,2,5765,286.48342200598563,284.6131675919896,48687972,145966592,0.0,0.821088370949966,0.9840525925381147,0.9838501959052389,0.8182954522254837,0.9840568319887554,0.9838477668285383,510116b59e1af115e075d6c3ed4a64c389b5e13f6ca4de3bd45ce853048a4e5e
NF-BoT-IoT-v2__multiclass__edge_mlp__seed55,research/artifacts/full_runs_seeds44_55/NF-BoT-IoT-v2__multiclass__edge_mlp__seed55,full_runs_seeds44_55,NF-BoT-IoT-v2,multiclass,edge_mlp,55,5,12910,12910,6455,1614,2,1500,4096,15-10,128,0.2,0.001,True,full,10,2,9683,2,5765,299.12879030100885,297.23193000399624,48687972,144995840,0.0,0.8266851395357542,0.9843192424127704,0.984138268482583,0.8221448180803549,0.9843191452895736,0.9841282248030303,945863abffc955058d92a83a70b7491460365276d09fa5fdb6f5d237c447d6ee
NF-BoT-IoT-v2__multiclass__sage__seed11,research/artifacts/full_runs/NF-BoT-IoT-v2__multiclass__sage__seed11,full_runs,NF-BoT-IoT-v2,multiclass,sage,11,5,12910,12910,6455,1614,2,1500,4096,15-10,128,0.2,0.001,True,full,10,1,6455,1,87301,544.7905988970015,537.9606023750093,49270036,955271680,0.0,0.48646569365024944,0.6037110173843185,0.6114120692878094,0.5460217199523473,0.6087096524670114,0.6245864006630307,5e70c4debff8caa9d333854818a138957ba2ad596d16e137e9890a1f6fc74fcc
NF-BoT-IoT-v2__multiclass__sage__seed22,research/artifacts/full_runs/NF-BoT-IoT-v2__multiclass__sage__seed22,full_runs,NF-BoT-IoT-v2,multiclass,sage,22,5,12910,12910,6455,1614,2,1500,4096,15-10,128,0.2,0.001,True,full,10,1,6455,1,87301,547.7591443500132,540.916061669006,49270036,956301824,0.0,0.5107592567250459,0.621641191818206,0.6327019036619638,0.5803320674403691,0.6242641082230344,0.6338486676855183,91b12b1fc4651ac4d4d5746067bbb7225ad558b5d8eb78dd675a2133e530e630
NF-BoT-IoT-v2__multiclass__sage__seed33,research/artifacts/full_runs/NF-BoT-IoT-v2__multiclass__sage__seed33,full_runs,NF-BoT-IoT-v2,multiclass,sage,33,5,12910,12910,6455,1614,2,1500,4096,15-10,128,0.2,0.001,True,full,10,1,6455,1,87301,547.2742219240026,540.4319813199982,49270036,956215296,0.0,0.5481801458517169,0.6179082102746407,0.6221615716477275,0.5831319040794781,0.6177231213896066,0.6288441422039837,55975cf71ce32d810a9f19f85a4c26c0c90ca80de01a323b856ff4707bcda64e
NF-BoT-IoT-v2__multiclass__sage__seed44,research/artifacts/full_runs_seeds44_55/NF-BoT-IoT-v2__multiclass__sage__seed44,full_runs_seeds44_55,NF-BoT-IoT-v2,multiclass,sage,44,5,12910,12910,6455,1614,2,1500,4096,15-10,128,0.2,0.001,True,full,10,2,12910,2,87301,491.63886957800423,482.65194062500086,48687972,1007553536,0.0,0.5023499888379569,0.5858783565519818,0.60050317382903,0.5822348368886925,0.5754161689408681,0.5973854215904683,11ada0cc799d59d5e6d033f4a11302acc7e947cc4792ef4c13b0699e83750ff1
NF-BoT-IoT-v2__multiclass__sage__seed55,research/artifacts/full_runs_seeds44_55/NF-BoT-IoT-v2__multiclass__sage__seed55,full_runs_seeds44_55,NF-BoT-IoT-v2,multiclass,sage,55,5,12910,12910,6455,1614,2,1500,4096,15-10,128,0.2,0.001,True,full,10,2,8069,2,87301,490.7283074080042,481.97309187099745,48687972,1008556544,0.0,0.43359132424411745,0.5639153848302695,0.5568011340739553,0.46404552847518976,0.578854088228591,0.5883527406188993,dbde84dc536bdb55c226fd8ed2f949f6be447c507482a6b7fb72fe65b8d85be5
NF-BoT-IoT-v2__multiclass__sage_edge__seed11,research/artifacts/full_runs/NF-BoT-IoT-v2__multiclass__sage_edge__seed11,full_runs,NF-BoT-IoT-v2,multiclass,sage_edge,11,5,12910,12910,6455,1614,2,1500,4096,15-10,128,0.2,0.001,True,full,10,1,6455,1,87496,543.7198096300126,536.6835198960034,49270036,956255232,0.0,0.8304956507234641,0.9778589227166139,0.977204933454705,0.8292557030333787,0.9774832076959755,0.976767295924099,5b5b9664afcc9c96100a6c23e50cc4a1a70cad03c7e789a8938be6483f8fa590
NF-BoT-IoT-v2__multiclass__sage_edge__seed22,research/artifacts/full_runs/NF-BoT-IoT-v2__multiclass__sage_edge__seed22,full_runs,NF-BoT-IoT-v2,multiclass,sage_edge,22,5,12910,12910,6455,1614,2,1500,4096,15-10,128,0.2,0.001,True,full,10,2,12910,2,87496,544.3618208460102,537.3108824120136,49270036,956310016,0.0,0.8136795038234931,0.9793936835004448,0.9788526132789808,0.8140736789703809,0.9792469328192558,0.9786728733946198,1c0cd96e7ebeeddf4f4a9038e33a5e76eded0baffc46987b35eabd813d75d5b5
NF-BoT-IoT-v2__multiclass__sage_edge__seed33,research/artifacts/full_runs/NF-BoT-IoT-v2__multiclass__sage_edge__seed33,full_runs,NF-BoT-IoT-v2,multiclass,sage_edge,33,5,12910,12910,6455,1614,2,1500,4096,15-10,128,0.2,0.001,True,full,10,2,11297,2,87496,545.7964923249965,538.7378725750023,49270036,956223488,0.0,0.8098174042543839,0.9783267639264875,0.9776722570751207,0.808100650391939,0.97799508532854,0.9772839638978915,d94b08236bd1408c7ae3a8e53ec9d9b86ccceacc0d9d51dc4fa7dc4799c76dfc
NF-BoT-IoT-v2__multiclass__sage_edge__seed44,research/artifacts/full_runs_seeds44_55/NF-BoT-IoT-v2__multiclass__sage_edge__seed44,full_runs_seeds44_55,NF-BoT-IoT-v2,multiclass,sage_edge,44,5,12910,12910,6455,1614,2,1500,4096,15-10,128,0.2,0.001,True,full,10,2,8069,2,87496,492.7775244059885,483.6024739639979,48687972,1008537088,0.0,0.8352665831555985,0.9784406683319994,0.977849654710066,0.8347633503903239,0.9779269274181194,0.977261442473393,d2500fc65711a1c7b7754ab452d629d07cb5d67b56b091a962bf2b1ee1832122
NF-BoT-IoT-v2__multiclass__sage_edge__seed55,research/artifacts/full_runs_seeds44_55/NF-BoT-IoT-v2__multiclass__sage_edge__seed55,full_runs_seeds44_55,NF-BoT-IoT-v2,multiclass,sage_edge,55,5,12910,12910,6455,1614,2,1500,4096,15-10,128,0.2,0.001,True,full,10,2,9683,2,87496,493.0202861669968,483.887208893997,48687972,1008564736,0.0,0.839718334295626,0.9784649593432722,0.9778795740126762,0.8437005261236763,0.9781542336060689,0.977517259359904,322f841a3808be9b9ba93c090b60f451e4fb4274c363e7b3e17bfeb9dee2cd5f
NF-CSE-CIC-IDS2018-v2__binary__edge_mlp__seed11,research/artifacts/full_runs/NF-CSE-CIC-IDS2018-v2__binary__edge_mlp__seed11,full_runs,NF-CSE-CIC-IDS2018-v2,binary,edge_mlp,11,5,6460,6460,3230,808,2,1500,4096,15-10,128,0.2,0.001,True,full,10,2,5654,2,5378,161.43712861600216,161.34299062000355,49270036,145976320,0.0,0.984428981171994,0.9934953457469979,0.9935320251130809,0.9844039510064364,0.9934571985730658,0.9934949647825834,39eefd36481619e6a6dcbe4a62bc324533a1ee39847408a1636fa59e5649cc6e
NF-CSE-CIC-IDS2018-v2__binary__edge_mlp__seed22,research/artifacts/full_runs/NF-CSE-CIC-IDS2018-v2__binary__edge_mlp__seed22,full_runs,NF-CSE-CIC-IDS2018-v2,binary,edge_mlp,22,5,6460,6460,3230,808,2,1500,4096,15-10,128,0.2,0.001,True,full,10,2,5654,2,5378,147.26720065801055,147.17194572801236,49270036,144982528,0.0,0.9827485900018282,0.9927968719788896,0.9928410338585715,0.9825313539424302,0.9926743646606204,0.9927194407548328,9c6be98970304a41be3bb2ee478ee2d3dd774fecc9be7d30aab7f7ac9cb96352
NF-CSE-CIC-IDS2018-v2__binary__edge_mlp__seed33,research/artifacts/full_runs/NF-CSE-CIC-IDS2018-v2__binary__edge_mlp__seed33,full_runs,NF-CSE-CIC-IDS2018-v2,binary,edge_mlp,33,5,6460,6460,3230,808,2,1500,4096,15-10,128,0.2,0.001,True,full,10,2,6460,2,5378,180.79884879701422,180.7018749010167,49270036,144982528,0.0,0.9833781578532044,0.9930631615851697,0.993109163900582,0.9832737122180928,0.9929897172035343,0.9930369531510459,db7ef7242b5c5679568898e2c3b6ef76fbceebc92a4fc101eeb9e60bdd5db1c1
NF-CSE-CIC-IDS2018-v2__binary__edge_mlp__seed44,research/artifacts/full_runs_seeds44_55/NF-CSE-CIC-IDS2018-v2__binary__edge_mlp__seed44,full_runs_seeds44_55,NF-CSE-CIC-IDS2018-v2,binary,edge_mlp,44,5,6460,6460,3230,808,2,1500,4096,15-10,128,0.2,0.001,True,full,10,2,6460,2,5378,136.638035942,136.06291621900164,48687972,145976320,0.0,0.9838161002178916,0.9932486656204186,0.9932962190484669,0.9837051061191666,0.9931730592588426,0.9932216395281765,e5f9ec5906f1a287662ddb493e3e933646b5bb02b9b80822f7e59da921183fd3
NF-CSE-CIC-IDS2018-v2__binary__edge_mlp__seed55,research/artifacts/full_runs_seeds44_55/NF-CSE-CIC-IDS2018-v2__binary__edge_mlp__seed55,full_runs_seeds44_55,NF-CSE-CIC-IDS2018-v2,binary,edge_mlp,55,5,6460,6460,3230,808,2,1500,4096,15-10,128,0.2,0.001,True,full,10,2,6460,2,5378,129.64769708500535,129.11658111900033,48687972,144982528,0.0,0.9846870433632063,0.9936043909540554,0.9936417146757216,0.98464296270835,0.9935585523378891,0.9935968333430351,e54899643fef979080a6e3fb64a903782c6fdb50f5ad46e4196ea6ead197cab7
NF-CSE-CIC-IDS2018-v2__binary__sage__seed11,research/artifacts/full_runs/NF-CSE-CIC-IDS2018-v2__binary__sage__seed11,full_runs,NF-CSE-CIC-IDS2018-v2,binary,sage,11,5,6460,6460,3230,808,2,1500,4096,15-10,128,0.2,0.001,True,full,10,2,5654,2,86530,246.3984093850013,242.53831197301042,49270036,8276669952,0.0,0.9856033262324567,0.9939841866933442,0.9940163548727601,0.9841308874605672,0.9933292547811102,0.9933542009535956,5239201018b0e6d11bb51d9cf1b2f3a5ac5c84b603c427ada39a19d1f0b40648
NF-CSE-CIC-IDS2018-v2__binary__sage__seed22,research/artifacts/full_runs/NF-CSE-CIC-IDS2018-v2__binary__sage__seed22,full_runs,NF-CSE-CIC-IDS2018-v2,binary,sage,22,5,6460,6460,3230,808,2,1500,4096,15-10,128,0.2,0.001,True,full,10,2,5654,2,86530,243.62831680302043,239.77010596901528,49270036,8276669952,0.0,0.9866072440541789,0.9944125429202041,0.9944514038144413,0.9862021744967137,0.9942170292054675,0.9942559361588409,6cb0c4f8d56d31709ff92c9157367c25a77b020e02436bc42b02183dc6549ea2
NF-CSE-CIC-IDS2018-v2__binary__sage__seed33,research/artifacts/full_runs/NF-CSE-CIC-IDS2018-v2__binary__sage__seed33,full_runs,NF-CSE-CIC-IDS2018-v2,binary,sage,33,5,6460,6460,3230,808,2,1500,4096,15-10,128,0.2,0.001,True,full,10,2,4038,2,86530,247.09893482999178,243.25581823999528,49270036,8276669952,0.0,0.9849664687895059,0.9937174134119708,0.9937503444358247,0.9832715174355848,0.9929661857169416,0.9929906492599315,f2d4c10b91f061dbdefefc9667c881f2e0617d874c79eea041ac29eb16d0508e
NF-CSE-CIC-IDS2018-v2__binary__sage__seed44,research/artifacts/full_runs_seeds44_55/NF-CSE-CIC-IDS2018-v2__binary__sage__seed44,full_runs_seeds44_55,NF-CSE-CIC-IDS2018-v2,binary,sage,44,5,6460,6460,3230,808,2,1500,4096,15-10,128,0.2,0.001,True,full,10,2,4846,2,86530,212.24593303599977,207.7246025200002,48687972,8546754560,0.0,0.9869038764768465,0.9945405362684057,0.9945828193291026,0.9867215055760009,0.9944394177246115,0.9944816345538157,bb21dae80a3db95c3bb3ecb23d29ba50d11b0206b1852e2241c764fbb51f4913
NF-CSE-CIC-IDS2018-v2__binary__sage__seed55,research/artifacts/full_runs_seeds44_55/NF-CSE-CIC-IDS2018-v2__binary__sage__seed55,full_runs_seeds44_55,NF-CSE-CIC-IDS2018-v2,binary,sage,55,5,6460,6460,3230,808,2,1500,4096,15-10,128,0.2,0.001,True,full,10,2,5654,2,86530,213.17586309899343,208.6451233359985,48687972,8546754560,0.0,0.9859682794012881,0.994139523286783,0.9941737355495924,0.98448510142479,0.9934814981851939,0.993509252840413,c364634c04b554c3ddf73709b68987721e1c7a2291e29f590e8ae1a9468f9868
NF-CSE-CIC-IDS2018-v2__binary__sage_edge__seed11,research/artifacts/full_runs/NF-CSE-CIC-IDS2018-v2__binary__sage_edge__seed11,full_runs,NF-CSE-CIC-IDS2018-v2,binary,sage_edge,11,5,6460,6460,3230,808,2,1500,4096,15-10,128,0.2,0.001,True,full,10,2,4038,2,86608,238.80992960798903,234.8339911539806,49270036,8276671488,0.0,0.9852995444415775,0.9938583751243959,0.993892357975862,0.9835283862413071,0.9930771237577041,0.9931041599415777,b27a8e4537ab110c232c550582673ae7a4798e5ec8e7a730921a9ceff1557ea0
NF-CSE-CIC-IDS2018-v2__binary__sage_edge__seed22,research/artifacts/full_runs/NF-CSE-CIC-IDS2018-v2__binary__sage_edge__seed22,full_runs,NF-CSE-CIC-IDS2018-v2,binary,sage_edge,22,5,6460,6460,3230,808,2,1500,4096,15-10,128,0.2,0.001,True,full,10,2,5654,2,86608,245.56320411499473,241.59652220399585,49270036,8276671488,0.0,0.9864165072135858,0.9943303638776827,0.9943671495127028,0.9860663299426473,0.994156634774313,0.9941924336795982,caa9ba4cd3c406ab241437b2111be92bdd6564db1462c2d7b82c200df025ff57
NF-CSE-CIC-IDS2018-v2__binary__sage_edge__seed33,research/artifacts/full_runs/NF-CSE-CIC-IDS2018-v2__binary__sage_edge__seed33,full_runs,NF-CSE-CIC-IDS2018-v2,binary,sage_edge,33,5,6460,6460,3230,808,2,1500,4096,15-10,128,0.2,0.001,True,full,10,2,4038,2,86608,245.749530658999,241.77895359700778,49270036,8276671488,0.0,0.9865239198099709,0.99437887308961,0.9944190798370448,0.9866166659264782,0.9943941547950119,0.9944353306627013,02748eda54f31e1f65ed08b5c60546b5d05ccd7b54bde9e390f8037e9260d24c
NF-CSE-CIC-IDS2018-v2__binary__sage_edge__seed44,research/artifacts/full_runs_seeds44_55/NF-CSE-CIC-IDS2018-v2__binary__sage_edge__seed44,full_runs_seeds44_55,NF-CSE-CIC-IDS2018-v2,binary,sage_edge,44,5,6460,6460,3230,808,2,1500,4096,15-10,128,0.2,0.001,True,full,10,2,4038,2,86608,213.73683789801726,209.005939501003,48687972,8546756096,0.0,0.9871413415944084,0.9946462805588677,0.9946946284968184,0.9867597945392297,0.9944650327245779,0.9945168255110627,4486e7f61cb8302deff19af3b62fa199542a3c27d21cd2103311ac12dc249bc5
NF-CSE-CIC-IDS2018-v2__binary__sage_edge__seed55,research/artifacts/full_runs_seeds44_55/NF-CSE-CIC-IDS2018-v2__binary__sage_edge__seed55,full_runs_seeds44_55,NF-CSE-CIC-IDS2018-v2,binary,sage_edge,55,5,6460,6460,3230,808,2,1500,4096,15-10,128,0.2,0.001,True,full,10,2,5654,2,86608,214.8999450790143,210.17336638001143,48687972,8546756096,0.0,0.9871252588418267,0.9946273390436052,0.9946633643219596,0.9869296969953083,0.9945217315750429,0.9945583667162339,bcdfae47acea120ce740c9a83c5d1853735c053ebba0592e8d6e1d42dd61b976
NF-CSE-CIC-IDS2018-v2__multiclass__edge_mlp__seed11,research/artifacts/full_runs/NF-CSE-CIC-IDS2018-v2__multiclass__edge_mlp__seed11,full_runs,NF-CSE-CIC-IDS2018-v2,multiclass,edge_mlp,11,5,6460,6460,3230,808,2,1500,4096,15-10,128,0.2,0.001,True,full,10,2,6460,2,6023,173.80199448598432,173.62301301999833,49270036,145972224,0.0,0.6649950190732093,0.749057675256641,0.6173847888661385,0.6641719497456074,0.7483531058533318,0.6167924368547222,77319db039bb1ed4e57f8a038fdd82e00e567cecfcbc2a3dc556af77f81c9416
NF-CSE-CIC-IDS2018-v2__multiclass__edge_mlp__seed22,research/artifacts/full_runs/NF-CSE-CIC-IDS2018-v2__multiclass__edge_mlp__seed22,full_runs,NF-CSE-CIC-IDS2018-v2,multiclass,edge_mlp,22,5,6460,6460,3230,808,2,1500,4096,15-10,128,0.2,0.001,True,full,10,2,4846,2,6023,167.71747487099492,167.5388999519928,49270036,145004544,0.0,0.6639169988002462,0.783633601121286,0.6615658370532402,0.6628518504381145,0.7828426857293804,0.6608303478348301,a2d24eb9adb713458019856c7883091781def70d5b2fca4df4c83339382ad654
NF-CSE-CIC-IDS2018-v2__multiclass__edge_mlp__seed33,research/artifacts/full_runs/NF-CSE-CIC-IDS2018-v2__multiclass__edge_mlp__seed33,full_runs,NF-CSE-CIC-IDS2018-v2,multiclass,edge_mlp,33,5,6460,6460,3230,808,2,1500,4096,15-10,128,0.2,0.001,True,full,10,2,6460,2,6023,168.82554843199614,168.64642512099817,49270036,145004544,0.0,0.6556452789850546,0.706503269757028,0.5661836086700326,0.655030146889587,0.705977403658219,0.5658168800173573,4d44db0404cecce9afb8c5f0279c6994515b73cbf07a8043d94993f679fc4034
NF-CSE-CIC-IDS2018-v2__multiclass__edge_mlp__seed44,research/artifacts/full_runs_seeds44_55/NF-CSE-CIC-IDS2018-v2__multiclass__edge_mlp__seed44,full_runs_seeds44_55,NF-CSE-CIC-IDS2018-v2,multiclass,edge_mlp,44,5,6460,6460,3230,808,2,1500,4096,15-10,128,0.2,0.001,True,full,10,2,6460,2,6023,149.36548097099876,148.22310766800365,48687972,145972224,0.0,0.6971221147063144,0.9350196385164936,0.8905298164845926,0.696762054230666,0.9348882984584261,0.8905693526451428,4f00c9ee722fe02f533a322b73983b579aae7eec2111d914d71099b6c4b60b91
NF-CSE-CIC-IDS2018-v2__multiclass__edge_mlp__seed55,research/artifacts/full_runs_seeds44_55/NF-CSE-CIC-IDS2018-v2__multiclass__edge_mlp__seed55,full_runs_seeds44_55,NF-CSE-CIC-IDS2018-v2,multiclass,edge_mlp,55,5,6460,6460,3230,808,2,1500,4096,15-10,128,0.2,0.001,True,full,10,2,6460,2,6023,124.6228627509845,123.47421497298637,48687972,145004544,0.0,0.6649201477672484,0.7471749845744677,0.6149419440169908,0.6642274105726355,0.746438504397881,0.6142846181119654,9889ba44a4fa2281cebe185d5e2ccfdfc1f08f06df3bb3eb0b960670e77c603a
NF-CSE-CIC-IDS2018-v2__multiclass__sage__seed11,research/artifacts/full_runs/NF-CSE-CIC-IDS2018-v2__multiclass__sage__seed11,full_runs,NF-CSE-CIC-IDS2018-v2,multiclass,sage,11,5,6460,6460,3230,808,2,1500,4096,15-10,128,0.2,0.001,True,full,10,2,4846,2,87815,237.63458145300683,233.710443132004,49270036,8276685312,0.0,0.7088436178063474,0.9549720739494428,0.9251837697600183,0.7095115370197543,0.9494783635159154,0.9151490456106557,f7455ef1296d5a9ab6340c718d7b53c5a264161b57e86ed7893f4890fb9fb697
NF-CSE-CIC-IDS2018-v2__multiclass__sage__seed22,research/artifacts/full_runs/NF-CSE-CIC-IDS2018-v2__multiclass__sage__seed22,full_runs,NF-CSE-CIC-IDS2018-v2,multiclass,sage,22,5,6460,6460,3230,808,2,1500,4096,15-10,128,0.2,0.001,True,full,10,1,3230,1,87815,236.3790240560047,232.44979133599554,49270036,8276685312,0.0,0.6505469241988538,0.9410122258527311,0.9181959617284108,0.6694298334484755,0.946214147754439,0.9192190253427811,12cf29b22131c5d4472c47790c31ebad0e957c62563b8a96726533e5306012e9
NF-CSE-CIC-IDS2018-v2__multiclass__sage__seed33,research/artifacts/full_runs/NF-CSE-CIC-IDS2018-v2__multiclass__sage__seed33,full_runs,NF-CSE-CIC-IDS2018-v2,multiclass,sage,33,5,6460,6460,3230,808,2,1500,4096,15-10,128,0.2,0.001,True,full,10,2,4846,2,87815,246.8042131690163,242.8745700980071,49270036,8276685312,0.0,0.709240219826709,0.9728215168582143,0.9648389312103369,0.7174524446806031,0.9747184246301361,0.9652773735374586,07e7591a418edbb32f91a7c836e2f13cc87e48faed29dd2890a1b8a5ddf1957b
NF-CSE-CIC-IDS2018-v2__multiclass__sage__seed44,research/artifacts/full_runs_seeds44_55/NF-CSE-CIC-IDS2018-v2__multiclass__sage__seed44,full_runs_seeds44_55,NF-CSE-CIC-IDS2018-v2,multiclass,sage,44,5,6460,6460,3230,808,2,1500,4096,15-10,128,0.2,0.001,True,full,10,1,3230,1,87815,217.45181908500672,212.32034026000474,48687972,8546769920,0.0,0.6534211199315569,0.945144430544104,0.9232337330908506,0.6683013681070599,0.9500977803222569,0.925744434272288,3537843243e8a0472f0a28249a6646c486429b354d2874b41b392486a4355607
NF-CSE-CIC-IDS2018-v2__multiclass__sage__seed55,research/artifacts/full_runs_seeds44_55/NF-CSE-CIC-IDS2018-v2__multiclass__sage__seed55,full_runs_seeds44_55,NF-CSE-CIC-IDS2018-v2,multiclass,sage,55,5,6460,6460,3230,808,2,1500,4096,15-10,128,0.2,0.001,True,full,10,2,6460,2,87815,216.56526810699143,211.4500038989936,48687972,8546769920,0.0,0.7000755946536193,0.9079936724632838,0.8441184138571302,0.6984658485324922,0.9094793928249105,0.8462914552122306,366863da5e6f8548b3822706282318b4c74149047a9946e30eec93af1048565f
NF-CSE-CIC-IDS2018-v2__multiclass__sage_edge__seed11,research/artifacts/full_runs/NF-CSE-CIC-IDS2018-v2__multiclass__sage_edge__seed11,full_runs,NF-CSE-CIC-IDS2018-v2,multiclass,sage_edge,11,5,6460,6460,3230,808,2,1500,4096,15-10,128,0.2,0.001,True,full,10,1,3230,1,88088,246.56205922302615,242.53421341002104,49270036,8276689920,0.0,0.676188535698735,0.9543228093717709,0.9324121529676591,0.6903675247476819,0.9584589545741726,0.9357209383549683,eeb2f44d8660ce60bdb5b6807363457965405a82cb74ab068c417b8a5cc762a3
NF-CSE-CIC-IDS2018-v2__multiclass__sage_edge__seed22,research/artifacts/full_runs/NF-CSE-CIC-IDS2018-v2__multiclass__sage_edge__seed22,full_runs,NF-CSE-CIC-IDS2018-v2,multiclass,sage_edge,22,5,6460,6460,3230,808,2,1500,4096,15-10,128,0.2,0.001,True,full,10,2,4038,2,88088,245.40876660803042,241.35894357602228,49270036,8276689920,0.0,0.671185277553932,0.8809626773969699,0.801475669053342,0.692849579881291,0.8939123690065712,0.8204835184606999,4e1639130d715497cd9cf4c2287b51454e7d42b5fec25a242115fc8e7be55ad5
NF-CSE-CIC-IDS2018-v2__multiclass__sage_edge__seed33,research/artifacts/full_runs/NF-CSE-CIC-IDS2018-v2__multiclass__sage_edge__seed33,full_runs,NF-CSE-CIC-IDS2018-v2,multiclass,sage_edge,33,5,6460,6460,3230,808,2,1500,4096,15-10,128,0.2,0.001,True,full,10,2,4038,2,88088,246.6428210909944,242.59034533100203,49270036,8276689920,0.0,0.6596420840020497,0.9518014691255567,0.9337098811749395,0.6780101331533006,0.9571393343890132,0.9373127338346501,b18a65f31d2894bfa09999160c5d61d03d472fe0b16b93f0c300d997d0c2e698
NF-CSE-CIC-IDS2018-v2__multiclass__sage_edge__seed44,research/artifacts/full_runs_seeds44_55/NF-CSE-CIC-IDS2018-v2__multiclass__sage_edge__seed44,full_runs_seeds44_55,NF-CSE-CIC-IDS2018-v2,multiclass,sage_edge,44,5,6460,6460,3230,808,2,1500,4096,15-10,128,0.2,0.001,True,full,10,2,4038,2,88088,216.0475972689892,210.7357754859986,48687972,8546774528,0.0,0.6728568081884959,0.9539900178106387,0.9405678633956921,0.6905212669881983,0.9618103832438539,0.9476607274208997,81fbb459132948f011422598e03a82d825029d97a03a274dfe22a685b3f6af63
NF-CSE-CIC-IDS2018-v2__multiclass__sage_edge__seed55,research/artifacts/full_runs_seeds44_55/NF-CSE-CIC-IDS2018-v2__multiclass__sage_edge__seed55,full_runs_seeds44_55,NF-CSE-CIC-IDS2018-v2,multiclass,sage_edge,55,5,6460,6460,3230,808,2,1500,4096,15-10,128,0.2,0.001,True,full,10,2,4038,2,88088,218.01419619201624,212.64194216900796,48687972,8546774528,0.0,0.7018118668025635,0.8062359078087539,0.6901752065555146,0.6950352601313866,0.8189590012553898,0.7078155676327863,ac695c2e9b11f68806d65eef562014a77939922c10e4ddbc15dc0834ad37041f
NF-ToN-IoT-v2__binary__edge_mlp__seed11,research/artifacts/full_runs/NF-ToN-IoT-v2__binary__edge_mlp__seed11,full_runs,NF-ToN-IoT-v2,binary,edge_mlp,11,5,5792,5792,2896,724,2,1500,4096,15-10,128,0.2,0.001,True,full,10,2,5068,2,5378,136.3095948190021,136.22391598799732,49270036,145987072,0.0,0.9706936980200532,0.9729726392508384,0.9729465347820568,0.9704832338999799,0.9727689101609422,0.9727427019286663,a34a037000482d319bb1dbe74c48a90db3dc678236fd6ea726564464eb419a1b
NF-ToN-IoT-v2__binary__edge_mlp__seed22,research/artifacts/full_runs/NF-ToN-IoT-v2__binary__edge_mlp__seed22,full_runs,NF-ToN-IoT-v2,binary,edge_mlp,22,5,5792,5792,2896,724,2,1500,4096,15-10,128,0.2,0.001,True,full,10,2,5068,2,5378,144.39037794499018,144.3031724219909,49270036,144982528,0.0,0.9706215352771375,0.9729051443972687,0.9728780539640652,0.9704566973324018,0.9727423305200958,0.9727140507663152,b7a6f8ff545cc1da0f0f2235e08dc0ba8c446286a5e71cfa2c471acd1ccd5bd7
NF-ToN-IoT-v2__binary__edge_mlp__seed33,research/artifacts/full_runs/NF-ToN-IoT-v2__binary__edge_mlp__seed33,full_runs,NF-ToN-IoT-v2,binary,edge_mlp,33,5,5792,5792,2896,724,2,1500,4096,15-10,128,0.2,0.001,True,full,10,2,5792,2,5378,160.31643824801722,160.22921082400717,49270036,144982528,0.0,0.971621032460084,0.973830229773131,0.9738072678219853,0.9714916740505246,0.9737013836554756,0.9736781476107884,b674880c793cce6198b0f181413b7b1b402982d1dabb2a4408f41e1c585caccd
NF-ToN-IoT-v2__binary__edge_mlp__seed44,research/artifacts/full_runs_seeds44_55/NF-ToN-IoT-v2__binary__edge_mlp__seed44,full_runs_seeds44_55,NF-ToN-IoT-v2,binary,edge_mlp,44,5,5792,5792,2896,724,2,1500,4096,15-10,128,0.2,0.001,True,full,10,2,5792,2,5378,130.3792004499992,129.8895366450015,48687972,145987072,0.0,0.9711977013000375,0.9734332340233679,0.9734034671365868,0.970967299305336,0.9732104989406577,0.973179853684126,07269ca02af58555f19c38c72da4d96127a0d6fa54272f7d4f44140a64c26dfc
NF-ToN-IoT-v2__binary__edge_mlp__seed55,research/artifacts/full_runs_seeds44_55/NF-ToN-IoT-v2__binary__edge_mlp__seed55,full_runs_seeds44_55,NF-ToN-IoT-v2,binary,edge_mlp,55,5,5792,5792,2896,724,2,1500,4096,15-10,128,0.2,0.001,True,full,10,2,5792,2,5378,125.94453155600058,125.44231497499277,48687972,144982528,0.0,0.9703264393918596,0.9726229487684216,0.9725858297838427,0.9701849798453426,0.9724824384062424,0.9724449661384613,6634e16337c4d3b0a56b6d7585d1a2eddaa9b70eec671b1d4dc2285a0c87f8f9
NF-ToN-IoT-v2__binary__sage__seed11,research/artifacts/full_runs/NF-ToN-IoT-v2__binary__sage__seed11,full_runs,NF-ToN-IoT-v2,binary,sage,11,5,5792,5792,2896,724,2,1500,4096,15-10,128,0.2,0.001,True,full,10,2,5792,2,86530,449.5911602880078,447.8272706819989,49270036,3005487616,0.0,0.9716494634597745,0.9737580762329495,0.9736431499995573,0.9751644202000473,0.9770232967270923,0.9769405402723101,1b5cce3ca800a56c21d1865e689d3df6df1cd417d2a953a0caf5f36b3a01ba90
NF-ToN-IoT-v2__binary__sage__seed22,research/artifacts/full_runs/NF-ToN-IoT-v2__binary__sage__seed22,full_runs,NF-ToN-IoT-v2,binary,sage,22,5,5792,5792,2896,724,2,1500,4096,15-10,128,0.2,0.001,True,full,10,2,5068,2,86530,447.31989569401776,445.5655734320171,49270036,2982640128,0.0,0.9747133471050806,0.9766210592603612,0.9765429584303724,0.9768085377809813,0.9785641558271871,0.9785051300349249,acf7ca7aecf7bae39a509ce374007985a04c6c6434b74cc59329f2699c16a3c6
NF-ToN-IoT-v2__binary__sage__seed33,research/artifacts/full_runs/NF-ToN-IoT-v2__binary__sage__seed33,full_runs,NF-ToN-IoT-v2,binary,sage,33,5,5792,5792,2896,724,2,1500,4096,15-10,128,0.2,0.001,True,full,10,2,5068,2,86530,477.9371305490058,476.1761349349981,49270036,2999260672,0.0,0.9744103779094586,0.9763344940918738,0.9762495535463913,0.9783291501621136,0.9799703442009702,0.9799158305647055,2c3d900c26c8337a28c891cc5b39688050021b621d15f543153162d76698d059
NF-ToN-IoT-v2__binary__sage__seed44,research/artifacts/full_runs_seeds44_55/NF-ToN-IoT-v2__binary__sage__seed44,full_runs_seeds44_55,NF-ToN-IoT-v2,binary,sage,44,5,5792,5792,2896,724,2,1500,4096,15-10,128,0.2,0.001,True,full,10,2,5068,2,86530,419.13567578600487,416.76161402699654,48687972,2989626368,0.0,0.9766041241319712,0.9783743959554719,0.9783069298455345,0.979227078391556,0.9808056981901757,0.9807585291851963,c2a9fa4a66bd33994976a356b54a54a453cd9008fc4026451bf66ddfb501a54e
NF-ToN-IoT-v2__binary__sage__seed55,research/artifacts/full_runs_seeds44_55/NF-ToN-IoT-v2__binary__sage__seed55,full_runs_seeds44_55,NF-ToN-IoT-v2,binary,sage,55,5,5792,5792,2896,724,2,1500,4096,15-10,128,0.2,0.001,True,full,10,2,4344,2,86530,418.55972164400737,416.2220784069941,48687972,2981273600,0.0,0.9748114989772005,0.9767098877303259,0.9766303305084996,0.9779953867819318,0.9796640315036647,0.979610710454307,403550e0ed08bed82f778d7d11d7b9ec47d58f43f5be4e6e37657c72a334bbbe
NF-ToN-IoT-v2__binary__sage_edge__seed11,research/artifacts/full_runs/NF-ToN-IoT-v2__binary__sage_edge__seed11,full_runs,NF-ToN-IoT-v2,binary,sage_edge,11,5,5792,5792,2896,724,2,1500,4096,15-10,128,0.2,0.001,True,full,10,2,5068,2,86608,440.1533018310147,438.31709282600787,49270036,3006462976,0.0,0.9781105025328523,0.9797612764456147,0.9796930760579844,0.9807889586117744,0.9822467533726514,0.9822011299782133,7ae12896efce81a9e9e4500b4004fb1237d03f832872fbaa4810a517fe745250
NF-ToN-IoT-v2__binary__sage_edge__seed22,research/artifacts/full_runs/NF-ToN-IoT-v2__binary__sage_edge__seed22,full_runs,NF-ToN-IoT-v2,binary,sage_edge,22,5,5792,5792,2896,724,2,1500,4096,15-10,128,0.2,0.001,True,full,10,2,3620,2,86608,442.0354213249957,440.1753904639918,49270036,2982643200,0.0,0.9780386712075155,0.9797061783090802,0.9796482093151623,0.9802958913035171,0.9817974299996942,0.9817565939025601,039c7407bb30fe4a4889182f52f298b4f32b9b05a78f8fbc5b66c1c2451e6cae
NF-ToN-IoT-v2__binary__sage_edge__seed33,research/artifacts/full_runs/NF-ToN-IoT-v2__binary__sage_edge__seed33,full_runs,NF-ToN-IoT-v2,binary,sage_edge,33,5,5792,5792,2896,724,2,1500,4096,15-10,128,0.2,0.001,True,full,10,2,5068,2,86608,438.06053217501903,436.20185404701624,49270036,2999264256,0.0,0.9774028187594497,0.9791103704784975,0.9790430986389438,0.9808232001859234,0.9822824455594975,0.9822407099344509,e486286e7f99eb6d6a45a58b006b27d44a8befbaba44115f79a9d1878f3149ba
NF-ToN-IoT-v2__binary__sage_edge__seed44,research/artifacts/full_runs_seeds44_55/NF-ToN-IoT-v2__binary__sage_edge__seed44,full_runs_seeds44_55,NF-ToN-IoT-v2,binary,sage_edge,44,5,5792,5792,2896,724,2,1500,4096,15-10,128,0.2,0.001,True,full,10,1,2896,1,86608,419.66032966900093,417.1216635289893,48687972,2990601728,0.0,0.9770317060930314,0.978787160187384,0.9787372963654987,0.9793147676815586,0.9809035333759641,0.9808725430889852,1bcca9a30fd64af4bf153befdadc50f03c3d8f788e5f2657ab70d67c70bad17c
NF-ToN-IoT-v2__binary__sage_edge__seed55,research/artifacts/full_runs_seeds44_55/NF-ToN-IoT-v2__binary__sage_edge__seed55,full_runs_seeds44_55,NF-ToN-IoT-v2,binary,sage_edge,55,5,5792,5792,2896,724,2,1500,4096,15-10,128,0.2,0.001,True,full,10,2,4344,2,86608,422.43319804900966,419.90499383000133,48687972,2981276672,0.0,0.9759907559807763,0.9777930719301341,0.9777106744475045,0.9798853018251605,0.981411590774119,0.9813637480682619,b0ac1a6b0db923a914af4d6e45baf4fc9f163eca82c1575f470442e9ccc6603a
NF-ToN-IoT-v2__multiclass__edge_mlp__seed11,research/artifacts/full_runs/NF-ToN-IoT-v2__multiclass__edge_mlp__seed11,full_runs,NF-ToN-IoT-v2,multiclass,edge_mlp,11,5,5792,5792,2896,724,2,1500,4096,15-10,128,0.2,0.001,True,full,10,2,5068,2,6410,155.07901767399744,154.9297975419904,49270036,145980416,0.0,0.7030873689438664,0.8966155744949572,0.8883390745053589,0.7028906824878318,0.8963471630484571,0.8880534104925873,d43a5078d6156d1557621f3acb79b51ffc907a73ba670fc1fccaeeadcbe99c81
NF-ToN-IoT-v2__multiclass__edge_mlp__seed22,research/artifacts/full_runs/NF-ToN-IoT-v2__multiclass__edge_mlp__seed22,full_runs,NF-ToN-IoT-v2,multiclass,edge_mlp,22,5,5792,5792,2896,724,2,1500,4096,15-10,128,0.2,0.001,True,full,10,2,5792,2,6410,156.06381216101,155.9135855580098,49270036,145017344,0.0,0.7064831015671257,0.8997551984276072,0.8899277114123874,0.7060229786531921,0.8995202516294368,0.8896688043781339,f1c65d9919d4b89af3f7f31de7f4112aaa223eabeea237ce93fbaf1406c2a3f1
NF-ToN-IoT-v2__multiclass__edge_mlp__seed33,research/artifacts/full_runs/NF-ToN-IoT-v2__multiclass__edge_mlp__seed33,full_runs,NF-ToN-IoT-v2,multiclass,edge_mlp,33,5,5792,5792,2896,724,2,1500,4096,15-10,128,0.2,0.001,True,full,10,2,5068,2,6410,159.9959718760074,159.84563086100388,49270036,145017344,0.0,0.7041858025603963,0.8973714115616768,0.8871749005995023,0.7037734963151843,0.8973009614607328,0.8870597763673398,4de99f65aff663c974f1759ac0ebdf1a2ddc0a0857e86134261e7e758c7cc59c
NF-ToN-IoT-v2__multiclass__edge_mlp__seed44,research/artifacts/full_runs_seeds44_55/NF-ToN-IoT-v2__multiclass__edge_mlp__seed44,full_runs_seeds44_55,NF-ToN-IoT-v2,multiclass,edge_mlp,44,5,5792,5792,2896,724,2,1500,4096,15-10,128,0.2,0.001,True,full,10,2,5068,2,6410,128.26222738499928,127.457927645999,48687972,145980416,0.0,0.6993181029763387,0.8955629362316417,0.8841824069236468,0.6984167383139394,0.895443762869533,0.8840197994300486,3c177a31e39aa5822f2fd2ad7ffc1ad3529a49e86534901726a6aec60f5e8321
NF-ToN-IoT-v2__multiclass__edge_mlp__seed55,research/artifacts/full_runs_seeds44_55/NF-ToN-IoT-v2__multiclass__edge_mlp__seed55,full_runs_seeds44_55,NF-ToN-IoT-v2,multiclass,edge_mlp,55,5,5792,5792,2896,724,2,1500,4096,15-10,128,0.2,0.001,True,full,10,2,5792,2,6410,118.26141481701052,117.46670467899821,48687972,145017344,0.0,0.7098454336980876,0.8981640718785836,0.8871589610987629,0.7088146818652058,0.8980025468871125,0.8869611218495537,d76a6a0ee1591c6654110775542d7c19ca54d3609e84d3af933527a6a4986382
NF-ToN-IoT-v2__multiclass__sage__seed11,research/artifacts/full_runs/NF-ToN-IoT-v2__multiclass__sage__seed11,full_runs,NF-ToN-IoT-v2,multiclass,sage,11,5,5792,5792,2896,724,2,1500,4096,15-10,128,0.2,0.001,True,full,10,2,5792,2,88586,440.03261885898246,438.21303324998007,49270036,3005590016,0.0,0.7200741631764073,0.8983511272312121,0.8843719098768821,0.7458433248374747,0.9094541318598087,0.8985751806500092,82c7354747cc4a4480a015c4b66a0f6633d0ace06ba78e6dd404c3abb1cbef20
NF-ToN-IoT-v2__multiclass__sage__seed22,research/artifacts/full_runs/NF-ToN-IoT-v2__multiclass__sage__seed22,full_runs,NF-ToN-IoT-v2,multiclass,sage,22,5,5792,5792,2896,724,2,1500,4096,15-10,128,0.2,0.001,True,full,10,2,5068,2,88586,440.352154881999,438.5343802740099,49270036,2982754816,0.0,0.7042118763532185,0.8940382641829338,0.8814307768145203,0.7442382687066547,0.9054309619610363,0.8953644782298426,06b9ec099bf3b6f7cde9d8c64c03f1e727249bbb929b5c444c3af1a2883ca394
NF-ToN-IoT-v2__multiclass__sage__seed33,research/artifacts/full_runs/NF-ToN-IoT-v2__multiclass__sage__seed33,full_runs,NF-ToN-IoT-v2,multiclass,sage,33,5,5792,5792,2896,724,2,1500,4096,15-10,128,0.2,0.001,True,full,10,1,2896,1,88586,440.53361348497856,438.71799744598684,49270036,2999383552,0.0,0.7159484822794016,0.9050018389252593,0.8948016565273731,0.7558920678348146,0.9153064925954829,0.9089244530877092,0b60f026fe2457809e0cbb44cd5d0eeb2ff1ba8ae2d7ffb5f0bc277ae2b19c64
NF-ToN-IoT-v2__multiclass__sage__seed44,research/artifacts/full_runs_seeds44_55/NF-ToN-IoT-v2__multiclass__sage__seed44,full_runs_seeds44_55,NF-ToN-IoT-v2,multiclass,sage,44,5,5792,5792,2896,724,2,1500,4096,15-10,128,0.2,0.001,True,full,10,2,5068,2,88586,420.8993778439908,418.3010490829911,48687972,2989728768,0.0,0.7242575682686833,0.9063798478016395,0.8943825066931145,0.7483822716788928,0.9160118120260498,0.9070414514383475,d5dde5724387b41122e75fa3091ed724193e9253f7ceb9071e2518d9593ad969
NF-ToN-IoT-v2__multiclass__sage__seed55,research/artifacts/full_runs_seeds44_55/NF-ToN-IoT-v2__multiclass__sage__seed55,full_runs_seeds44_55,NF-ToN-IoT-v2,multiclass,sage,55,5,5792,5792,2896,724,2,1500,4096,15-10,128,0.2,0.001,True,full,10,2,5792,2,88586,420.6251264090097,418.00300810299814,48687972,2981388288,0.0,0.7235089090929363,0.9066183506604976,0.8943771935262013,0.7525540513549941,0.9179786488284819,0.9087253718152903,9658ba39b73a3b6797bb38f1d2b3d9230ffdfb18ca486264499e5686252f9dc9
NF-ToN-IoT-v2__multiclass__sage_edge__seed11,research/artifacts/full_runs/NF-ToN-IoT-v2__multiclass__sage_edge__seed11,full_runs,NF-ToN-IoT-v2,multiclass,sage_edge,11,5,5792,5792,2896,724,2,1500,4096,15-10,128,0.2,0.001,True,full,10,2,5792,2,88976,446.0521113410068,444.1319303860073,49270036,3006582272,0.0,0.7480050590117935,0.9157287319582856,0.9039963870464991,0.7710589042735061,0.9259325440914723,0.917787704929654,5c913a87f84cb27b51decebc3537e741c6c9ae064eb64eecb38bbb8bf472e3fe
NF-ToN-IoT-v2__multiclass__sage_edge__seed22,research/artifacts/full_runs/NF-ToN-IoT-v2__multiclass__sage_edge__seed22,full_runs,NF-ToN-IoT-v2,multiclass,sage_edge,22,5,5792,5792,2896,724,2,1500,4096,15-10,128,0.2,0.001,True,full,10,1,2896,1,88976,526.2471189280186,524.3259486760071,49270036,2982767104,0.0,0.7365555605213991,0.9128454245682405,0.9026238189272716,0.7660968022583213,0.9218972515316038,0.9144488107109269,530f22475b0ceb82880a1d05f70f3c1fcba407924532e0d0015b17d86a749854
NF-ToN-IoT-v2__multiclass__sage_edge__seed33,research/artifacts/full_runs/NF-ToN-IoT-v2__multiclass__sage_edge__seed33,full_runs,NF-ToN-IoT-v2,multiclass,sage_edge,33,5,5792,5792,2896,724,2,1500,4096,15-10,128,0.2,0.001,True,full,10,2,5792,2,88976,454.8433701979957,452.9255802409898,49270036,2999397888,0.0,0.7379396457093866,0.9187116649687722,0.9076258704000519,0.7711401870646353,0.9279003632516964,0.9196512119737047,5316a85d1d3c5e286f2813bfc399c2a1a67ae8668c3fdb3e35829524a60f1545
NF-ToN-IoT-v2__multiclass__sage_edge__seed44,research/artifacts/full_runs_seeds44_55/NF-ToN-IoT-v2__multiclass__sage_edge__seed44,full_runs_seeds44_55,NF-ToN-IoT-v2,multiclass,sage_edge,44,5,5792,5792,2896,724,2,1500,4096,15-10,128,0.2,0.001,True,full,10,2,3620,2,88976,421.53989757700765,418.7138658550102,48687972,2990721024,0.0,0.7321279325854522,0.9135137124343212,0.9078572883367131,0.7613885428889857,0.9231870748401084,0.9185007348875457,ecba503a6bf8fb0cff6cf3dc4de101e3b3f83608321ee1277b136fcad8690a23
NF-ToN-IoT-v2__multiclass__sage_edge__seed55,research/artifacts/full_runs_seeds44_55/NF-ToN-IoT-v2__multiclass__sage_edge__seed55,full_runs_seeds44_55,NF-ToN-IoT-v2,multiclass,sage_edge,55,5,5792,5792,2896,724,2,1500,4096,15-10,128,0.2,0.001,True,full,10,2,5792,2,88976,420.41629531599756,417.60269473800145,48687972,2981400576,0.0,0.7313176190897271,0.9193788452704413,0.9079777201200776,0.7593672963624869,0.9300112418729475,0.9217581062113357,1e69d797438ee0469cc473bf9571d233ea325ac821ce1b8563ab69d961bdd76e
NF-UNSW-NB15-v2__binary__edge_mlp__seed11,research/artifacts/full_runs/NF-UNSW-NB15-v2__binary__edge_mlp__seed11,full_runs,NF-UNSW-NB15-v2,binary,edge_mlp,11,4,1500,1500,409,500,2,1500,4096,15-10,128,0.2,0.001,True,full,10,4,1500,4,5378,36.4176585469977,36.40344599800301,4749572,145986048,0.0,0.9665701341970437,0.9946676503037697,0.9945016808549781,0.9645744047640319,0.994451334833589,0.9942678663701577,4c7a6469aa6599be4e804069bd8502122919a88ef4a3c9ab3c02f2cfa2375b24
NF-UNSW-NB15-v2__binary__edge_mlp__seed22,research/artifacts/full_runs/NF-UNSW-NB15-v2__binary__edge_mlp__seed22,full_runs,NF-UNSW-NB15-v2,binary,edge_mlp,22,4,1500,1500,409,500,2,1500,4096,15-10,128,0.2,0.001,True,full,10,4,1500,4,5378,37.580948724993505,37.56698798100115,4749572,144981504,0.0,0.9670479429069889,0.9947463986676595,0.994585305480758,0.9647332984154544,0.9944769697423632,0.9942950626246059,2e59404dec04febc1b6270a4dd9dbe35e8a157d1d2d6b4b407301d540fc12074
NF-UNSW-NB15-v2__binary__edge_mlp__seed33,research/artifacts/full_runs/NF-UNSW-NB15-v2__binary__edge_mlp__seed33,full_runs,NF-UNSW-NB15-v2,binary,edge_mlp,33,4,1500,1500,409,500,2,1500,4096,15-10,128,0.2,0.001,True,full,10,4,1500,4,5378,35.911990660009906,35.89440299299895,4749572,144981504,0.0,0.9660963581800972,0.9945892113230625,0.9944180562291983,0.9640084878874551,0.9943592973359154,0.9941695414502298,f6bafe1931d88f0b99151a277708a5225d5a1cf30c86b90f0758479ce501fde3
NF-UNSW-NB15-v2__binary__edge_mlp__seed44,research/artifacts/full_runs_seeds44_55/NF-UNSW-NB15-v2__binary__edge_mlp__seed44,full_runs_seeds44_55,NF-UNSW-NB15-v2,binary,edge_mlp,44,4,1500,1500,409,500,2,1500,4096,15-10,128,0.2,0.001,True,full,10,4,1500,4,5378,26.87355825099803,26.804090238001663,4725280,145986048,0.0,0.9666895033439487,0.994687331041035,0.9945225870114232,0.964609002686853,0.9944570948781005,0.9942741424288766,214d053956aaf3bb5a8475bfd56a08e71e2d26849fac0e00085f645f7f1d3702
NF-UNSW-NB15-v2__binary__edge_mlp__seed55,research/artifacts/full_runs_seeds44_55/NF-UNSW-NB15-v2__binary__edge_mlp__seed55,full_runs_seeds44_55,NF-UNSW-NB15-v2,binary,edge_mlp,55,4,1500,1500,409,500,2,1500,4096,15-10,128,0.2,0.001,True,full,10,4,1500,4,5378,28.176533919002395,28.081153118997463,4725280,144981504,0.0,0.9666178752191907,0.9946755220908498,0.9945100433175561,0.9644501638393719,0.9944314640816866,0.9942469461744284,e81605545d0c36db0bc947b6dba089d6212a5033ca389cdb3400f88db98832f9
NF-UNSW-NB15-v2__binary__sage__seed11,research/artifacts/full_runs/NF-UNSW-NB15-v2__binary__sage__seed11,full_runs,NF-UNSW-NB15-v2,binary,sage,11,4,1500,1500,409,500,2,1500,4096,15-10,128,0.2,0.001,True,full,10,4,1500,4,86530,38.3382745290146,38.1822256790183,4884196,1237106176,0.0,0.9731629239896888,0.9957458769534918,0.9956389757655835,0.970195179992587,0.9953561781715963,0.995226011334562,703c974073d25568169cde43d6897bc429ee755cb17ce077977709872e4e4902
NF-UNSW-NB15-v2__binary__sage__seed22,research/artifacts/full_runs/NF-UNSW-NB15-v2__binary__sage__seed22,full_runs,NF-UNSW-NB15-v2,binary,sage,22,4,1500,1500,409,500,2,1500,4096,15-10,128,0.2,0.001,True,full,10,4,1500,4,86530,38.65174964199832,38.49602718799724,4884196,1237106176,0.0,0.9724491706084517,0.9956300870821073,0.9955177200582027,0.9698975729031958,0.9953085324283644,0.9951758028648116,10a52b8ff664786e1705db3e5186e17fd96b9ca089d828a6ee593311faddef17
NF-UNSW-NB15-v2__binary__sage__seed33,research/artifacts/full_runs/NF-UNSW-NB15-v2__binary__sage__seed33,full_runs,NF-UNSW-NB15-v2,binary,sage,33,4,1500,1500,409,500,2,1500,4096,15-10,128,0.2,0.001,True,full,10,3,909,3,86530,39.84000037898659,39.68385472599766,4884196,1237106176,0.0,0.9723977698073482,0.9956219342594994,0.9955093575956248,0.9698453570712846,0.9953003945834873,0.9951674347865198,74292bef81be8c18be4151c3ec3402746298e4ec122c506cd2927db8c00b0dd5
NF-UNSW-NB15-v2__binary__sage__seed44,research/artifacts/full_runs_seeds44_55/NF-UNSW-NB15-v2__binary__sage__seed44,full_runs_seeds44_55,NF-UNSW-NB15-v2,binary,sage,44,4,1500,1500,409,500,2,1500,4096,15-10,128,0.2,0.001,True,full,10,4,1409,4,86530,34.13481506500102,33.88209913599712,4725280,1283817984,0.0,0.9727473207891724,0.9956782157203762,0.9955678948336706,0.9693727536445118,0.99522485053842,0.9950879380427483,051e95d7f7446ed2d68eb1b03e8df76f2d391f0b40bf7047d186016a94f53446
NF-UNSW-NB15-v2__binary__sage__seed55,research/artifacts/full_runs_seeds44_55/NF-UNSW-NB15-v2__binary__sage__seed55,full_runs_seeds44_55,NF-UNSW-NB15-v2,binary,sage,55,4,1500,1500,409,500,2,1500,4096,15-10,128,0.2,0.001,True,full,10,4,1409,4,86530,34.28975324500061,34.037620746996254,4725280,1283817984,0.0,0.9742738300946366,0.995927908547709,0.995831312404877,0.9719161115455346,0.9956329720807675,0.995518894074773,77c0232f1957cd98ceef3bb4d4478d0f9879b2239b0dd5fffa44a5e38b44823a
NF-UNSW-NB15-v2__binary__sage_edge__seed11,research/artifacts/full_runs/NF-UNSW-NB15-v2__binary__sage_edge__seed11,full_runs,NF-UNSW-NB15-v2,binary,sage_edge,11,4,1500,1500,409,500,2,1500,4096,15-10,128,0.2,0.001,True,full,10,4,1500,4,86608,39.90488470498531,39.731435680994764,4884196,1237107712,0.0,0.9732827694321692,0.9957655934796749,0.9956598819220284,0.9705535012957713,0.9954136530824024,0.9952866799021771,a95d50538c99f9f0412887e02596736c6f87a642ac8513d1a03a2107e1c596b5
NF-UNSW-NB15-v2__binary__sage_edge__seed22,research/artifacts/full_runs/NF-UNSW-NB15-v2__binary__sage_edge__seed22,full_runs,NF-UNSW-NB15-v2,binary,sage_edge,22,4,1500,1500,409,500,2,1500,4096,15-10,128,0.2,0.001,True,full,10,4,1409,4,86608,39.20704011198541,39.02757742497488,4884196,1237107712,0.0,0.9726200587349014,0.9956579289833165,0.9955469886772257,0.9697873585824286,0.9952918213020316,0.9951590667082281,2b1ed88dd6ea93fbfee097c2658e499382670712f3bf65c7f5e6c81a57b64ce6
NF-UNSW-NB15-v2__binary__sage_edge__seed33,research/artifacts/full_runs/NF-UNSW-NB15-v2__binary__sage_edge__seed33,full_runs,NF-UNSW-NB15-v2,binary,sage_edge,33,4,1500,1500,409,500,2,1500,4096,15-10,128,0.2,0.001,True,full,10,3,909,3,86608,39.57778941500874,39.40280690899817,5122544,1237107712,0.0,0.9725763827635412,0.9956503699866684,0.9955386262146477,0.9697974767103519,0.9952925831958763,0.9951590667082281,d7610f4c647a6419e2cf348c4b5f787ef5716b45a4014416423c3864be56f47b
NF-UNSW-NB15-v2__binary__sage_edge__seed44,research/artifacts/full_runs_seeds44_55/NF-UNSW-NB15-v2__binary__sage_edge__seed44,full_runs_seeds44_55,NF-UNSW-NB15-v2,binary,sage_edge,44,4,1500,1500,409,500,2,1500,4096,15-10,128,0.2,0.001,True,full,10,4,1500,4,86608,34.757237773999805,34.47945941099897,4789344,1283819520,0.0,0.9705283268788727,0.9953164654051134,0.9951874027863725,0.9684878196989022,0.9950825064457696,0.994937312633497,14af5663340e260c52e71da61215d9b97cb88cf9d33dee074d62fa05c82c3c47
NF-UNSW-NB15-v2__binary__sage_edge__seed55,research/artifacts/full_runs_seeds44_55/NF-UNSW-NB15-v2__binary__sage_edge__seed55,full_runs_seeds44_55,NF-UNSW-NB15-v2,binary,sage_edge,55,4,1500,1500,409,500,2,1500,4096,15-10,128,0.2,0.001,True,full,10,4,1500,4,86608,34.299068371998146,34.02073696900334,5012756,1283819520,0.0,0.9738856451750122,0.9958644563123714,0.9957644127042532,0.9709301139837856,0.9954746080971916,0.9953515325089382,bcbe893b4eb0e83481afb8c410a2a180ddaa758f19b534fe9e323326297d9091
NF-UNSW-NB15-v2__multiclass__edge_mlp__seed11,research/artifacts/full_runs/NF-UNSW-NB15-v2__multiclass__edge_mlp__seed11,full_runs,NF-UNSW-NB15-v2,multiclass,edge_mlp,11,4,1500,1500,409,500,2,1500,4096,15-10,128,0.2,0.001,True,full,10,4,1500,4,6410,38.17446008900879,37.96407208600431,4342928,144935936,0.0,0.4161089608386635,0.9775901462038663,0.9736164305664732,0.41856522353271447,0.9776940540345799,0.9737681665749665,b225b060940329dfebefd90de4492c58ee04ed066d351490a41037476efd5118
NF-UNSW-NB15-v2__multiclass__edge_mlp__seed22,research/artifacts/full_runs/NF-UNSW-NB15-v2__multiclass__edge_mlp__seed22,full_runs,NF-UNSW-NB15-v2,multiclass,edge_mlp,22,4,1500,1500,409,500,2,1500,4096,15-10,128,0.2,0.001,True,full,10,4,1409,4,6410,35.02744969101332,34.99956356501207,4342928,145014272,0.0,0.4181718862459789,0.9774698733717603,0.9730394206485926,0.42171031748200327,0.9776097679323338,0.9731824010945447,478fc0278469d235eb1b16f6975035b554fba8aa8a934b0cf40c0d6bb85db52e
NF-UNSW-NB15-v2__multiclass__edge_mlp__seed33,research/artifacts/full_runs/NF-UNSW-NB15-v2__multiclass__edge_mlp__seed33,full_runs,NF-UNSW-NB15-v2,multiclass,edge_mlp,33,4,1500,1500,409,500,2,1500,4096,15-10,128,0.2,0.001,True,full,10,4,1409,4,6410,36.05564273100754,36.02119789199787,4342928,145014272,0.0,0.39939829189744086,0.9763556397927994,0.9723160676355973,0.4003993113595274,0.9763932923228271,0.9724522862635903,d519beb5f06b74b3444d1feed3befbe5c096d9f62a0d9d48e4fe1212196390a2
NF-UNSW-NB15-v2__multiclass__edge_mlp__seed44,research/artifacts/full_runs_seeds44_55/NF-UNSW-NB15-v2__multiclass__edge_mlp__seed44,full_runs_seeds44_55,NF-UNSW-NB15-v2,multiclass,edge_mlp,44,4,1500,1500,409,500,2,1500,4096,15-10,128,0.2,0.001,True,full,10,4,1500,4,6410,29.47906371598947,29.442693218996283,4175568,144935936,0.0,0.4173538796790967,0.9766912173956707,0.9721864494656386,0.41925852126489094,0.9767317075588502,0.9722535444041615,13e7bc8e1143cb31eed53827c06610489bfa1ee13766db07ac57335e6f2f836b
NF-UNSW-NB15-v2__multiclass__edge_mlp__seed55,research/artifacts/full_runs_seeds44_55/NF-UNSW-NB15-v2__multiclass__edge_mlp__seed55,full_runs_seeds44_55,NF-UNSW-NB15-v2,multiclass,edge_mlp,55,4,1500,1500,409,500,2,1500,4096,15-10,128,0.2,0.001,True,full,10,4,1500,4,6410,25.773070429990184,25.73841186799109,4175568,145014272,0.0,0.40832362420393054,0.9772747719356868,0.9730352394173036,0.41039322377501275,0.9773613301871473,0.9732054133098469,208020b0a35a84530308d2afe691c150b6bf265a40203948f035bf0fd8715342
NF-UNSW-NB15-v2__multiclass__sage__seed11,research/artifacts/full_runs/NF-UNSW-NB15-v2__multiclass__sage__seed11,full_runs,NF-UNSW-NB15-v2,multiclass,sage,11,4,1500,1500,409,500,2,1500,4096,15-10,128,0.2,0.001,True,full,10,4,1500,4,88586,40.6860233409825,40.31245301399031,4342928,1237130752,0.0,0.48738468536030927,0.9834057024762867,0.979537054071683,0.4902880166070944,0.9834569243302117,0.9797115941816752,6621184ac2272a4e3ca9c0d7e61e85dea654508e91310bc72fb3057d23a6e348
NF-UNSW-NB15-v2__multiclass__sage__seed22,research/artifacts/full_runs/NF-UNSW-NB15-v2__multiclass__sage__seed22,full_runs,NF-UNSW-NB15-v2,multiclass,sage,22,4,1500,1500,409,500,2,1500,4096,15-10,128,0.2,0.001,True,full,10,4,1500,4,88586,39.49170007999055,39.32518017798429,4342928,1237130752,0.0,0.49637588223791174,0.9822694244685035,0.9777725744677292,0.4929178186283874,0.9826857112164046,0.9784019899290177,4ab06817bc225a5edac36345c34fb62732e5c94720ab7235e1a7b6254a9637d2
NF-UNSW-NB15-v2__multiclass__sage__seed33,research/artifacts/full_runs/NF-UNSW-NB15-v2__multiclass__sage__seed33,full_runs,NF-UNSW-NB15-v2,multiclass,sage,33,4,1500,1500,409,500,2,1500,4096,15-10,128,0.2,0.001,True,full,10,4,1500,4,88586,40.6638630739908,40.498591616982594,4342928,1237130752,0.0,0.4804852033467507,0.982905233496467,0.978291047147564,0.477777190190534,0.9829167205180339,0.9783664255962778,3aa061907080dadb7673de1b07b916b60d4908a5f467cbd08f7ee9846f4f805b
NF-UNSW-NB15-v2__multiclass__sage__seed44,research/artifacts/full_runs_seeds44_55/NF-UNSW-NB15-v2__multiclass__sage__seed44,full_runs_seeds44_55,NF-UNSW-NB15-v2,multiclass,sage,44,4,1500,1500,409,500,2,1500,4096,15-10,128,0.2,0.001,True,full,10,4,1409,4,88586,33.19057457600138,32.902716814001906,4175568,1283842560,0.0,0.4899510049310514,0.9834545370576285,0.9798631901122242,0.49429288578924924,0.9834136284559836,0.9798705876692182,685f8fc9456bd01f0cde35d945746b11e0db8dd114516be752536df1c264eb77
NF-UNSW-NB15-v2__multiclass__sage__seed55,research/artifacts/full_runs_seeds44_55/NF-UNSW-NB15-v2__multiclass__sage__seed55,full_runs_seeds44_55,NF-UNSW-NB15-v2,multiclass,sage,55,4,1500,1500,409,500,2,1500,4096,15-10,128,0.2,0.001,True,full,10,3,909,3,88586,33.818033432995435,33.52990980100003,4311884,1283842560,0.0,0.4915985574985414,0.9828141930865277,0.9788387884464217,0.49357346873461483,0.9826452744688375,0.9787764614325731,1f0932b1a9d155a36df6a4e0214cedfce60209bbe0734e9c9959b788ef6f7778
NF-UNSW-NB15-v2__multiclass__sage_edge__seed11,research/artifacts/full_runs/NF-UNSW-NB15-v2__multiclass__sage_edge__seed11,full_runs,NF-UNSW-NB15-v2,multiclass,sage_edge,11,4,1500,1500,409,500,2,1500,4096,15-10,128,0.2,0.001,True,full,10,4,1500,4,88976,39.16124685101386,38.979486199008534,4342928,1237136896,0.0,0.48326243391177304,0.9822018200582768,0.9781028917395594,0.48901617136027936,0.9828340702997832,0.9790651601336382,eb85499eb052c2d61dbe4e98d274828a19a04ff49ed813d5c7f036cac0c05009
NF-UNSW-NB15-v2__multiclass__sage_edge__seed22,research/artifacts/full_runs/NF-UNSW-NB15-v2__multiclass__sage_edge__seed22,full_runs,NF-UNSW-NB15-v2,multiclass,sage_edge,22,4,1500,1500,409,500,2,1500,4096,15-10,128,0.2,0.001,True,full,10,3,909,3,88976,37.50271910200536,37.321449948998634,4450916,1237136896,0.0,0.485934643242181,0.9828725703702451,0.9788596946028667,0.4809957014084395,0.9826493446457397,0.9786446641994783,3715f207cf54231a05e2c16bf2c9154c3b903513574ea648c02bc8983b93eabb
NF-UNSW-NB15-v2__multiclass__sage_edge__seed33,research/artifacts/full_runs/NF-UNSW-NB15-v2__multiclass__sage_edge__seed33,full_runs,NF-UNSW-NB15-v2,multiclass,sage_edge,33,4,1500,1500,409,500,2,1500,4096,15-10,128,0.2,0.001,True,full,10,4,1500,4,88976,39.10142311200616,38.92010784900049,4687672,1237136896,0.0,0.48636703876852555,0.9832233356851894,0.9792819989630547,0.4877255890997822,0.9832703626264433,0.9792848221887964,832aa939203034028ca9afb935176a6b442e8705e0bb20e5fad0a13e713041a7
NF-UNSW-NB15-v2__multiclass__sage_edge__seed44,research/artifacts/full_runs_seeds44_55/NF-UNSW-NB15-v2__multiclass__sage_edge__seed44,full_runs_seeds44_55,NF-UNSW-NB15-v2,multiclass,sage_edge,44,4,1500,1500,409,500,2,1500,4096,15-10,128,0.2,0.001,True,full,10,4,1409,4,88976,33.61422910998226,33.298256212990964,4560340,1283848704,0.0,0.49121408151429335,0.9836465908969455,0.9798548276496463,0.4917086202315349,0.983694866769026,0.9800337651959071,05d987874247abf21bfb0d390a25443ac3a165362677d30fe2d8dab785adacc5
NF-UNSW-NB15-v2__multiclass__sage_edge__seed55,research/artifacts/full_runs_seeds44_55/NF-UNSW-NB15-v2__multiclass__sage_edge__seed55,full_runs_seeds44_55,NF-UNSW-NB15-v2,multiclass,sage_edge,55,4,1500,1500,409,500,2,1500,4096,15-10,128,0.2,0.001,True,full,10,3,909,3,88976,93.87085761599883,93.55944370599173,4725280,1283848704,0.0,0.48985545550159654,0.9818352772621952,0.9776638624542155,0.49317730995140785,0.9824749942636711,0.9785923637101549,ea31e323aa115658cd368b2a46eef18d4dc844aad4ac43add5b58719fe717160
