dataset,task,model,mean3,std3,mean5,std5,std_ratio_5_over_3,mean_shift_5_minus_3
NF-BoT-IoT-v2,binary,edge_mlp,0.9114088447187328,0.003840528106563309,0.9003060806872509,0.025617264148923277,6.670245194962744,-0.011102764031481915
NF-BoT-IoT-v2,binary,sage,0.8036338491218423,0.012839900080540423,0.8042945730472676,0.012096040375083078,0.9420665503009089,0.0006607239254252661
NF-BoT-IoT-v2,binary,sage_edge,0.884663195044454,0.02729831531449031,0.8817967549855735,0.026786839979900563,0.9812634835264633,-0.0028664400588804817
NF-BoT-IoT-v2,multiclass,edge_mlp,0.8146887716688386,0.0018817867024745188,0.8169013170624708,0.0035779264078922143,1.9013453560848843,0.002212545393632248
NF-BoT-IoT-v2,multiclass,sage,0.5698285638240649,0.02066480420063729,0.5511532113672153,0.05112286791969679,2.473910104510944,-0.018675352456849592
NF-BoT-IoT-v2,multiclass,sage_edge,0.8171433441318996,0.010906474967577844,0.8259787817819397,0.014691206008947402,1.3470168915823484,0.008835437650040134
NF-CSE-CIC-IDS2018-v2,binary,edge_mlp,0.9834030057223199,0.0009429700677686718,0.9837114171988952,0.0008560892009566257,0.9078646610516172,0.0003084114765753432
NF-CSE-CIC-IDS2018-v2,binary,sage,0.9845348597976219,0.0015065135045245865,0.9849622372787312,0.0014499831014189544,0.9624760063976515,0.0004273774811093256
NF-CSE-CIC-IDS2018-v2,binary,sage_edge,0.9854037940368109,0.0016472957303871505,0.9859801747289941,0.0014082977434128176,0.8549149478350416,0.0005763806921832426
NF-CSE-CIC-IDS2018-v2,multiclass,edge_mlp,0.6606846490244364,0.004941225692090178,0.6686086823753221,0.0161942136714976,3.277367738417817,0.007924033350885762
NF-CSE-CIC-IDS2018-v2,multiclass,sage,0.6987979383829442,0.025741575208230942,0.692632206357677,0.022722935624747722,0.8827329112898266,-0.006165732025267268
NF-CSE-CIC-IDS2018-v2,multiclass,sage_edge,0.6870757459274245,0.007948531351723905,0.6893567529803717,0.006625119190701624,0.833502303449397,0.0022810070529472037
NF-ToN-IoT-v2,binary,edge_mlp,0.970810535094302,0.0005900328428295965,0.9707167768867169,0.0005167733766239288,0.8758383247713123,-9.375820758517062e-05
NF-ToN-IoT-v2,binary,sage,0.9767673693810474,0.0015827665845174518,0.9775049146633259,0.0015691263539247846,0.9913820327481668,0.00073754528227854
NF-ToN-IoT-v2,binary,sage_edge,0.980636016700405,0.0002950543772867931,0.9802216239215868,0.0006373341135434801,2.1600564594369356,-0.0004143927788181623
NF-ToN-IoT-v2,multiclass,edge_mlp,0.7042290524854028,0.0016150753496511322,0.7039837155270707,0.0038641615678951086,2.392558073980756,-0.00024533695833206526
NF-ToN-IoT-v2,multiclass,sage,0.7486578871263146,0.0063161759940801926,0.7493819968825661,0.004806832201476235,0.7610351905933933,0.0007241097562514787
NF-ToN-IoT-v2,multiclass,sage_edge,0.7694319645321542,0.002888621170668133,0.7658103465695871,0.005410680601750229,1.8731014840892923,-0.003621617962567103
NF-UNSW-NB15-v2,binary,edge_mlp,0.9644387303556471,0.0003809766845786646,0.9644750715186333,0.00027964551626726047,0.734022651744503,3.634116298623091e-05
NF-UNSW-NB15-v2,binary,sage,0.9699793699890225,0.0001887116623434618,0.9702453950314227,0.000979327423954441,5.189543729269,0.00026602504240025304
NF-UNSW-NB15-v2,binary,sage_edge,0.9700461121961839,0.0004394409720464952,0.9699112540542479,0.0009360846397577622,2.1301715117695474,-0.00013485814193592294
NF-UNSW-NB15-v2,multiclass,edge_mlp,0.4135582841247483,0.01150399179260544,0.4140653194828297,0.008745120647084754,0.7601814052671666,0.0005070353580813869
NF-UNSW-NB15-v2,multiclass,sage,0.48699434180867196,0.008089862646028447,0.4897698759899759,0.006872544300500438,0.8495254618289932,0.0027755341813039403
NF-UNSW-NB15-v2,multiclass,sage_edge,0.48591248728950037,0.004306679485743839,0.4885246784102887,0.004726258285338601,1.0974251278702467,0.0026121911207883097
