dataset,task,model,seed,subset,n_flows,macro_f1,weighted_f1,accuracy,best_val_macro_f1,seconds,delta_vs_all_test
NF-UNSW-NB15-v2,multiclass,mlp_h273_2l,11,all_test,478007,0.4734863744959448,0.9821547227337486,0.9780819109343587,0.46954844358799147,96.79950196200116,0.0
NF-UNSW-NB15-v2,multiclass,mlp_h273_2l,11,both_endpoints_seen,362724,0.472827573130943,0.9819971608976121,0.9778812540664528,0.46954844358799147,96.86590268800137,-0.0006588013650017932
NF-UNSW-NB15-v2,multiclass,mlp_h273_2l,11,one_endpoint_seen,105750,0.4760489289608466,0.9826216905252982,0.9786855791962175,0.46954844358799147,96.88863639700139,0.002562554464901834
NF-UNSW-NB15-v2,multiclass,mlp_h273_2l,11,neither_endpoint_seen,9533,0.46154882774872263,0.9830371441343463,0.979020245463128,0.46954844358799147,96.89484718899985,-0.011937546747222139
NF-CSE-CIC-IDS2018-v2,multiclass,mlp_h273_2l,11,all_test,3779380,0.6844090569541557,0.7573186955033411,0.6285165820848923,0.7001596566167666,328.4571579700005,0.0
NF-CSE-CIC-IDS2018-v2,multiclass,mlp_h273_2l,11,both_endpoints_seen,2358386,0.6818908029993248,0.7573779100804455,0.6285853969621598,0.7001596566167666,328.74365689000115,-0.0025182539548308513
NF-CSE-CIC-IDS2018-v2,multiclass,mlp_h273_2l,11,one_endpoint_seen,1415856,0.688952006117972,0.7571884276698884,0.6283548609463109,0.7001596566167666,328.91461844600053,0.004542949163816368
NF-CSE-CIC-IDS2018-v2,multiclass,mlp_h273_2l,11,neither_endpoint_seen,5138,0.7844064468916071,0.7659615868923304,0.6414947450369793,0.7001596566167666,328.920925755001,0.09999738993745144
NF-CSE-CIC-IDS2018-v2,multiclass,mlp_h273_2l,22,all_test,3779380,0.6701394095780587,0.7085823572210197,0.5692965512861898,0.6728529789099655,283.5321224540003,0.0
NF-CSE-CIC-IDS2018-v2,multiclass,mlp_h273_2l,22,both_endpoints_seen,2358386,0.670250418317539,0.7088583803484314,0.5696081981490732,0.6728529789099655,283.80491345300106,0.00011100873948022283
NF-CSE-CIC-IDS2018-v2,multiclass,mlp_h273_2l,22,one_endpoint_seen,1415856,0.6699758669513193,0.7080700787032566,0.5687124961860528,0.6728529789099655,283.98046005300057,-0.00016354262673945463
NF-CSE-CIC-IDS2018-v2,multiclass,mlp_h273_2l,22,neither_endpoint_seen,5138,0.6678251401050316,0.7228098629839687,0.5871934604904632,0.6728529789099655,283.98758392700074,-0.002314269473027153
NF-CSE-CIC-IDS2018-v2,multiclass,mlp_h273_2l,33,all_test,3779380,0.6668873009231114,0.7075891671013814,0.568116463546931,0.667189308934715,244.04745068900047,0.0
NF-CSE-CIC-IDS2018-v2,multiclass,mlp_h273_2l,33,both_endpoints_seen,2358386,0.6669911729586345,0.707812145452494,0.568375151480716,0.667189308934715,244.33003029799875,0.00010387203552308932
NF-CSE-CIC-IDS2018-v2,multiclass,mlp_h273_2l,33,one_endpoint_seen,1415856,0.6667055834429393,0.7071598578561842,0.5676135143686929,0.667189308934715,244.49597058699874,-0.00018171748017214995
NF-CSE-CIC-IDS2018-v2,multiclass,mlp_h273_2l,33,neither_endpoint_seen,5138,0.6689501951364102,0.7232801757513779,0.5879719735305566,0.667189308934715,244.50378019900018,0.0020628942132987493
NF-UNSW-NB15-v2,multiclass,mlp_h273_2l,22,all_test,478007,0.47051304641150893,0.9816414045365027,0.9783099410678087,0.4711539754927996,59.99157403299978,0.0
NF-UNSW-NB15-v2,multiclass,mlp_h273_2l,22,both_endpoints_seen,362724,0.4695435659230429,0.9814581975292758,0.9781018074348541,0.4711539754927996,60.04398482999932,-0.0009694804884660124
NF-UNSW-NB15-v2,multiclass,mlp_h273_2l,22,one_endpoint_seen,105750,0.4736938238155616,0.9822060182104538,0.9789125295508274,0.4711539754927996,60.06094434899933,0.003180777404052648
NF-UNSW-NB15-v2,multiclass,mlp_h273_2l,22,neither_endpoint_seen,9533,0.46648172535125737,0.9824114183296945,0.9795447393265498,0.4711539754927996,60.0649727809996,-0.004031321060251558
NF-UNSW-NB15-v2,multiclass,mlp_h273_2l,33,all_test,478007,0.46499276045745186,0.9810891954086687,0.9768538954450458,0.4629255761288603,64.15689802399902,0.0
NF-UNSW-NB15-v2,multiclass,mlp_h273_2l,33,both_endpoints_seen,362724,0.46569702287883474,0.9809353407402687,0.9766930227941907,0.4629255761288603,64.19948139699954,0.0007042624213828841
NF-UNSW-NB15-v2,multiclass,mlp_h273_2l,33,one_endpoint_seen,105750,0.46086096861152415,0.9814801650490935,0.9771820330969267,0.4629255761288603,64.21302822600046,-0.0041317918459277125
NF-UNSW-NB15-v2,multiclass,mlp_h273_2l,33,neither_endpoint_seen,9533,0.4687340609956063,0.9827258101222938,0.9793349417811812,0.4629255761288603,64.21669398099948,0.0037413005381544684
NF-UNSW-NB15-v2,binary,mlp_h273_2l,11,all_test,478007,0.9671144485543486,0.9948602692293373,0.9947009144217553,0.9701438154239801,143.34014730599847,0.0
NF-UNSW-NB15-v2,binary,mlp_h273_2l,11,both_endpoints_seen,362724,0.9665996280603253,0.9947586624462442,0.9945936855570626,0.9701438154239801,143.38367910399938,-0.0005148204940232937
NF-UNSW-NB15-v2,binary,mlp_h273_2l,11,one_endpoint_seen,105750,0.968035801308194,0.9950892603174564,0.9949408983451536,0.9701438154239801,143.3978867809983,0.0009213527538454169
NF-UNSW-NB15-v2,binary,mlp_h273_2l,11,neither_endpoint_seen,9533,0.9765071760742599,0.9962020551770906,0.9961187454106787,0.9701438154239801,143.4014769869991,0.00939272751991127
NF-UNSW-NB15-v2,binary,mlp_h273_2l,22,all_test,478007,0.9672884289108641,0.9948880912698379,0.9947302026957764,0.9699503960887956,60.62393275499926,0.0
NF-UNSW-NB15-v2,binary,mlp_h273_2l,22,both_endpoints_seen,362724,0.9668437384569046,0.9947978953123225,0.994635039313638,0.9699503960887956,60.675809885999115,-0.00044469045395945095
NF-UNSW-NB15-v2,binary,mlp_h273_2l,22,one_endpoint_seen,105750,0.9679795654921604,0.9950803413367304,0.9949314420803782,0.9699503960887956,60.6934343869998,0.00069113658129627
NF-UNSW-NB15-v2,binary,mlp_h273_2l,22,neither_endpoint_seen,9533,0.9765071760742599,0.9962020551770906,0.9961187454106787,0.9699503960887956,60.69778005400076,0.009218747163395768
NF-UNSW-NB15-v2,binary,mlp_h273_2l,33,all_test,478007,0.9678215347524297,0.9949745015016955,0.9948222515569856,0.9708704260707602,58.41666701699978,0.0
NF-UNSW-NB15-v2,binary,mlp_h273_2l,33,both_endpoints_seen,362724,0.9673181756299185,0.9948753199358634,0.9947177468267884,0.9708704260707602,58.45752144300059,-0.0005033591225112044
NF-UNSW-NB15-v2,binary,mlp_h273_2l,33,one_endpoint_seen,105750,0.9687115913530471,0.9951963589817827,0.9950543735224586,0.9708704260707602,58.47165420300007,0.0008900566006173616
NF-UNSW-NB15-v2,binary,mlp_h273_2l,33,neither_endpoint_seen,9533,0.9771155640410526,0.9963026122565031,0.9962236441833631,0.9708704260707602,58.474974374999874,0.009294029288622885
