dataset,task,model,seed,subset,n_flows,macro_f1,weighted_f1,accuracy
NF-ToN-IoT-v2,multiclass,hist_gradient_boosting,11,all_test,3385552,0.8628359655523814,0.970185688878315,0.9686352476641918
NF-ToN-IoT-v2,multiclass,hist_gradient_boosting,11,both_endpoints_seen,3319739,0.8628304900780469,0.9701818586352228,0.9686291603044698
NF-ToN-IoT-v2,multiclass,hist_gradient_boosting,11,one_endpoint_seen,65192,0.8629461484043508,0.9703802693561934,0.9689532457970303
NF-ToN-IoT-v2,multiclass,hist_gradient_boosting,11,neither_endpoint_seen,621,0.8235689200142917,0.97014623541017,0.9677938808373592
NF-ToN-IoT-v2,multiclass,hist_gradient_boosting,22,all_test,3385552,0.8689284454737095,0.9703215310101404,0.9687823433224478
NF-ToN-IoT-v2,multiclass,hist_gradient_boosting,22,both_endpoints_seen,3319739,0.8688854312145781,0.970317323341676,0.9687752561270632
NF-ToN-IoT-v2,multiclass,hist_gradient_boosting,22,one_endpoint_seen,65192,0.8710385456920882,0.9705685104360586,0.969183335378574
NF-ToN-IoT-v2,multiclass,hist_gradient_boosting,22,neither_endpoint_seen,621,0.8204976207813812,0.96692066165871,0.964573268921095
NF-ToN-IoT-v2,multiclass,hist_gradient_boosting,33,all_test,3385552,0.8673143847823941,0.9701709090625692,0.9684494581681214
NF-ToN-IoT-v2,multiclass,hist_gradient_boosting,33,both_endpoints_seen,3319739,0.8672735127345588,0.970166485846427,0.9684405912633494
NF-ToN-IoT-v2,multiclass,hist_gradient_boosting,33,one_endpoint_seen,65192,0.8693687640444427,0.9704032576559328,0.9689225671861578
NF-ToN-IoT-v2,multiclass,hist_gradient_boosting,33,neither_endpoint_seen,621,0.8215568475796842,0.9692131003680332,0.966183574879227
NF-UNSW-NB15-v2,multiclass,hist_gradient_boosting,11,all_test,478007,0.6521763959745458,0.9892257381912,0.987230312526804
NF-UNSW-NB15-v2,multiclass,hist_gradient_boosting,11,both_endpoints_seen,362724,0.6554327528549283,0.9891168271648396,0.9870728156945776
NF-UNSW-NB15-v2,multiclass,hist_gradient_boosting,11,one_endpoint_seen,105750,0.6409568050971262,0.9894747836564228,0.9876217494089836
NF-UNSW-NB15-v2,multiclass,hist_gradient_boosting,11,neither_endpoint_seen,9533,0.6435040732426776,0.9905982199041587,0.9888807300954578
