dataset,task,model,seed,depth,hidden,parameters,steps_ran,steps_per_full_pass,step_budget,eval_every_steps,best_step,best_val_macro_f1,val_macro_f1,val_weighted_f1,val_accuracy,test_macro_f1,test_weighted_f1,test_accuracy,seconds,val_curve
NF-UNSW-NB15-v2,multiclass,mlp_h128_1l,11,1,128,6410,1500,409,1500,500,1500,0.41113532899677674,0.41113532899677674,0.977056479102305,0.9725418541252028,0.41483001056411234,0.9773275457204633,0.9728978864326254,10.11182213400025,"[{""step"": 500, ""loss"": 1.2855554819107056, ""accuracy"": 0.9704554197119968, ""macro_f1"": 0.3699060729770122, ""weighted_f1"": 0.9745431051000024, ""eligible"": true}, {""step"": 1000, ""loss"": 1.429524302482605, ""accuracy"": 0.9705724941880886, ""macro_f1"": 0.39057061041562324, ""weighted_f1"": 0.9748351611482805, ""eligible"": true}, {""step"": 1500, ""loss"": 1.4019544124603271, ""accuracy"": 0.9725418541252028, ""macro_f1"": 0.41113532899677674, ""weighted_f1"": 0.977056479102305, ""eligible"": true}]"
NF-UNSW-NB15-v2,multiclass,mlp_h128_1l,22,1,128,6410,1500,409,1500,500,1500,0.42273016532826074,0.42273016532826074,0.978075245756599,0.9749669682728169,0.42801081898892335,0.9781140922263655,0.9750024581229982,10.185649631999695,"[{""step"": 500, ""loss"": 1.1340590715408325, ""accuracy"": 0.9716679767858039, ""macro_f1"": 0.3813794346130759, ""weighted_f1"": 0.9758680136568365, ""eligible"": true}, {""step"": 1000, ""loss"": 1.199047565460205, ""accuracy"": 0.9718435884999415, ""macro_f1"": 0.40053905026295594, ""weighted_f1"": 0.9764438887547114, ""eligible"": true}, {""step"": 1500, ""loss"": 0.9868717789649963, ""accuracy"": 0.9749669682728169, ""macro_f1"": 0.42273016532826074, ""weighted_f1"": 0.978075245756599, ""eligible"": true}]"
NF-UNSW-NB15-v2,multiclass,mlp_h128_1l,33,1,128,6410,1500,409,1500,500,1500,0.419743194250782,0.419743194250782,0.9774912621851841,0.9732275760565972,0.42249831886471007,0.9775551148196839,0.9733079222689207,10.250876990001416,"[{""step"": 500, ""loss"": 1.1982908248901367, ""accuracy"": 0.9701961833720794, ""macro_f1"": 0.3830632979766294, ""weighted_f1"": 0.9744131259335194, ""eligible"": true}, {""step"": 1000, ""loss"": 1.2304059267044067, ""accuracy"": 0.9722366242411066, ""macro_f1"": 0.4003639271291881, ""weighted_f1"": 0.976317536040224, ""eligible"": true}, {""step"": 1500, ""loss"": 1.0412596464157104, ""accuracy"": 0.9732275760565972, ""macro_f1"": 0.419743194250782, ""weighted_f1"": 0.9774912621851841, ""eligible"": true}]"
NF-UNSW-NB15-v2,multiclass,mlp_h128_1l,44,1,128,6410,1500,409,1500,500,1500,0.4137696538336195,0.4137696538336195,0.9767310759179229,0.9722575303975515,0.4167531365848844,0.9768304286841826,0.9724481022244444,10.117409129999942,"[{""step"": 500, ""loss"": 1.5475693941116333, ""accuracy"": 0.9676623572109515, ""macro_f1"": 0.3327907823581397, ""weighted_f1"": 0.9724511440729007, ""eligible"": true}, {""step"": 1000, ""loss"": 1.1282974481582642, ""accuracy"": 0.9708568179157399, ""macro_f1"": 0.38972298190158006, ""weighted_f1"": 0.9755154044747125, ""eligible"": true}, {""step"": 1500, ""loss"": 1.0458391904830933, ""accuracy"": 0.9722575303975515, ""macro_f1"": 0.4137696538336195, ""weighted_f1"": 0.9767310759179229, ""eligible"": true}]"
NF-UNSW-NB15-v2,multiclass,mlp_h128_1l,55,1,128,6410,1500,409,1500,500,1500,0.42118126814363155,0.42118126814363155,0.9778071815952042,0.9743774146610694,0.42542938723962925,0.9777675812837257,0.974395772446847,10.13051031699979,"[{""step"": 500, ""loss"": 1.159667730331421, ""accuracy"": 0.9712665785820609, ""macro_f1"": 0.38275809384928683, ""weighted_f1"": 0.9754609463081196, ""eligible"": true}, {""step"": 1000, ""loss"": 1.9736131429672241, ""accuracy"": 0.9716010770851801, ""macro_f1"": 0.39553460478162794, ""weighted_f1"": 0.9765317248766678, ""eligible"": true}, {""step"": 1500, ""loss"": 1.2606488466262817, ""accuracy"": 0.9743774146610694, ""macro_f1"": 0.42118126814363155, ""weighted_f1"": 0.9778071815952042, ""eligible"": true}]"
NF-UNSW-NB15-v2,binary,mlp_h128_1l,11,1,128,5378,1500,409,1500,500,1500,0.9659979311641959,0.9659979311641959,0.9945732415940617,0.9944013313040424,0.964149894381318,0.9943825644145231,0.9941946456851051,9.744416244000604,"[{""step"": 500, ""loss"": 0.027517007663846016, ""accuracy"": 0.9928584569584051, ""macro_f1"": 0.9573496861782558, ""weighted_f1"": 0.9931331233794994, ""eligible"": true}, {""step"": 1000, ""loss"": 0.04045913368463516, ""accuracy"": 0.993774146610694, ""macro_f1"": 0.9624467854916618, ""weighted_f1"": 0.9939851076857947, ""eligible"": true}, {""step"": 1500, ""loss"": 0.026512330397963524, ""accuracy"": 0.9944013313040424, ""macro_f1"": 0.9659979311641959, ""weighted_f1"": 0.9945732415940617, ""eligible"": true}]"
NF-UNSW-NB15-v2,binary,mlp_h128_1l,22,1,128,5378,1500,409,1500,500,1500,0.9671914584006812,0.9671914584006812,0.9947700364068246,0.994610392868492,0.9647420561648273,0.9944786810062132,0.9942971546441789,9.77735231799852,"[{""step"": 500, ""loss"": 0.021059619262814522, ""accuracy"": 0.992883544346139, ""macro_f1"": 0.9574878880283635, ""weighted_f1"": 0.9931563551142575, ""eligible"": true}, {""step"": 1000, ""loss"": 0.018618354573845863, ""accuracy"": 0.9942048134334599, ""macro_f1"": 0.964881039664172, ""weighted_f1"": 0.9943886388311588, ""eligible"": true}, {""step"": 1500, ""loss"": 0.017123883590102196, ""accuracy"": 0.994610392868492, ""macro_f1"": 0.9671914584006812, ""weighted_f1"": 0.9947700364068246, ""eligible"": true}]"
NF-UNSW-NB15-v2,binary,mlp_h128_1l,33,1,128,5378,1500,409,1500,500,1500,0.9656203569940636,0.9656203569940636,0.9945106012418937,0.9943344316034186,0.9633338447000399,0.9942496081389445,0.9940523883541454,9.80714321600135,"[{""step"": 500, ""loss"": 0.027293091639876366, ""accuracy"": 0.9928668194209831, ""macro_f1"": 0.9573918614574775, ""weighted_f1"": 0.9931405690278646, ""eligible"": true}, {""step"": 1000, ""loss"": 0.01649169996380806, ""accuracy"": 0.9937992339984278, ""macro_f1"": 0.962591214253792, ""weighted_f1"": 0.9940088161127605, ""eligible"": true}, {""step"": 1500, ""loss"": 0.01344324741512537, ""accuracy"": 0.9943344316034186, ""macro_f1"": 0.9656203569940636, ""weighted_f1"": 0.9945106012418937, ""eligible"": true}]"
NF-UNSW-NB15-v2,binary,mlp_h128_1l,44,1,128,5378,1500,409,1500,500,1500,0.9667881269407117,0.9667881269407117,0.9947033158292452,0.9945393119365791,0.9644656143552959,0.9944336788157152,0.9942490381940013,10.155068808000578,"[{""step"": 500, ""loss"": 0.025777962058782578, ""accuracy"": 0.9929755314344968, ""macro_f1"": 0.9579952728436036, ""weighted_f1"": 0.9932415873206325, ""eligible"": true}, {""step"": 1000, ""loss"": 0.01875152811408043, ""accuracy"": 0.9940919201886571, ""macro_f1"": 0.9642416097235047, ""weighted_f1"": 0.9942827578140825, ""eligible"": true}, {""step"": 1500, ""loss"": 0.018850747495889664, ""accuracy"": 0.9945393119365791, ""macro_f1"": 0.9667881269407117, ""weighted_f1"": 0.9947033158292452, ""eligible"": true}]"
NF-UNSW-NB15-v2,binary,mlp_h128_1l,55,1,128,5378,1500,409,1500,500,1500,0.9662361945795408,0.9662361945795408,0.9946125667345408,0.9944431436169323,0.9640842739366953,0.9943713131923431,0.9941820935676674,9.780088601000898,"[{""step"": 500, ""loss"": 0.03887346759438515, ""accuracy"": 0.9929504440467629, ""macro_f1"": 0.9578491029072884, ""weighted_f1"": 0.9932177449813507, ""eligible"": true}, {""step"": 1000, ""loss"": 0.018288176506757736, ""accuracy"": 0.9939413958622535, ""macro_f1"": 0.9633881276047808, ""weighted_f1"": 0.9941415127002231, ""eligible"": true}, {""step"": 1500, ""loss"": 0.018653152510523796, ""accuracy"": 0.9944431436169323, ""macro_f1"": 0.9662361945795408, ""weighted_f1"": 0.9946125667345408, ""eligible"": true}]"
NF-ToN-IoT-v2,multiclass,mlp_h128_2l,11,2,128,22922,5792,2896,5792,724,5792,0.7263933936300483,0.7263933936300483,0.9139026179663717,0.9063955770837208,0.7256291598013224,0.9136773330836288,0.9061187067869583,85.98523317099898,"[{""step"": 724, ""loss"": 0.5898892283439636, ""accuracy"": 0.8190063787520552, ""macro_f1"": 0.5945017530861967, ""weighted_f1"": 0.833884741351587, ""eligible"": false}, {""step"": 1448, ""loss"": 0.6482023596763611, ""accuracy"": 0.8381751042709007, ""macro_f1"": 0.6374357776241004, ""weighted_f1"": 0.8552623005885265, ""eligible"": false}, {""step"": 2172, ""loss"": 0.38762956857681274, ""accuracy"": 0.8497507239189919, ""macro_f1"": 0.6605297177169847, ""weighted_f1"": 0.863197218243913, ""eligible"": false}, {""step"": 2896, ""loss"": 0.41120076179504395, ""accuracy"": 0.890910647291318, ""macro_f1"": 0.7112173667955637, ""weighted_f1"": 0.9005977477701996, ""eligible"": true}, {""step"": 3620, ""loss"": 0.4918557107448578, ""accuracy"": 0.8885539625894014, ""macro_f1"": 0.7127973977677629, ""weighted_f1"": 0.899920364669454, ""eligible"": true}, {""step"": 4344, ""loss"": 0.3852854371070862, ""accuracy"": 0.8981524937939259, ""macro_f1"": 0.7178764868078301, ""weighted_f1"": 0.9075802252294823, ""eligible"": true}, {""step"": 5068, ""loss"": 0.24592849612236023, ""accuracy"": 0.8999028871158654, ""macro_f1"": 0.7123010526062383, ""weighted_f1"": 0.9099951880599616, ""eligible"": true}, {""step"": 5792, ""loss"": 0.3279135525226593, ""accuracy"": 0.9063955770837208, ""macro_f1"": 0.7263933936300483, ""weighted_f1"": 0.9139026179663717, ""eligible"": true}]"
NF-ToN-IoT-v2,multiclass,mlp_h128_2l,22,2,128,22922,5792,2896,5792,724,5792,0.7321367047486247,0.7321367047486247,0.9221749038775183,0.9161039137377834,0.7310510924671699,0.9219513970985024,0.9158231803853552,82.14150322900059,"[{""step"": 724, ""loss"": 0.6042482852935791, ""accuracy"": 0.8184921822652392, ""macro_f1"": 0.6135488687131998, ""weighted_f1"": 0.8338985046449581, ""eligible"": false}, {""step"": 1448, ""loss"": 0.6194061636924744, ""accuracy"": 0.8400506521912385, ""macro_f1"": 0.6416650478637664, ""weighted_f1"": 0.8547943481583686, ""eligible"": false}, {""step"": 2172, ""loss"": 0.5892559885978699, ""accuracy"": 0.8501598377713036, ""macro_f1"": 0.6515872515746557, ""weighted_f1"": 0.8641813594476837, ""eligible"": false}, {""step"": 2896, ""loss"": 0.4398307502269745, ""accuracy"": 0.8710701013339001, ""macro_f1"": 0.6766417111372612, ""weighted_f1"": 0.8876478751481306, ""eligible"": true}, {""step"": 3620, ""loss"": 0.5225763320922852, ""accuracy"": 0.8959410356543017, ""macro_f1"": 0.7144155760307636, ""weighted_f1"": 0.9047208042368261, ""eligible"": true}, {""step"": 4344, ""loss"": 0.3814876079559326, ""accuracy"": 0.904105602144158, ""macro_f1"": 0.7199895954311482, ""weighted_f1"": 0.9107907450298857, ""eligible"": true}, {""step"": 5068, ""loss"": 0.39700523018836975, ""accuracy"": 0.9053736779807604, ""macro_f1"": 0.7220350512058104, ""weighted_f1"": 0.913048207973654, ""eligible"": true}, {""step"": 5792, ""loss"": 0.3147670030593872, ""accuracy"": 0.9161039137377834, ""macro_f1"": 0.7321367047486247, ""weighted_f1"": 0.9221749038775183, ""eligible"": true}]"
