dataset,task,model,seed,config,n_train,parameters,selected_by,val_macro_f1,val_weighted_f1,val_accuracy,test_macro_f1,test_weighted_f1,test_accuracy,fit_seconds,predict_seconds
NF-UNSW-NB15-v2,multiclass,hist_gradient_boosting,11,"{""learning_rate"": 0.1, ""max_iter"": 400, ""max_leaf_nodes"": 63}",1673104,49,validation_macro_f1,0.6629901395908091,0.9894223947459463,0.9873517753508053,0.6521763959745458,0.9892257381912,0.987230312526804,51.26032824600043,4.062659604998771
NF-UNSW-NB15-v2,multiclass,extra_trees,11,"{""n_estimators"": 100, ""max_features"": ""sqrt"", ""min_samples_leaf"": 1}",1673104,0,validation_macro_f1,0.6710312246570099,0.9904163575267406,0.9894047599136994,0.6695986981628128,0.9907980836671912,0.9897825764057848,48.58943345199987,0.944628269999157
NF-UNSW-NB15-v2,multiclass,random_forest,11,"{""n_estimators"": 100, ""max_features"": ""sqrt"", ""min_samples_leaf"": 1}",1673104,0,validation_macro_f1,0.6700685834305601,0.9900610413624382,0.9884556204110987,0.6683657052379807,0.9900012778665909,0.9884918003292839,26.421260492999863,0.7966315129997383
NF-UNSW-NB15-v2,multiclass,hist_gradient_boosting,22,"{""learning_rate"": 0.1, ""max_iter"": 400, ""max_leaf_nodes"": 63}",1673104,50,validation_macro_f1,0.6580662125636871,0.989467527109372,0.9873894064324062,0.6557627149081912,0.9892243476730328,0.9872365885855228,58.95080478700038,4.336846326999876
NF-UNSW-NB15-v2,multiclass,hist_gradient_boosting,33,"{""learning_rate"": 0.1, ""max_iter"": 400, ""max_leaf_nodes"": 63}",1673104,52,validation_macro_f1,0.650559827598262,0.9894957250172511,0.9874270375140072,0.652855772850823,0.9893244744469283,0.987360017740326,62.66847287999917,4.479398491999746
NF-UNSW-NB15-v2,multiclass,extra_trees,22,"{""n_estimators"": 100, ""max_features"": ""sqrt"", ""min_samples_leaf"": 1}",1673104,0,validation_macro_f1,0.672435316672144,0.9904318131502919,0.9894173036075663,0.6697580173415953,0.9907977205868451,0.9897846684253578,59.13618243000019,1.185755266000342
NF-UNSW-NB15-v2,multiclass,extra_trees,33,"{""n_estimators"": 100, ""max_features"": ""sqrt"", ""min_samples_leaf"": 1}",1673104,0,validation_macro_f1,0.6723803922990073,0.9904417597608318,0.9894382097640113,0.670029176401749,0.990750071016143,0.9897470120730449,63.694587235000654,1.2093201999996381
NF-UNSW-NB15-v2,multiclass,random_forest,22,"{""n_estimators"": 100, ""max_features"": ""sqrt"", ""min_samples_leaf"": 1}",1673104,0,validation_macro_f1,0.6699192878631388,0.9900861688083387,0.9884639828736766,0.6685246461027095,0.9900275615749142,0.9885085364858673,33.930343884998365,1.381876725001348
NF-UNSW-NB15-v2,multiclass,random_forest,33,"{""n_estimators"": 100, ""max_features"": ""sqrt"", ""min_samples_leaf"": 1}",1673104,0,validation_macro_f1,0.6698425404243613,0.9900494847671395,0.9884472579485207,0.6681558525250753,0.9899823424671722,0.9884625120552628,39.606877574000464,1.1348076070007664
NF-UNSW-NB15-v2,binary,hist_gradient_boosting,11,"{""learning_rate"": 0.1, ""max_iter"": 400, ""max_leaf_nodes"": 63}",1673104,112,validation_macro_f1,0.9783835551249791,0.9965925486310979,0.9965253967988493,0.9759654507708632,0.996277509957747,0.996194616396831,11.760195525999734,1.1810334389992931
NF-UNSW-NB15-v2,binary,hist_gradient_boosting,22,"{""learning_rate"": 0.1, ""max_iter"": 400, ""max_leaf_nodes"": 63}",1673104,109,validation_macro_f1,0.9785478098270357,0.996617780678486,0.9965504841865833,0.9761596006751228,0.9963079016549722,0.996225996690425,11.628330430999995,1.0436046660015563
NF-UNSW-NB15-v2,binary,hist_gradient_boosting,33,"{""learning_rate"": 0.1, ""max_iter"": 400, ""max_leaf_nodes"": 63}",1673104,132,validation_macro_f1,0.9786355346779005,0.9966329258763192,0.9965672091117392,0.9762354349146072,0.9963199206846326,0.9962385488078627,13.881085158998758,1.2001868240004114
