source,target,seed,in_domain,test_macro_f1,test_weighted_f1,test_accuracy,majority_class_macro_f1,majority_class_accuracy,beats_majority_baseline
NF-UNSW-NB15-v2,NF-UNSW-NB15-v2,11,True,0.9671144485543486,0.9948602692293372,0.9947009144217552,0.489950137487369,0.960592627304621,True
NF-UNSW-NB15-v2,NF-ToN-IoT-v2,11,False,0.3950870985690286,0.4164459696860573,0.4047145044589479,0.3902222363109651,0.6399417288524885,True
NF-UNSW-NB15-v2,NF-CSE-CIC-IDS2018-v2,11,False,0.4485380909128016,0.700527338481552,0.647727669617768,0.4681290170410991,0.8801552106430155,False
NF-UNSW-NB15-v2,NF-BoT-IoT-v2,11,False,0.4995725794570842,0.9567561831146744,0.9233336265534484,0.4990977496796021,0.99639749943299,True
NF-UNSW-NB15-v2,NF-UNSW-NB15-v2,22,True,0.967288428910864,0.994888091269838,0.9947302026957764,0.489950137487369,0.960592627304621,True
NF-UNSW-NB15-v2,NF-ToN-IoT-v2,22,False,0.3875577983618172,0.4087135305514032,0.3968868296809501,0.3902222363109651,0.6399417288524885,False
NF-UNSW-NB15-v2,NF-CSE-CIC-IDS2018-v2,22,False,0.444527212051887,0.6843867441746116,0.6236988606596849,0.4681290170410991,0.8801552106430155,False
NF-UNSW-NB15-v2,NF-BoT-IoT-v2,22,False,0.3847016966864024,0.7586100218427423,0.6152306034893901,0.4990977496796021,0.99639749943299,False
NF-UNSW-NB15-v2,NF-UNSW-NB15-v2,33,True,0.9678215347524296,0.9949745015016956,0.9948222515569856,0.489950137487369,0.960592627304621,True
NF-UNSW-NB15-v2,NF-ToN-IoT-v2,33,False,0.3602861122894101,0.371919728819749,0.3629868925362836,0.3902222363109651,0.6399417288524885,False
NF-UNSW-NB15-v2,NF-CSE-CIC-IDS2018-v2,33,False,0.3927193950177316,0.6719795931722935,0.6148696347019882,0.4681290170410991,0.8801552106430155,False
NF-UNSW-NB15-v2,NF-BoT-IoT-v2,33,False,0.0262002628733316,0.0488310901075068,0.0267338582326669,0.4990977496796021,0.99639749943299,False
NF-ToN-IoT-v2,NF-UNSW-NB15-v2,11,False,0.1257575210787501,0.2117354966403564,0.1357218618137391,0.489950137487369,0.960592627304621,False
NF-ToN-IoT-v2,NF-ToN-IoT-v2,11,True,0.9810002032046372,0.9824736948773584,0.982458990439373,0.39022223631096514,0.6399417288524885,True
NF-ToN-IoT-v2,NF-CSE-CIC-IDS2018-v2,11,False,0.5110219487539741,0.7699663443019037,0.7482367478263631,0.4681290170410991,0.8801552106430155,True
NF-ToN-IoT-v2,NF-BoT-IoT-v2,11,False,0.0379923089909768,0.0686823226763298,0.0389856456388983,0.4990977496796021,0.99639749943299,False
NF-ToN-IoT-v2,NF-UNSW-NB15-v2,22,False,0.2729348320682946,0.5015486194507195,0.3576453901302701,0.489950137487369,0.960592627304621,False
NF-ToN-IoT-v2,NF-ToN-IoT-v2,22,True,0.9815129145124356,0.982952518761163,0.982943992589687,0.39022223631096514,0.6399417288524885,True
NF-ToN-IoT-v2,NF-CSE-CIC-IDS2018-v2,22,False,0.5066915354296078,0.7656021638175408,0.7417626700675772,0.4681290170410991,0.8801552106430155,True
NF-ToN-IoT-v2,NF-BoT-IoT-v2,22,False,0.0323205551148141,0.0574396374769991,0.0329820962623973,0.4990977496796021,0.99639749943299,False
NF-ToN-IoT-v2,NF-UNSW-NB15-v2,33,False,0.1356681512140466,0.23589416698246118,0.14936392144884908,0.960592627304621
NF-ToN-IoT-v2,NF-ToN-IoT-v2,33,True,0.982710960155038,0.9840599329512012,0.9840545943468008,0.6399417288524885
NF-ToN-IoT-v2,NF-CSE-CIC-IDS2018-v2,33,False,0.5103881990215431,0.7658509599044653,0.7409680952960539,0.8801552106430155
NF-ToN-IoT-v2,NF-BoT-IoT-v2,33,False,0.036390746370621854,0.0655106183385858,0.03728355586267124,0.99639749943299
