dataset,task,model,class,support,f1_mean,f1_std
NF-BoT-IoT-v2,multiclass,edge_mlp,Theft,480.0,0.26974885295237994,0.01761053556943605
NF-BoT-IoT-v2,multiclass,sage,Theft,480.0,0.346183133208479,0.16064922530384548
NF-BoT-IoT-v2,multiclass,sage_edge,Theft,480.0,0.40207937892025347,0.07855712900044565
NF-CSE-CIC-IDS2018-v2,multiclass,edge_mlp,injection,85.0,0.0005940804943708332,0.0001562373193794343
NF-CSE-CIC-IDS2018-v2,multiclass,sage,injection,85.0,0.013804619396538372,0.019885958567481935
NF-CSE-CIC-IDS2018-v2,multiclass,sage_edge,injection,85.0,0.014522753355359219,0.028377785661543142
NF-ToN-IoT-v2,multiclass,edge_mlp,ransomware,674.0,0.07334187817257404,0.00570818069396569
NF-ToN-IoT-v2,multiclass,sage,ransomware,674.0,0.6306699376219511,0.05049932576208801
NF-ToN-IoT-v2,multiclass,sage_edge,ransomware,674.0,0.5877123054489125,0.06816563024108127
NF-UNSW-NB15-v2,multiclass,edge_mlp,Analysis,448.0,0.1502293687217875,0.033844151955948434
NF-UNSW-NB15-v2,multiclass,edge_mlp,Backdoor,432.0,0.19086257406512422,0.017278823070941095
NF-UNSW-NB15-v2,multiclass,edge_mlp,Shellcode,296.0,0.2303879360537017,0.04731682488609643
NF-UNSW-NB15-v2,multiclass,edge_mlp,Worms,37.0,0.05464799017969237,0.030670282054468583
NF-UNSW-NB15-v2,multiclass,sage,Analysis,448.0,0.15934666877919393,0.07292909575154201
NF-UNSW-NB15-v2,multiclass,sage,Backdoor,432.0,0.12846788795601097,0.07366253196903637
NF-UNSW-NB15-v2,multiclass,sage,Shellcode,296.0,0.41549846219735426,0.10250439635744285
NF-UNSW-NB15-v2,multiclass,sage,Worms,37.0,0.05396287120719424,0.01635136535167349
NF-UNSW-NB15-v2,multiclass,sage_edge,Analysis,448.0,0.18153114838328174,0.051807272531180296
NF-UNSW-NB15-v2,multiclass,sage_edge,Backdoor,432.0,0.13843102615784847,0.06691884168039736
NF-UNSW-NB15-v2,multiclass,sage_edge,Shellcode,296.0,0.36484398181397365,0.05378279525276174
NF-UNSW-NB15-v2,multiclass,sage_edge,Worms,37.0,0.05768922421570426,0.010893577707364896
