dataset,task,seed,comparison,macro_f1_delta
NF-BoT-IoT-v2,binary,11,sage_minus_edge_mlp,-0.10726460763503298
NF-BoT-IoT-v2,binary,11,sage_edge_minus_edge_mlp,0.0015070230986152788
NF-BoT-IoT-v2,binary,11,sage_edge_minus_sage,0.10877163073364826
NF-BoT-IoT-v2,binary,22,sage_minus_edge_mlp,-0.12450866058105392
NF-BoT-IoT-v2,binary,22,sage_edge_minus_edge_mlp,-0.03483241165307793
NF-BoT-IoT-v2,binary,22,sage_edge_minus_sage,0.08967624892797599
NF-BoT-IoT-v2,binary,33,sage_minus_edge_mlp,-0.09157700153829562
NF-BoT-IoT-v2,binary,33,sage_edge_minus_edge_mlp,-0.04691156046837386
NF-BoT-IoT-v2,binary,33,sage_edge_minus_sage,0.04466544106992176
NF-BoT-IoT-v2,multiclass,11,sage_minus_edge_mlp,-0.2693154333432374
NF-BoT-IoT-v2,multiclass,11,sage_edge_minus_edge_mlp,0.013918396562456192
NF-BoT-IoT-v2,multiclass,11,sage_edge_minus_sage,0.28323382990569357
NF-BoT-IoT-v2,multiclass,22,sage_minus_edge_mlp,-0.23583691003054696
NF-BoT-IoT-v2,multiclass,22,sage_edge_minus_edge_mlp,-0.002086841208112089
NF-BoT-IoT-v2,multiclass,22,sage_edge_minus_sage,0.23375006882243488
NF-BoT-IoT-v2,multiclass,33,sage_minus_edge_mlp,-0.22943604929459926
NF-BoT-IoT-v2,multiclass,33,sage_edge_minus_edge_mlp,-0.004467837965161259
NF-BoT-IoT-v2,multiclass,33,sage_edge_minus_sage,0.224968211329438
NF-CSE-CIC-IDS2018-v2,binary,11,sage_minus_edge_mlp,-0.000273063545869201
NF-CSE-CIC-IDS2018-v2,binary,11,sage_edge_minus_edge_mlp,-0.0008755647651291776
NF-CSE-CIC-IDS2018-v2,binary,11,sage_edge_minus_sage,-0.0006025012192599766
NF-CSE-CIC-IDS2018-v2,binary,22,sage_minus_edge_mlp,0.0036708205542833605
NF-CSE-CIC-IDS2018-v2,binary,22,sage_edge_minus_edge_mlp,0.003534976000217016
NF-CSE-CIC-IDS2018-v2,binary,22,sage_edge_minus_sage,-0.00013584455406634444
NF-CSE-CIC-IDS2018-v2,binary,33,sage_minus_edge_mlp,-1.5794078291886393e-06
NF-CSE-CIC-IDS2018-v2,binary,33,sage_edge_minus_edge_mlp,0.0033429537083854433
NF-CSE-CIC-IDS2018-v2,binary,33,sage_edge_minus_sage,0.003344533116214632
NF-CSE-CIC-IDS2018-v2,multiclass,11,sage_minus_edge_mlp,0.04533948661153786
NF-CSE-CIC-IDS2018-v2,multiclass,11,sage_edge_minus_edge_mlp,0.026194812527636002
NF-CSE-CIC-IDS2018-v2,multiclass,11,sage_edge_minus_sage,-0.019144674083901858
NF-CSE-CIC-IDS2018-v2,multiclass,22,sage_minus_edge_mlp,0.006577983010361055
NF-CSE-CIC-IDS2018-v2,multiclass,22,sage_edge_minus_edge_mlp,0.029998041409574294
NF-CSE-CIC-IDS2018-v2,multiclass,22,sage_edge_minus_sage,0.02342005839921324
NF-CSE-CIC-IDS2018-v2,multiclass,33,sage_minus_edge_mlp,0.062422297791016046
NF-CSE-CIC-IDS2018-v2,multiclass,33,sage_edge_minus_edge_mlp,0.02298017053408863
NF-CSE-CIC-IDS2018-v2,multiclass,33,sage_edge_minus_sage,-0.03944212725692742
NF-ToN-IoT-v2,binary,11,sage_minus_edge_mlp,0.004681186300067197
NF-ToN-IoT-v2,binary,11,sage_edge_minus_edge_mlp,0.010305724711794362
NF-ToN-IoT-v2,binary,11,sage_edge_minus_sage,0.005624538411727165
NF-ToN-IoT-v2,binary,22,sage_minus_edge_mlp,0.006351840448579393
NF-ToN-IoT-v2,binary,22,sage_edge_minus_edge_mlp,0.009839193971115434
NF-ToN-IoT-v2,binary,22,sage_edge_minus_sage,0.003487353522536041
NF-ToN-IoT-v2,binary,33,sage_minus_edge_mlp,0.006837161141632575
NF-ToN-IoT-v2,binary,33,sage_edge_minus_edge_mlp,0.009331841758459025
NF-ToN-IoT-v2,binary,33,sage_edge_minus_sage,0.00249468061682645
NF-ToN-IoT-v2,multiclass,11,sage_minus_edge_mlp,0.04295264234964291
NF-ToN-IoT-v2,multiclass,11,sage_edge_minus_edge_mlp,0.06816822178567428
NF-ToN-IoT-v2,multiclass,11,sage_edge_minus_sage,0.025215579436031366
NF-ToN-IoT-v2,multiclass,22,sage_minus_edge_mlp,0.03821529005346258
NF-ToN-IoT-v2,multiclass,22,sage_edge_minus_edge_mlp,0.06007382360512925
NF-ToN-IoT-v2,multiclass,22,sage_edge_minus_sage,0.02185853355166667
NF-ToN-IoT-v2,multiclass,33,sage_minus_edge_mlp,0.052118016843333614
NF-ToN-IoT-v2,multiclass,33,sage_edge_minus_edge_mlp,0.06736669074945101
NF-ToN-IoT-v2,multiclass,33,sage_edge_minus_sage,0.015248673906117394
NF-UNSW-NB15-v2,binary,11,sage_minus_edge_mlp,0.005620775228554975
NF-UNSW-NB15-v2,binary,11,sage_edge_minus_edge_mlp,0.005979096531739225
NF-UNSW-NB15-v2,binary,11,sage_edge_minus_sage,0.00035832130318425026
NF-UNSW-NB15-v2,binary,22,sage_minus_edge_mlp,0.0051642744877413715
NF-UNSW-NB15-v2,binary,22,sage_edge_minus_edge_mlp,0.005054060166974184
NF-UNSW-NB15-v2,binary,22,sage_edge_minus_sage,-0.00011021432076718796
NF-UNSW-NB15-v2,binary,33,sage_minus_edge_mlp,0.0058368691838294184
NF-UNSW-NB15-v2,binary,33,sage_edge_minus_edge_mlp,0.005788988822896801
NF-UNSW-NB15-v2,binary,33,sage_edge_minus_sage,-4.788036093261727e-05
NF-UNSW-NB15-v2,multiclass,11,sage_minus_edge_mlp,0.07172279307438001
NF-UNSW-NB15-v2,multiclass,11,sage_edge_minus_edge_mlp,0.07045094782756489
NF-UNSW-NB15-v2,multiclass,11,sage_edge_minus_sage,-0.0012718452468151176
NF-UNSW-NB15-v2,multiclass,22,sage_minus_edge_mlp,0.07120750114638419
NF-UNSW-NB15-v2,multiclass,22,sage_edge_minus_edge_mlp,0.059285383926436286
NF-UNSW-NB15-v2,multiclass,22,sage_edge_minus_sage,-0.011922117219947903
NF-UNSW-NB15-v2,multiclass,33,sage_minus_edge_mlp,0.07737787883100661
NF-UNSW-NB15-v2,multiclass,33,sage_edge_minus_edge_mlp,0.08732627774025481
NF-UNSW-NB15-v2,multiclass,33,sage_edge_minus_sage,0.009948398909248202
