dataset,task,model,seed,seconds_fit_and_evaluate,seconds_fit,seconds_final_evaluation,seconds_dataset_load,seconds_graph_prepare,best_epoch,epochs_ran,parameters,best_step,steps_ran,peak_rss_kib_process,peak_cuda_bytes,step_budget,steps_per_full_pass,eval_every_steps,val_macro_f1,val_weighted_f1,val_accuracy,test_macro_f1,test_weighted_f1,test_accuracy
NF-UNSW-NB15-v2,multiclass,edge_mlp,11,38.2284259890148,37.96407208600431,0.2643539030104875,2.3786235169973224,9.979929619992618,4,4,6410,1500,1500,4342928,144935936,1500,409,500,0.4161089608386635,0.9775901462038664,0.9736164305664732,0.4185652235327144,0.97769405403458,0.9737681665749665
NF-UNSW-NB15-v2,multiclass,edge_mlp,22,35.036396061012056,34.99956356501207,0.0368324959999881,2.3786235169973224,9.979929619992618,4,4,6410,1409,1500,4342928,145014272,1500,409,500,0.4181718862459789,0.9774698733717604,0.9730394206485926,0.4217103174820032,0.9776097679323338,0.9731824010945448
NF-UNSW-NB15-v2,multiclass,edge_mlp,33,36.058446092007216,36.02119789199787,0.0372482000093441,2.3786235169973224,9.979929619992618,4,4,6410,1409,1500,4342928,145014272,1500,409,500,0.3993982918974408,0.9763556397927994,0.9723160676355972,0.4003993113595274,0.9763932923228272,0.9724522862635904
NF-UNSW-NB15-v2,multiclass,sage,11,40.741493169975,40.31245301399031,0.4290401559846941,2.3786235169973224,9.979929619992618,4,4,88586,1500,1500,4342928,1237130752,1500,409,500,0.4873846853603092,0.9834057024762868,0.979537054071683,0.4902880166070944,0.9834569243302116,0.9797115941816752
NF-UNSW-NB15-v2,multiclass,sage,22,39.51759356298135,39.32518017798429,0.192413384997053,2.3786235169973224,9.979929619992618,4,4,88586,1500,1500,4342928,1237130752,1500,409,500,0.4963758822379117,0.9822694244685036,0.9777725744677292,0.4929178186283874,0.9826857112164046,0.9784019899290176
NF-UNSW-NB15-v2,multiclass,sage,33,40.70326170997578,40.498591616982594,0.204670092993183,2.3786235169973224,9.979929619992618,4,4,88586,1500,1500,4342928,1237130752,1500,409,500,0.4804852033467507,0.982905233496467,0.978291047147564,0.477777190190534,0.982916720518034,0.9783664255962778
NF-UNSW-NB15-v2,multiclass,sage_edge,11,39.18171857300331,38.97948619900853,0.2022323739947751,2.3786235169973224,9.979929619992618,4,4,88976,1500,1500,4342928,1237136896,1500,409,500,0.483262433911773,0.9822018200582768,0.9781028917395594,0.4890161713602793,0.9828340702997832,0.9790651601336382
NF-UNSW-NB15-v2,multiclass,sage_edge,22,37.55064825099544,37.32144994899864,0.2291983019968029,2.3786235169973224,9.979929619992618,3,4,88976,909,1500,4450916,1237136896,1500,409,500,0.485934643242181,0.9828725703702452,0.9788596946028668,0.4809957014084395,0.9826493446457396,0.9786446641994784
NF-UNSW-NB15-v2,multiclass,sage_edge,33,39.12210491200676,38.92010784900049,0.2019970630062744,2.3786235169973224,9.979929619992618,4,4,88976,1500,1500,4687672,1237136896,1500,409,500,0.4863670387685255,0.9832233356851894,0.9792819989630548,0.4877255890997822,0.9832703626264432,0.9792848221887964
NF-UNSW-NB15-v2,binary,edge_mlp,11,36.4204402739997,36.40344599800301,0.0169942759966943,2.3786235169973224,9.979929619992618,4,4,5378,1500,1500,4749572,145986048,1500,409,500,0.9665701341970436,0.9946676503037696,0.994501680854978,0.964574404764032,0.994451334833589,0.9942678663701576
NF-UNSW-NB15-v2,binary,edge_mlp,22,37.59091015101876,37.56698798100115,0.023922170017613,2.3786235169973224,9.979929619992618,4,4,5378,1500,1500,4749572,144981504,1500,409,500,0.9670479429069888,0.9947463986676596,0.994585305480758,0.9647332984154544,0.9944769697423632,0.994295062624606
NF-UNSW-NB15-v2,binary,edge_mlp,33,35.92143865200342,35.89440299299895,0.0270356590044684,2.3786235169973224,9.979929619992618,4,4,5378,1500,1500,4749572,144981504,1500,409,500,0.9660963581800972,0.9945892113230624,0.9944180562291984,0.9640084878874552,0.9943592973359154,0.9941695414502298
NF-UNSW-NB15-v2,binary,sage,11,38.37223791502765,38.1822256790183,0.1900122360093519,2.3786235169973224,9.979929619992618,4,4,86530,1500,1500,4884196,1237106176,1500,409,500,0.9731629239896888,0.9957458769534918,0.9956389757655836,0.970195179992587,0.9953561781715964,0.995226011334562
NF-UNSW-NB15-v2,binary,sage,22,38.67120415397221,38.49602718799724,0.1751769659749698,2.3786235169973224,9.979929619992618,4,4,86530,1500,1500,4884196,1237106176,1500,409,500,0.9724491706084516,0.9956300870821072,0.9955177200582028,0.9698975729031958,0.9953085324283644,0.9951758028648116
NF-UNSW-NB15-v2,binary,sage,33,39.859029868996,39.68385472599766,0.1751751429983414,2.3786235169973224,9.979929619992618,3,4,86530,909,1500,4884196,1237106176,1500,409,500,0.9723977698073482,0.9956219342594994,0.9955093575956248,0.9698453570712846,0.9953003945834872,0.9951674347865198
NF-UNSW-NB15-v2,binary,sage_edge,11,39.92529618999106,39.73143568099477,0.1938605089962948,2.3786235169973224,9.979929619992618,4,4,86608,1500,1500,4884196,1237107712,1500,409,500,0.9732827694321692,0.9957655934796747,0.9956598819220284,0.9705535012957712,0.9954136530824024,0.9952866799021772
NF-UNSW-NB15-v2,binary,sage_edge,22,39.25293631397653,39.02757742497488,0.2253588890016544,2.3786235169973224,9.979929619992618,4,4,86608,1409,1500,4884196,1237107712,1500,409,500,0.9726200587349014,0.9956579289833164,0.9955469886772256,0.9697873585824286,0.9952918213020316,0.995159066708228
NF-UNSW-NB15-v2,binary,sage_edge,33,39.597390867973445,39.40280690899817,0.1945839589752722,2.3786235169973224,9.979929619992618,3,4,86608,909,1500,5122544,1237107712,1500,409,500,0.9725763827635412,0.9956503699866684,0.9955386262146476,0.969797476710352,0.9952925831958764,0.995159066708228
NF-BoT-IoT-v2,multiclass,edge_mlp,11,353.4218388000154,353.07472599699395,0.3471128030214458,38.07771568300086,98.55526125797768,2,2,5765,8069,12910,49270036,145966592,12910,6455,1614,0.8185771801426591,0.9840648277223992,0.9838517845407758,0.8153373064709225,0.984063838992292,0.9838422027118976
NF-BoT-IoT-v2,multiclass,edge_mlp,22,350.1142107240157,349.7559105200053,0.3583002040104475,38.07771568300086,98.55526125797768,2,2,5765,12910,12910,49270036,144995840,12910,6455,1614,0.8198327154093391,0.9841360354890624,0.9839224788221644,0.8161605201784929,0.9841474863269172,0.9839240747138984
NF-BoT-IoT-v2,multiclass,edge_mlp,33,341.3857961249887,341.0443132169894,0.3414829079993069,38.07771568300086,98.55526125797768,2,2,5765,12910,12910,49270036,144995840,12910,6455,1614,0.8158115573959914,0.9842455960777794,0.9840289174031316,0.8125684883571003,0.984250088696771,0.9840230365027248
NF-BoT-IoT-v2,multiclass,sage,11,545.3270899009949,537.9606023750093,7.366487525985576,38.07771568300086,98.55526125797768,1,2,87301,6455,12910,49270036,955271680,12910,6455,1614,0.4864633671784529,0.6037102307364921,0.6114102158796831,0.5460218731276851,0.6087100202715758,0.624586665620966
NF-BoT-IoT-v2,multiclass,sage,22,548.0710087890038,540.916061669006,7.154947119997814,38.07771568300086,98.55526125797768,1,2,87301,6455,12910,49270036,956301824,12910,6455,1614,0.5107592567250459,0.621641191818206,0.6327019036619638,0.580323610147946,0.6242638807783996,0.6338484027275829
NF-BoT-IoT-v2,multiclass,sage,33,547.7395372839819,540.4319813199982,7.307555963983759,38.07771568300086,98.55526125797768,1,2,87301,6455,12910,49270036,956215296,12910,6455,1614,0.5481808914821015,0.6179099575638293,0.6221631602832643,0.583132439062501,0.6177235892220364,0.6288445396408866
NF-BoT-IoT-v2,multiclass,sage_edge,11,544.4741859450005,536.6835198960034,7.790666048997082,38.07771568300086,98.55526125797768,1,2,87496,6455,12910,49270036,956255232,12910,6455,1614,0.8304952771300804,0.9778586770489458,0.9772046686821156,0.8292557030333787,0.9774832076959756,0.976767295924099
NF-BoT-IoT-v2,multiclass,sage_edge,22,545.831408352009,537.3108824120136,8.520525939995423,38.07771568300086,98.55526125797768,2,2,87496,12910,12910,49270036,956310016,12910,6455,1614,0.8136791213208282,0.9793934353153934,0.9788523485063914,0.8140736789703809,0.9792469328192558,0.9786728733946198
NF-BoT-IoT-v2,multiclass,sage_edge,33,547.5290935880039,538.7378725750023,8.791221013001632,38.07771568300086,98.55526125797768,2,2,87496,11297,12910,49270036,956223488,12910,6455,1614,0.8098174042543839,0.9783267639264877,0.9776722570751208,0.808100650391939,0.97799508532854,0.9772839638978916
NF-BoT-IoT-v2,binary,edge_mlp,11,342.79447437098133,342.07931789397844,0.7151564770028926,38.07771568300086,98.55526125797768,2,2,5378,9683,12910,49270036,145968640,12910,6455,1614,0.9118614056402636,0.9986149641880804,0.9984831178349228,0.9126037065615435,0.998614633247116,0.9984843081312412
NF-BoT-IoT-v2,binary,edge_mlp,22,355.387797983014,355.134997207002,0.252800776012009,38.07771568300086,98.55526125797768,2,2,5378,12910,12910,49270036,144982528,12910,6455,1614,0.913842313482948,0.9986510303398368,0.9985270700847748,0.91450991146797,0.998649988075428,0.9985276287536592
NF-BoT-IoT-v2,binary,edge_mlp,33,350.7200421000016,349.64785488598864,1.0721872140129562,38.07771568300086,98.55526125797768,2,2,5378,11297,12910,49270036,144982528,12910,6455,1614,0.9061693181097178,0.9985142444271916,0.9983626463067136,0.9071129161266848,0.998516502739346,0.9983669317659128
NF-BoT-IoT-v2,binary,sage,11,547.5229929640191,539.3060348470171,8.216958117001923,38.07771568300086,98.55526125797768,1,2,86530,6455,12910,49270036,955227136,12910,6455,1614,0.6063576788767273,0.9871826352567232,0.9800957205865454,0.8053390989265106,0.9966933462717305,0.9961830159843824
NF-BoT-IoT-v2,binary,sage,22,539.9723004120169,531.7612956770172,8.211004734999733,38.07771568300086,98.55526125797768,2,2,86530,11297,12910,49270036,956252672,12910,6455,1614,0.7143391509074837,0.9949829689510484,0.9940301724252056,0.7900012508869161,0.9969333906260897,0.9968819750176462
NF-BoT-IoT-v2,binary,sage,33,548.1972829620063,540.40161338498,7.795669577026274,38.07771568300086,98.55526125797768,1,2,86530,6455,12910,49270036,956166144,12910,6455,1614,0.6564422551416954,0.9907263243899714,0.9863936013996938,0.8155359145883891,0.9967813746460013,0.9962130887100364
NF-BoT-IoT-v2,binary,sage_edge,11,549.18075085897,540.8194366839889,8.36131417498109,38.07771568300086,98.55526125797768,2,2,86608,8069,12910,49270036,956203520,12910,6455,1614,0.9062883981917204,0.9985193325771442,0.9983711190295766,0.9141107296601588,0.9986438764595356,0.9985211372842449
NF-BoT-IoT-v2,binary,sage_edge,22,547.3596652259876,539.3168536339945,8.042811591993086,38.07771568300086,98.55526125797768,2,2,86608,9683,12910,49270036,956256768,12910,6455,1614,0.865117688409152,0.9977359976801426,0.9973904013581776,0.8796774998148921,0.9980047919931084,0.9977377891485948
NF-BoT-IoT-v2,binary,sage_edge,33,543.9245110579941,535.9072828289936,8.017228229000466,38.07771568300086,98.55526125797768,2,2,86608,8069,12910,49270036,956170240,12910,6455,1614,0.8565881488003031,0.9975587477917112,0.9971574014794432,0.8602013556583109,0.9976103836317536,0.9972290699128606
NF-ToN-IoT-v2,multiclass,edge_mlp,11,155.2002546529693,154.9297975419904,0.2704571109788958,13.93512695998652,52.72839887699229,2,2,6410,5068,5792,49270036,145980416,5792,2896,724,0.7030873689438664,0.8966155744949572,0.8883390745053589,0.7028906824878318,0.8963471630484571,0.8880534104925873
NF-ToN-IoT-v2,multiclass,edge_mlp,22,156.3051099049917,155.9135855580098,0.3915243469818961,13.93512695998652,52.72839887699229,2,2,6410,5792,5792,49270036,145017344,5792,2896,724,0.7064831015671257,0.8997551984276072,0.8899277114123874,0.7060229786531921,0.8995202516294368,0.8896688043781339
NF-ToN-IoT-v2,multiclass,edge_mlp,33,160.2076648719958,159.84563086100388,0.3620340109919198,13.93512695998652,52.72839887699229,2,2,6410,5068,5792,49270036,145017344,5792,2896,724,0.7041858025603963,0.8973714115616768,0.8871749005995023,0.7037734963151843,0.8973009614607328,0.8870597763673398
NF-ToN-IoT-v2,multiclass,sage,11,440.325346550002,438.21303324998007,2.112313300021924,13.93512695998652,52.72839887699229,2,2,88586,5792,5792,49270036,3005590016,5792,2896,724,0.7200741631764073,0.8983511272312121,0.8843719098768821,0.7458433248374747,0.9094541318598088,0.8985751806500092
NF-ToN-IoT-v2,multiclass,sage,22,440.58569807899767,438.5343802740099,2.051317804987775,13.93512695998652,52.72839887699229,2,2,88586,5068,5792,49270036,2982754816,5792,2896,724,0.7042118763532185,0.8940382641829338,0.8814307768145203,0.7442382687066547,0.9054309619610365,0.8953644782298426
NF-ToN-IoT-v2,multiclass,sage,33,440.8560179929773,438.7179974459869,2.1380205469904467,13.93512695998652,52.72839887699229,1,2,88586,2896,5792,49270036,2999383552,5792,2896,724,0.7159484822794016,0.9050018389252592,0.8948016565273731,0.7558915131585179,0.9153059402599182,0.9089238623420935
NF-ToN-IoT-v2,multiclass,sage_edge,11,446.3983351920033,444.1319303860073,2.2664048059959896,13.93512695998652,52.72839887699229,2,2,88976,5792,5792,49270036,3006582272,5792,2896,724,0.7480039779474684,0.9157281068947726,0.9039957966946198,0.7710589042735061,0.9259325440914724,0.917787704929654
NF-ToN-IoT-v2,multiclass,sage_edge,22,526.4943239229906,524.3259486760071,2.168375246983487,13.93512695998652,52.72839887699229,1,2,88976,2896,5792,49270036,2982767104,5792,2896,724,0.7365555605213991,0.9128454245682404,0.9026238189272716,0.7660968022583213,0.9218972515316038,0.9144488107109268
NF-ToN-IoT-v2,multiclass,sage_edge,33,455.0142283150053,452.9255802409898,2.0886480740155093,13.93512695998652,52.72839887699229,2,2,88976,5792,5792,49270036,2999397888,5792,2896,724,0.7379396457093866,0.9187116649687722,0.907625870400052,0.7711401870646353,0.9279003632516964,0.9196512119737048
NF-ToN-IoT-v2,binary,edge_mlp,11,136.32095200999174,136.22391598799732,0.0970360219944268,13.93512695998652,52.72839887699229,2,2,5378,5068,5792,49270036,145987072,5792,2896,724,0.9706936980200532,0.9729726392508384,0.9729465347820568,0.97048323389998,0.9727689101609422,0.9727427019286664
NF-ToN-IoT-v2,binary,edge_mlp,22,144.41526287098532,144.3031724219909,0.1120904489944223,13.93512695998652,52.72839887699229,2,2,5378,5068,5792,49270036,144982528,5792,2896,724,0.9706215352771376,0.9729051443972688,0.9728780539640652,0.9704566973324018,0.9727423305200958,0.9727140507663152
NF-ToN-IoT-v2,binary,edge_mlp,33,160.32848814400495,160.22921082400717,0.0992773199977818,13.93512695998652,52.72839887699229,2,2,5378,5792,5792,49270036,144982528,5792,2896,724,0.971621032460084,0.973830229773131,0.9738072678219852,0.9714916740505246,0.9737013836554756,0.9736781476107884
NF-ToN-IoT-v2,binary,sage,11,449.7520166450122,447.8272706819989,1.9247459630132653,13.93512695998652,52.72839887699229,2,2,86530,5792,5792,49270036,3005487616,5792,2896,724,0.9716494634597744,0.9737580762329496,0.9736431499995571,0.9751644202000472,0.9770232967270924,0.97694054027231
NF-ToN-IoT-v2,binary,sage,22,447.47100569299073,445.5655734320171,1.905432260973612,13.93512695998652,52.72839887699229,2,2,86530,5068,5792,49270036,2982640128,5792,2896,724,0.9747133471050806,0.9766210592603612,0.9765429584303724,0.9768085377809812,0.9785641558271873,0.9785051300349248
NF-ToN-IoT-v2,binary,sage,33,478.0387481899816,476.1761349349981,1.862613254983444,13.93512695998652,52.72839887699229,2,2,86530,5068,5792,49270036,2999260672,5792,2896,724,0.9744103779094586,0.9763344940918738,0.9762495535463912,0.9783288351921572,0.9799700512930148,0.9799155351918978
NF-ToN-IoT-v2,binary,sage_edge,11,440.3277914790088,438.3170928260079,2.0106986530008726,13.93512695998652,52.72839887699229,2,2,86608,5068,5792,49270036,3006462976,5792,2896,724,0.9781105025328524,0.9797612764456148,0.9796930760579844,0.9807889586117744,0.9822467533726514,0.9822011299782132
NF-ToN-IoT-v2,binary,sage_edge,22,442.3555339679879,440.1753904639918,2.180143503996078,13.93512695998652,52.72839887699229,2,2,86608,3620,5792,49270036,2982643200,5792,2896,724,0.9780386712075156,0.9797061783090802,0.9796482093151624,0.9802958913035172,0.9817974299996942,0.98175659390256
NF-ToN-IoT-v2,binary,sage_edge,33,438.281241351011,436.2018540470162,2.079387303994736,13.93512695998652,52.72839887699229,2,2,86608,5068,5792,49270036,2999264256,5792,2896,724,0.9774028187594496,0.9791103704784976,0.9790430986389438,0.9808235158089836,0.982282738750758,0.9822410053072588
NF-CSE-CIC-IDS2018-v2,multiclass,edge_mlp,11,173.84300981098204,173.62301301999833,0.2199967909837141,18.75966842699563,118.8616021540074,2,2,6023,6460,6460,49270036,145972224,6460,3230,808,0.6649970061191197,0.7490735385005896,0.6174038653118151,0.6641719497456074,0.7483531058533318,0.6167924368547222
NF-CSE-CIC-IDS2018-v2,multiclass,edge_mlp,22,167.76531156798592,167.5388999519928,0.2264116159931291,18.75966842699563,118.8616021540074,2,2,6023,4846,6460,49270036,145004544,6460,3230,808,0.6639156517225127,0.7836284839008022,0.6615589483367459,0.6628518504381145,0.7828426857293804,0.6608303478348301
NF-CSE-CIC-IDS2018-v2,multiclass,edge_mlp,33,168.93516007400467,168.64642512099817,0.2887349530064966,18.75966842699563,118.8616021540074,2,2,6023,6460,6460,49270036,145004544,6460,3230,808,0.6556463917534207,0.7065097600906299,0.5661910272877957,0.655030146889587,0.705977403658219,0.5658168800173573
NF-CSE-CIC-IDS2018-v2,multiclass,sage,11,238.39310921600557,233.710443132004,4.682666084001539,18.75966842699563,118.8616021540074,2,2,87815,4846,6460,49270036,8276685312,6460,3230,808,0.7088431861039768,0.9549709157142412,0.9251816501549432,0.7095114363571453,0.9494780709089976,0.9151485164233288
NF-CSE-CIC-IDS2018-v2,multiclass,sage,22,236.66275562599185,232.44979133599557,4.212964289996307,18.75966842699563,118.8616021540074,1,2,87815,3230,6460,49270036,8276685312,6460,3230,808,0.6505469241988538,0.9410122258527313,0.9181959617284108,0.6694298334484755,0.946214147754439,0.9192190253427812
NF-CSE-CIC-IDS2018-v2,multiclass,sage,33,247.0588895970141,242.8745700980071,4.1843194990069605,18.75966842699563,118.8616021540074,2,2,87815,4846,6460,49270036,8276685312,6460,3230,808,0.709240219826709,0.9728215168582144,0.9648389312103368,0.7174524446806031,0.974718424630136,0.9652773735374586
NF-CSE-CIC-IDS2018-v2,multiclass,sage_edge,11,247.01614082502783,242.53421341002104,4.481927415006794,18.75966842699563,118.8616021540074,1,2,88088,3230,6460,49270036,8276689920,6460,3230,808,0.676188535698735,0.9543228093717708,0.9324121529676592,0.6903667622732435,0.958458562633777,0.9357204091676412
NF-CSE-CIC-IDS2018-v2,multiclass,sage_edge,22,245.98178870402623,241.35894357602228,4.6228451280039735,18.75966842699563,118.8616021540074,2,2,88088,4038,6460,49270036,8276689920,6460,3230,808,0.6711853450715635,0.8809630116486845,0.8014761989546108,0.6928498918476887,0.8939138388423293,0.8204858998036715
NF-CSE-CIC-IDS2018-v2,multiclass,sage_edge,33,246.9866513030138,242.59034533100203,4.39630597201176,18.75966842699563,118.8616021540074,2,2,88088,4038,6460,49270036,8276689920,6460,3230,808,0.6596425281687941,0.9518017569099648,0.9337104110762084,0.6780103174236757,0.9571394773572076,0.9373129984283136
NF-CSE-CIC-IDS2018-v2,binary,edge_mlp,11,161.5887375170132,161.34299062000355,0.245746897009667,18.75966842699563,118.8616021540074,2,2,5378,5654,6460,49270036,145976320,6460,3230,808,0.984428981171994,0.993495345746998,0.9935320251130808,0.9844039510064364,0.9934571985730658,0.9934949647825834
NF-CSE-CIC-IDS2018-v2,binary,edge_mlp,22,147.33269027501228,147.17194572801236,0.160744546999922,18.75966842699563,118.8616021540074,2,2,5378,5654,6460,49270036,144982528,6460,3230,808,0.9827485900018282,0.9927968719788896,0.9928410338585716,0.9825313539424302,0.9926743646606204,0.9927194407548328
NF-CSE-CIC-IDS2018-v2,binary,edge_mlp,33,180.8222585400217,180.7018749010167,0.1203836390050128,18.75966842699563,118.8616021540074,2,2,5378,6460,6460,49270036,144982528,6460,3230,808,0.9833781578532044,0.9930631615851696,0.993109163900582,0.9832737122180928,0.9929897172035343,0.993036953151046
NF-CSE-CIC-IDS2018-v2,binary,sage,11,246.9190618660068,242.5383119730104,4.380749892996391,18.75966842699563,118.8616021540074,2,2,86530,5654,6460,49270036,8276669952,6460,3230,808,0.9856033262324568,0.9939841866933442,0.99401635487276,0.9841308874605672,0.9933292547811102,0.9933542009535956
NF-CSE-CIC-IDS2018-v2,binary,sage,22,244.1663832810009,239.77010596901528,4.396277311985614,18.75966842699563,118.8616021540074,2,2,86530,5654,6460,49270036,8276669952,6460,3230,808,0.9866072440541788,0.994412542920204,0.9944514038144412,0.9862021744967135,0.9942170292054676,0.9942559361588408
NF-CSE-CIC-IDS2018-v2,binary,sage,33,247.603354234976,243.25581823999528,4.347535994980717,18.75966842699563,118.8616021540074,2,2,86530,4038,6460,49270036,8276669952,6460,3230,808,0.984966468789506,0.9937174134119708,0.9937503444358248,0.9832721328102636,0.9929664478283368,0.9929909138535952
NF-CSE-CIC-IDS2018-v2,binary,sage_edge,11,239.4935250499984,234.8339911539806,4.65953389601782,18.75966842699563,118.8616021540074,2,2,86608,4038,6460,49270036,8276671488,6460,3230,808,0.9852995444415776,0.993858375124396,0.993892357975862,0.9835283862413072,0.993077123757704,0.9931041599415776
NF-CSE-CIC-IDS2018-v2,binary,sage_edge,22,245.9853179710044,241.59652220399585,4.38879576700856,18.75966842699563,118.8616021540074,2,2,86608,5654,6460,49270036,8276671488,6460,3230,808,0.9864165072135858,0.9943303638776828,0.9943671495127028,0.9860663299426472,0.994156634774313,0.9941924336795982
NF-CSE-CIC-IDS2018-v2,binary,sage_edge,33,245.97043228399707,241.77895359700776,4.191478686989285,18.75966842699563,118.8616021540074,2,2,86608,4038,6460,49270036,8276671488,6460,3230,808,0.9865239198099708,0.99437887308961,0.9944190798370448,0.9866166659264782,0.994394154795012,0.9944353306627012
