dataset,task,model,seed,seconds_fit_and_evaluate,seconds_fit,seconds_final_evaluation,seconds_dataset_load,seconds_graph_prepare,best_epoch,epochs_ran,parameters,best_step,steps_ran,peak_rss_kib_process,peak_cuda_bytes,step_budget,steps_per_full_pass,eval_every_steps,val_macro_f1,val_weighted_f1,val_accuracy,test_macro_f1,test_weighted_f1,test_accuracy
NF-BoT-IoT-v2,binary,edge_mlp,11,342.28752669096866,342.07931789397844,0.20820879699022043,25.85651894599141,79.8529309709993,2,2,5378,9683,12910,49270036,145968640,12910,6455,1614,0.9118614056402637,0.9986149641880803,0.9984831178349227,0.9126037065615435,0.9986146332471161,0.9984843081312411
NF-BoT-IoT-v2,binary,edge_mlp,22,355.3466329050134,355.134997207002,0.21163569801137783,25.85651894599141,79.8529309709993,2,2,5378,12910,12910,49270036,144982528,12910,6455,1614,0.9138423134829481,0.9986510303398368,0.9985270700847749,0.91450991146797,0.9986499880754279,0.9985276287536591
NF-BoT-IoT-v2,binary,edge_mlp,33,349.8569829429907,349.64785488598864,0.20912805700208992,25.85651894599141,79.8529309709993,2,2,5378,11297,12910,49270036,144982528,12910,6455,1614,0.9061693181097178,0.9985142444271916,0.9983626463067137,0.9071129161266848,0.9985165027393461,0.9983669317659128
NF-BoT-IoT-v2,binary,edge_mlp,44,295.3297445079952,294.21348944200145,1.1162550659937551,26.21737340699474,170.79834010999184,1,2,5378,6455,12910,48687972,145968640,12910,6455,1614,0.853913422812008,0.997500236337293,0.997078499247781,0.8547474167484643,0.9974937743431033,0.9970743344786581
NF-BoT-IoT-v2,binary,edge_mlp,55,282.31271797000954,281.2236943760072,1.0890235940023558,26.21737340699474,170.79834010999184,2,2,5378,12910,12910,48687972,144982528,12910,6455,1614,0.9117198753257233,0.9986123688203824,0.9984799405638491,0.9125564525315926,0.9986136311762459,0.9984829833415647
NF-BoT-IoT-v2,binary,sage,11,546.0307640940155,539.3060348470171,6.724729246998322,25.85651894599141,79.8529309709993,1,2,86530,6455,12910,49270036,955227136,12910,6455,1614,0.6063576788767273,0.9871826352567233,0.9800957205865454,0.8053390989265106,0.9966933462717305,0.9961830159843823
NF-BoT-IoT-v2,binary,sage,22,538.5004894520243,531.7612956770172,6.739193775007152,25.85651894599141,79.8529309709993,2,2,86530,11297,12910,49270036,956252672,12910,6455,1614,0.7143391509074837,0.9949829689510483,0.9940301724252057,0.7900265338506275,0.9969337045996327,0.9968822399755815
NF-BoT-IoT-v2,binary,sage,33,547.1269594079786,540.40161338498,6.725346022998565,25.85651894599141,79.8529309709993,1,2,86530,6455,12910,49270036,956166144,12910,6455,1614,0.6564422551416954,0.9907263243899714,0.9863936013996938,0.8155359145883891,0.9967813746460013,0.9962130887100364
NF-BoT-IoT-v2,binary,sage,44,488.8829255249875,480.872351359998,8.01057416498952,26.21737340699474,170.79834010999184,1,2,86530,6455,12910,48687972,1007508992,12910,6455,1614,0.6606486066734363,0.9915203605418519,0.9879049233403921,0.8165163430658092,0.9970470955965254,0.9967292267679583
NF-BoT-IoT-v2,binary,sage,55,489.5541652490065,481.5173486940039,8.036816555002588,26.21737340699474,170.79834010999184,2,2,86530,12910,12910,48687972,1008507392,12910,6455,1614,0.7339892806801325,0.9953122779246959,0.9944093267733276,0.7940549748050012,0.99698050639477,0.996918009296844
NF-BoT-IoT-v2,binary,sage_edge,11,547.7488684459968,540.8194366839889,6.92943176200788,25.85651894599141,79.8529309709993,2,2,86608,8069,12910,49270036,956203520,12910,6455,1614,0.9062883981917204,0.9985193325771442,0.9983711190295766,0.9141107296601588,0.9986438764595356,0.9985211372842447
NF-BoT-IoT-v2,binary,sage_edge,22,546.2589060489845,539.3168536339945,6.94205241499003,25.85651894599141,79.8529309709993,2,2,86608,9683,12910,49270036,956256768,12910,6455,1614,0.865117688409152,0.9977359976801426,0.9973904013581775,0.8796774998148921,0.9980047919931083,0.9977377891485948
NF-BoT-IoT-v2,binary,sage_edge,33,542.8990269679925,535.9072828289936,6.991744138998911,25.85651894599141,79.8529309709993,2,2,86608,8069,12910,49270036,956170240,12910,6455,1614,0.8565881488003031,0.9975587477917112,0.9971574014794433,0.8602013556583109,0.9976103836317535,0.9972290699128606
NF-BoT-IoT-v2,binary,sage_edge,44,487.40391378900677,478.97115784400376,8.43275594500301,26.21737340699474,170.79834010999184,2,2,86608,11297,12910,48687972,1008485376,12910,6455,1614,0.8443846888941919,0.9972966446275481,0.9968071073435737,0.8518249352994234,0.9974321431211698,0.9969931248714954
NF-BoT-IoT-v2,binary,sage_edge,55,494.19780660299875,485.78096662199823,8.416839981000521,26.21737340699474,170.79834010999184,2,2,86608,9683,12910,48687972,1008511488,12910,6455,1614,0.8941714272646177,0.9982990313346487,0.9981029043964429,0.9031692544950826,0.9984475710890306,0.9982857221587501
NF-BoT-IoT-v2,multiclass,edge_mlp,11,353.38721621999866,353.07472599699395,0.3124902230047155,25.85651894599141,79.8529309709993,2,2,5765,8069,12910,49270036,145966592,12910,6455,1614,0.8185771801426591,0.9840648277223992,0.9838517845407758,0.8153373064709225,0.9840638389922919,0.9838422027118975
NF-BoT-IoT-v2,multiclass,edge_mlp,22,350.071104549992,349.7559105200053,0.31519402998674195,25.85651894599141,79.8529309709993,2,2,5765,12910,12910,49270036,144995840,12910,6455,1614,0.8198327154093391,0.9841360354890624,0.9839224788221644,0.8161605201784929,0.9841474863269172,0.9839240747138984
NF-BoT-IoT-v2,multiclass,edge_mlp,33,341.35860026898445,341.0443132169894,0.314287051995052,25.85651894599141,79.8529309709993,2,2,5765,12910,12910,49270036,144995840,12910,6455,1614,0.8158115573959914,0.9842455960777794,0.9840289174031316,0.8125684883571003,0.984250088696771,0.9840230365027248
NF-BoT-IoT-v2,multiclass,edge_mlp,44,286.48342200598563,284.6131675919896,1.8702544139960082,26.21737340699474,170.79834010999184,2,2,5765,8069,12910,48687972,145966592,12910,6455,1614,0.821088370949966,0.9840525925381147,0.9838501959052389,0.8182954522254837,0.9840568319887554,0.9838477668285383
NF-BoT-IoT-v2,multiclass,edge_mlp,55,299.12879030100885,297.23193000399624,1.8968602970126085,26.21737340699474,170.79834010999184,2,2,5765,9683,12910,48687972,144995840,12910,6455,1614,0.8266851395357542,0.9843192424127704,0.984138268482583,0.8221448180803549,0.9843191452895736,0.9841282248030303
NF-BoT-IoT-v2,multiclass,sage,11,544.7905988970015,537.9606023750093,6.829996521992143,25.85651894599141,79.8529309709993,1,2,87301,6455,12910,49270036,955271680,12910,6455,1614,0.48646569365024944,0.6037110173843185,0.6114120692878094,0.5460217199523473,0.6087096524670114,0.6245864006630307
NF-BoT-IoT-v2,multiclass,sage,22,547.7591443500132,540.916061669006,6.843082681007218,25.85651894599141,79.8529309709993,1,2,87301,6455,12910,49270036,956301824,12910,6455,1614,0.5107592567250459,0.621641191818206,0.6327019036619638,0.5803320674403691,0.6242641082230344,0.6338486676855183
NF-BoT-IoT-v2,multiclass,sage,33,547.2742219240026,540.4319813199982,6.842240604004473,25.85651894599141,79.8529309709993,1,2,87301,6455,12910,49270036,956215296,12910,6455,1614,0.5481801458517169,0.6179082102746407,0.6221615716477275,0.5831319040794781,0.6177231213896066,0.6288441422039837
NF-BoT-IoT-v2,multiclass,sage,44,491.63886957800423,482.65194062500086,8.986928953003371,26.21737340699474,170.79834010999184,2,2,87301,12910,12910,48687972,1007553536,12910,6455,1614,0.5023499888379569,0.5858783565519818,0.60050317382903,0.5822348368886925,0.5754161689408681,0.5973854215904683
NF-BoT-IoT-v2,multiclass,sage,55,490.7283074080042,481.97309187099745,8.755215537006734,26.21737340699474,170.79834010999184,2,2,87301,8069,12910,48687972,1008556544,12910,6455,1614,0.43359132424411745,0.5639153848302695,0.5568011340739553,0.46404552847518976,0.578854088228591,0.5883527406188993
NF-BoT-IoT-v2,multiclass,sage_edge,11,543.7198096300126,536.6835198960034,7.036289734009188,25.85651894599141,79.8529309709993,1,2,87496,6455,12910,49270036,956255232,12910,6455,1614,0.8304956507234641,0.9778589227166139,0.977204933454705,0.8292557030333787,0.9774832076959755,0.976767295924099
NF-BoT-IoT-v2,multiclass,sage_edge,22,544.3618208460102,537.3108824120136,7.050938433996635,25.85651894599141,79.8529309709993,2,2,87496,12910,12910,49270036,956310016,12910,6455,1614,0.8136795038234931,0.9793936835004448,0.9788526132789808,0.8140736789703809,0.9792469328192558,0.9786728733946198
NF-BoT-IoT-v2,multiclass,sage_edge,33,545.7964923249965,538.7378725750023,7.05861974999425,25.85651894599141,79.8529309709993,2,2,87496,11297,12910,49270036,956223488,12910,6455,1614,0.8098174042543839,0.9783267639264875,0.9776722570751207,0.808100650391939,0.97799508532854,0.9772839638978915
NF-BoT-IoT-v2,multiclass,sage_edge,44,492.7775244059885,483.6024739639979,9.175050441990606,26.21737340699474,170.79834010999184,2,2,87496,8069,12910,48687972,1008537088,12910,6455,1614,0.8352665831555985,0.9784406683319994,0.977849654710066,0.8347633503903239,0.9779269274181194,0.977261442473393
NF-BoT-IoT-v2,multiclass,sage_edge,55,493.0202861669968,483.887208893997,9.133077272999799,26.21737340699474,170.79834010999184,2,2,87496,9683,12910,48687972,1008564736,12910,6455,1614,0.839718334295626,0.9784649593432722,0.9778795740126762,0.8437005261236763,0.9781542336060689,0.977517259359904
NF-CSE-CIC-IDS2018-v2,binary,edge_mlp,11,161.43712861600216,161.34299062000355,0.09413799599860795,12.0686126829969,99.9575605019927,2,2,5378,5654,6460,49270036,145976320,6460,3230,808,0.984428981171994,0.9934953457469979,0.9935320251130809,0.9844039510064364,0.9934571985730658,0.9934949647825834
NF-CSE-CIC-IDS2018-v2,binary,edge_mlp,22,147.26720065801055,147.17194572801236,0.09525492999819107,12.0686126829969,99.9575605019927,2,2,5378,5654,6460,49270036,144982528,6460,3230,808,0.9827485900018282,0.9927968719788896,0.9928410338585715,0.9825313539424302,0.9926743646606204,0.9927194407548328
NF-CSE-CIC-IDS2018-v2,binary,edge_mlp,33,180.79884879701422,180.7018749010167,0.0969738959975075,12.0686126829969,99.9575605019927,2,2,5378,6460,6460,49270036,144982528,6460,3230,808,0.9833781578532044,0.9930631615851697,0.993109163900582,0.9832737122180928,0.9929897172035343,0.9930369531510459
NF-CSE-CIC-IDS2018-v2,binary,edge_mlp,44,136.638035942,136.06291621900164,0.5751197229983518,13.127125554005033,105.58276429200487,2,2,5378,6460,6460,48687972,145976320,6460,3230,808,0.9838161002178916,0.9932486656204186,0.9932962190484669,0.9837051061191666,0.9931730592588426,0.9932216395281765
NF-CSE-CIC-IDS2018-v2,binary,edge_mlp,55,129.64769708500535,129.11658111900033,0.531115966005018,13.127125554005033,105.58276429200487,2,2,5378,6460,6460,48687972,144982528,6460,3230,808,0.9846870433632063,0.9936043909540554,0.9936417146757216,0.98464296270835,0.9935585523378891,0.9935968333430351
NF-CSE-CIC-IDS2018-v2,binary,sage,11,246.3984093850013,242.53831197301042,3.860097411990864,12.0686126829969,99.9575605019927,2,2,86530,5654,6460,49270036,8276669952,6460,3230,808,0.9856033262324567,0.9939841866933442,0.9940163548727601,0.9841308874605672,0.9933292547811102,0.9933542009535956
NF-CSE-CIC-IDS2018-v2,binary,sage,22,243.62831680302043,239.77010596901528,3.858210834005149,12.0686126829969,99.9575605019927,2,2,86530,5654,6460,49270036,8276669952,6460,3230,808,0.9866072440541789,0.9944125429202041,0.9944514038144413,0.9862021744967137,0.9942170292054675,0.9942559361588409
NF-CSE-CIC-IDS2018-v2,binary,sage,33,247.09893482999178,243.25581823999528,3.843116589996498,12.0686126829969,99.9575605019927,2,2,86530,4038,6460,49270036,8276669952,6460,3230,808,0.9849664687895059,0.9937174134119708,0.9937503444358247,0.9832715174355848,0.9929661857169416,0.9929906492599315
NF-CSE-CIC-IDS2018-v2,binary,sage,44,212.24593303599977,207.7246025200002,4.52133051599958,13.127125554005033,105.58276429200487,2,2,86530,4846,6460,48687972,8546754560,6460,3230,808,0.9869038764768465,0.9945405362684057,0.9945828193291026,0.9867215055760009,0.9944394177246115,0.9944816345538157
NF-CSE-CIC-IDS2018-v2,binary,sage,55,213.17586309899343,208.6451233359985,4.530739762994926,13.127125554005033,105.58276429200487,2,2,86530,5654,6460,48687972,8546754560,6460,3230,808,0.9859682794012881,0.994139523286783,0.9941737355495924,0.98448510142479,0.9934814981851939,0.993509252840413
NF-CSE-CIC-IDS2018-v2,binary,sage_edge,11,238.80992960798903,234.8339911539806,3.9759384540084284,12.0686126829969,99.9575605019927,2,2,86608,4038,6460,49270036,8276671488,6460,3230,808,0.9852995444415775,0.9938583751243959,0.993892357975862,0.9835283862413071,0.9930771237577041,0.9931041599415777
NF-CSE-CIC-IDS2018-v2,binary,sage_edge,22,245.56320411499473,241.59652220399585,3.9666819109988865,12.0686126829969,99.9575605019927,2,2,86608,5654,6460,49270036,8276671488,6460,3230,808,0.9864165072135858,0.9943303638776827,0.9943671495127028,0.9860663299426473,0.994156634774313,0.9941924336795982
NF-CSE-CIC-IDS2018-v2,binary,sage_edge,33,245.749530658999,241.77895359700778,3.9705770619912073,12.0686126829969,99.9575605019927,2,2,86608,4038,6460,49270036,8276671488,6460,3230,808,0.9865239198099709,0.99437887308961,0.9944190798370448,0.9866166659264782,0.9943941547950119,0.9944353306627013
NF-CSE-CIC-IDS2018-v2,binary,sage_edge,44,213.73683789801726,209.005939501003,4.7308983970142435,13.127125554005033,105.58276429200487,2,2,86608,4038,6460,48687972,8546756096,6460,3230,808,0.9871413415944084,0.9946462805588677,0.9946946284968184,0.9867597945392297,0.9944650327245779,0.9945168255110627
NF-CSE-CIC-IDS2018-v2,binary,sage_edge,55,214.8999450790143,210.17336638001143,4.726578699002857,13.127125554005033,105.58276429200487,2,2,86608,5654,6460,48687972,8546756096,6460,3230,808,0.9871252588418267,0.9946273390436052,0.9946633643219596,0.9869296969953083,0.9945217315750429,0.9945583667162339
NF-CSE-CIC-IDS2018-v2,multiclass,edge_mlp,11,173.80199448598432,173.62301301999833,0.1789814659859985,12.0686126829969,99.9575605019927,2,2,6023,6460,6460,49270036,145972224,6460,3230,808,0.6649950190732093,0.749057675256641,0.6173847888661385,0.6641719497456074,0.7483531058533318,0.6167924368547222
NF-CSE-CIC-IDS2018-v2,multiclass,edge_mlp,22,167.71747487099492,167.5388999519928,0.17857491900213063,12.0686126829969,99.9575605019927,2,2,6023,4846,6460,49270036,145004544,6460,3230,808,0.6639169988002462,0.783633601121286,0.6615658370532402,0.6628518504381145,0.7828426857293804,0.6608303478348301
NF-CSE-CIC-IDS2018-v2,multiclass,edge_mlp,33,168.82554843199614,168.64642512099817,0.17912331099796575,12.0686126829969,99.9575605019927,2,2,6023,6460,6460,49270036,145004544,6460,3230,808,0.6556452789850546,0.706503269757028,0.5661836086700326,0.655030146889587,0.705977403658219,0.5658168800173573
NF-CSE-CIC-IDS2018-v2,multiclass,edge_mlp,44,149.36548097099876,148.22310766800365,1.1423733029951109,13.127125554005033,105.58276429200487,2,2,6023,6460,6460,48687972,145972224,6460,3230,808,0.6971221147063144,0.9350196385164936,0.8905298164845926,0.696762054230666,0.9348882984584261,0.8905693526451428
NF-CSE-CIC-IDS2018-v2,multiclass,edge_mlp,55,124.6228627509845,123.47421497298637,1.1486477779981215,13.127125554005033,105.58276429200487,2,2,6023,6460,6460,48687972,145004544,6460,3230,808,0.6649201477672484,0.7471749845744677,0.6149419440169908,0.6642274105726355,0.746438504397881,0.6142846181119654
NF-CSE-CIC-IDS2018-v2,multiclass,sage,11,237.63458145300683,233.710443132004,3.924138321002829,12.0686126829969,99.9575605019927,2,2,87815,4846,6460,49270036,8276685312,6460,3230,808,0.7088436178063474,0.9549720739494428,0.9251837697600183,0.7095115370197543,0.9494783635159154,0.9151490456106557
NF-CSE-CIC-IDS2018-v2,multiclass,sage,22,236.3790240560047,232.44979133599554,3.9292327200091677,12.0686126829969,99.9575605019927,1,2,87815,3230,6460,49270036,8276685312,6460,3230,808,0.6505469241988538,0.9410122258527311,0.9181959617284108,0.6694298334484755,0.946214147754439,0.9192190253427811
NF-CSE-CIC-IDS2018-v2,multiclass,sage,33,246.8042131690163,242.8745700980071,3.9296430710091954,12.0686126829969,99.9575605019927,2,2,87815,4846,6460,49270036,8276685312,6460,3230,808,0.709240219826709,0.9728215168582143,0.9648389312103369,0.7174524446806031,0.9747184246301361,0.9652773735374586
NF-CSE-CIC-IDS2018-v2,multiclass,sage,44,217.45181908500672,212.32034026000474,5.131478825001977,13.127125554005033,105.58276429200487,1,2,87815,3230,6460,48687972,8546769920,6460,3230,808,0.6534211199315569,0.945144430544104,0.9232337330908506,0.6683013681070599,0.9500977803222569,0.925744434272288
NF-CSE-CIC-IDS2018-v2,multiclass,sage,55,216.56526810699143,211.4500038989936,5.115264207997825,13.127125554005033,105.58276429200487,2,2,87815,6460,6460,48687972,8546769920,6460,3230,808,0.7000755946536193,0.9079936724632838,0.8441184138571302,0.6984658485324922,0.9094793928249105,0.8462914552122306
NF-CSE-CIC-IDS2018-v2,multiclass,sage_edge,11,246.56205922302615,242.53421341002104,4.027845813005115,12.0686126829969,99.9575605019927,1,2,88088,3230,6460,49270036,8276689920,6460,3230,808,0.676188535698735,0.9543228093717709,0.9324121529676591,0.6903675247476819,0.9584589545741726,0.9357209383549683
NF-CSE-CIC-IDS2018-v2,multiclass,sage_edge,22,245.40876660803042,241.35894357602228,4.049823032008135,12.0686126829969,99.9575605019927,2,2,88088,4038,6460,49270036,8276689920,6460,3230,808,0.671185277553932,0.8809626773969699,0.801475669053342,0.692849579881291,0.8939123690065712,0.8204835184606999
NF-CSE-CIC-IDS2018-v2,multiclass,sage_edge,33,246.6428210909944,242.59034533100203,4.052475759992376,12.0686126829969,99.9575605019927,2,2,88088,4038,6460,49270036,8276689920,6460,3230,808,0.6596420840020497,0.9518014691255567,0.9337098811749395,0.6780101331533006,0.9571393343890132,0.9373127338346501
NF-CSE-CIC-IDS2018-v2,multiclass,sage_edge,44,216.0475972689892,210.7357754859986,5.311821782990592,13.127125554005033,105.58276429200487,2,2,88088,4038,6460,48687972,8546774528,6460,3230,808,0.6728568081884959,0.9539900178106387,0.9405678633956921,0.6905212669881983,0.9618103832438539,0.9476607274208997
NF-CSE-CIC-IDS2018-v2,multiclass,sage_edge,55,218.01419619201624,212.64194216900796,5.372254023008281,13.127125554005033,105.58276429200487,2,2,88088,4038,6460,48687972,8546774528,6460,3230,808,0.7018118668025635,0.8062359078087539,0.6901752065555146,0.6950352601313866,0.8189590012553898,0.7078155676327863
NF-ToN-IoT-v2,binary,edge_mlp,11,136.3095948190021,136.22391598799732,0.08567883100477047,10.323043372001848,43.93738353101071,2,2,5378,5068,5792,49270036,145987072,5792,2896,724,0.9706936980200532,0.9729726392508384,0.9729465347820568,0.9704832338999799,0.9727689101609422,0.9727427019286663
NF-ToN-IoT-v2,binary,edge_mlp,22,144.39037794499018,144.3031724219909,0.08720552299928386,10.323043372001848,43.93738353101071,2,2,5378,5068,5792,49270036,144982528,5792,2896,724,0.9706215352771375,0.9729051443972687,0.9728780539640652,0.9704566973324018,0.9727423305200958,0.9727140507663152
NF-ToN-IoT-v2,binary,edge_mlp,33,160.31643824801722,160.22921082400717,0.08722742401005235,10.323043372001848,43.93738353101071,2,2,5378,5792,5792,49270036,144982528,5792,2896,724,0.971621032460084,0.973830229773131,0.9738072678219853,0.9714916740505246,0.9737013836554756,0.9736781476107884
NF-ToN-IoT-v2,binary,edge_mlp,44,130.3792004499992,129.8895366450015,0.48966380499769,12.3636208550015,48.6108995090035,2,2,5378,5792,5792,48687972,145987072,5792,2896,724,0.9711977013000375,0.9734332340233679,0.9734034671365868,0.970967299305336,0.9732104989406577,0.973179853684126
NF-ToN-IoT-v2,binary,edge_mlp,55,125.94453155600058,125.44231497499277,0.502216581007815,12.3636208550015,48.6108995090035,2,2,5378,5792,5792,48687972,144982528,5792,2896,724,0.9703264393918596,0.9726229487684216,0.9725858297838427,0.9701849798453426,0.9724824384062424,0.9724449661384613
NF-ToN-IoT-v2,binary,sage,11,449.5911602880078,447.8272706819989,1.7638896060088882,10.323043372001848,43.93738353101071,2,2,86530,5792,5792,49270036,3005487616,5792,2896,724,0.9716494634597745,0.9737580762329495,0.9736431499995573,0.9751644202000473,0.9770232967270923,0.9769405402723101
NF-ToN-IoT-v2,binary,sage,22,447.31989569401776,445.5655734320171,1.7543222620006418,10.323043372001848,43.93738353101071,2,2,86530,5068,5792,49270036,2982640128,5792,2896,724,0.9747133471050806,0.9766210592603612,0.9765429584303724,0.9768085377809813,0.9785641558271871,0.9785051300349249
NF-ToN-IoT-v2,binary,sage,33,477.9371305490058,476.1761349349981,1.7609956140076974,10.323043372001848,43.93738353101071,2,2,86530,5068,5792,49270036,2999260672,5792,2896,724,0.9744103779094586,0.9763344940918738,0.9762495535463913,0.9783291501621136,0.9799703442009702,0.9799158305647055
NF-ToN-IoT-v2,binary,sage,44,419.13567578600487,416.76161402699654,2.3740617590083275,12.3636208550015,48.6108995090035,2,2,86530,5068,5792,48687972,2989626368,5792,2896,724,0.9766041241319712,0.9783743959554719,0.9783069298455345,0.979227078391556,0.9808056981901757,0.9807585291851963
NF-ToN-IoT-v2,binary,sage,55,418.55972164400737,416.2220784069941,2.3376432370132534,12.3636208550015,48.6108995090035,2,2,86530,4344,5792,48687972,2981273600,5792,2896,724,0.9748114989772005,0.9767098877303259,0.9766303305084996,0.9779953867819318,0.9796640315036647,0.979610710454307
NF-ToN-IoT-v2,binary,sage_edge,11,440.1533018310147,438.31709282600787,1.8362090050068218,10.323043372001848,43.93738353101071,2,2,86608,5068,5792,49270036,3006462976,5792,2896,724,0.9781105025328523,0.9797612764456147,0.9796930760579844,0.9807889586117744,0.9822467533726514,0.9822011299782133
NF-ToN-IoT-v2,binary,sage_edge,22,442.0354213249957,440.1753904639918,1.8600308610039065,10.323043372001848,43.93738353101071,2,2,86608,3620,5792,49270036,2982643200,5792,2896,724,0.9780386712075155,0.9797061783090802,0.9796482093151623,0.9802958913035171,0.9817974299996942,0.9817565939025601
NF-ToN-IoT-v2,binary,sage_edge,33,438.06053217501903,436.20185404701624,1.8586781280027935,10.323043372001848,43.93738353101071,2,2,86608,5068,5792,49270036,2999264256,5792,2896,724,0.9774028187594497,0.9791103704784975,0.9790430986389438,0.9808232001859234,0.9822824455594975,0.9822407099344509
NF-ToN-IoT-v2,binary,sage_edge,44,419.66032966900093,417.1216635289893,2.538666140011628,12.3636208550015,48.6108995090035,1,2,86608,2896,5792,48687972,2990601728,5792,2896,724,0.9770317060930314,0.978787160187384,0.9787372963654987,0.9793147676815586,0.9809035333759641,0.9808725430889852
NF-ToN-IoT-v2,binary,sage_edge,55,422.43319804900966,419.90499383000133,2.5282042190083303,12.3636208550015,48.6108995090035,2,2,86608,4344,5792,48687972,2981276672,5792,2896,724,0.9759907559807763,0.9777930719301341,0.9777106744475045,0.9798853018251605,0.981411590774119,0.9813637480682619
NF-ToN-IoT-v2,multiclass,edge_mlp,11,155.07901767399744,154.9297975419904,0.14922013200703077,10.323043372001848,43.93738353101071,2,2,6410,5068,5792,49270036,145980416,5792,2896,724,0.7030873689438664,0.8966155744949572,0.8883390745053589,0.7028906824878318,0.8963471630484571,0.8880534104925873
NF-ToN-IoT-v2,multiclass,edge_mlp,22,156.06381216101,155.9135855580098,0.15022660300019197,10.323043372001848,43.93738353101071,2,2,6410,5792,5792,49270036,145017344,5792,2896,724,0.7064831015671257,0.8997551984276072,0.8899277114123874,0.7060229786531921,0.8995202516294368,0.8896688043781339
NF-ToN-IoT-v2,multiclass,edge_mlp,33,159.9959718760074,159.84563086100388,0.15034101500350516,10.323043372001848,43.93738353101071,2,2,6410,5068,5792,49270036,145017344,5792,2896,724,0.7041858025603963,0.8973714115616768,0.8871749005995023,0.7037734963151843,0.8973009614607328,0.8870597763673398
NF-ToN-IoT-v2,multiclass,edge_mlp,44,128.26222738499928,127.457927645999,0.8042997390002711,12.3636208550015,48.6108995090035,2,2,6410,5068,5792,48687972,145980416,5792,2896,724,0.6993181029763387,0.8955629362316417,0.8841824069236468,0.6984167383139394,0.895443762869533,0.8840197994300486
NF-ToN-IoT-v2,multiclass,edge_mlp,55,118.26141481701052,117.46670467899821,0.7947101380123058,12.3636208550015,48.6108995090035,2,2,6410,5792,5792,48687972,145017344,5792,2896,724,0.7098454336980876,0.8981640718785836,0.8871589610987629,0.7088146818652058,0.8980025468871125,0.8869611218495537
NF-ToN-IoT-v2,multiclass,sage,11,440.03261885898246,438.21303324998007,1.819585609002388,10.323043372001848,43.93738353101071,2,2,88586,5792,5792,49270036,3005590016,5792,2896,724,0.7200741631764073,0.8983511272312121,0.8843719098768821,0.7458433248374747,0.9094541318598087,0.8985751806500092
NF-ToN-IoT-v2,multiclass,sage,22,440.352154881999,438.5343802740099,1.8177746079891222,10.323043372001848,43.93738353101071,2,2,88586,5068,5792,49270036,2982754816,5792,2896,724,0.7042118763532185,0.8940382641829338,0.8814307768145203,0.7442382687066547,0.9054309619610363,0.8953644782298426
NF-ToN-IoT-v2,multiclass,sage,33,440.53361348497856,438.71799744598684,1.8156160389917204,10.323043372001848,43.93738353101071,1,2,88586,2896,5792,49270036,2999383552,5792,2896,724,0.7159484822794016,0.9050018389252593,0.8948016565273731,0.7558920678348146,0.9153064925954829,0.9089244530877092
NF-ToN-IoT-v2,multiclass,sage,44,420.8993778439908,418.3010490829911,2.5983287609997205,12.3636208550015,48.6108995090035,2,2,88586,5068,5792,48687972,2989728768,5792,2896,724,0.7242575682686833,0.9063798478016395,0.8943825066931145,0.7483822716788928,0.9160118120260498,0.9070414514383475
NF-ToN-IoT-v2,multiclass,sage,55,420.6251264090097,418.00300810299814,2.6221183060115436,12.3636208550015,48.6108995090035,2,2,88586,5792,5792,48687972,2981388288,5792,2896,724,0.7235089090929363,0.9066183506604976,0.8943771935262013,0.7525540513549941,0.9179786488284819,0.9087253718152903
NF-ToN-IoT-v2,multiclass,sage_edge,11,446.0521113410068,444.1319303860073,1.9201809549995232,10.323043372001848,43.93738353101071,2,2,88976,5792,5792,49270036,3006582272,5792,2896,724,0.7480050590117935,0.9157287319582856,0.9039963870464991,0.7710589042735061,0.9259325440914723,0.917787704929654
NF-ToN-IoT-v2,multiclass,sage_edge,22,526.2471189280186,524.3259486760071,1.9211702520115068,10.323043372001848,43.93738353101071,1,2,88976,2896,5792,49270036,2982767104,5792,2896,724,0.7365555605213991,0.9128454245682405,0.9026238189272716,0.7660968022583213,0.9218972515316038,0.9144488107109269
NF-ToN-IoT-v2,multiclass,sage_edge,33,454.8433701979957,452.9255802409898,1.9177899570058798,10.323043372001848,43.93738353101071,2,2,88976,5792,5792,49270036,2999397888,5792,2896,724,0.7379396457093866,0.9187116649687722,0.9076258704000519,0.7711401870646353,0.9279003632516964,0.9196512119737047
NF-ToN-IoT-v2,multiclass,sage_edge,44,421.53989757700765,418.7138658550102,2.826031721997424,12.3636208550015,48.6108995090035,2,2,88976,3620,5792,48687972,2990721024,5792,2896,724,0.7321279325854522,0.9135137124343212,0.9078572883367131,0.7613885428889857,0.9231870748401084,0.9185007348875457
NF-ToN-IoT-v2,multiclass,sage_edge,55,420.41629531599756,417.60269473800145,2.8136005779961124,12.3636208550015,48.6108995090035,2,2,88976,5792,5792,48687972,2981400576,5792,2896,724,0.7313176190897271,0.9193788452704413,0.9079777201200776,0.7593672963624869,0.9300112418729475,0.9217581062113357
NF-UNSW-NB15-v2,binary,edge_mlp,11,36.4176585469977,36.40344599800301,0.014212548994692042,1.8333157559973188,8.531177751996438,4,4,5378,1500,1500,4749572,145986048,1500,409,500,0.9665701341970437,0.9946676503037697,0.9945016808549781,0.9645744047640319,0.994451334833589,0.9942678663701577
NF-UNSW-NB15-v2,binary,edge_mlp,22,37.580948724993505,37.56698798100115,0.013960743992356583,1.8333157559973188,8.531177751996438,4,4,5378,1500,1500,4749572,144981504,1500,409,500,0.9670479429069889,0.9947463986676595,0.994585305480758,0.9647332984154544,0.9944769697423632,0.9942950626246059
NF-UNSW-NB15-v2,binary,edge_mlp,33,35.911990660009906,35.89440299299895,0.017587667010957375,1.8333157559973188,8.531177751996438,4,4,5378,1500,1500,4749572,144981504,1500,409,500,0.9660963581800972,0.9945892113230625,0.9944180562291983,0.9640084878874551,0.9943592973359154,0.9941695414502298
NF-UNSW-NB15-v2,binary,edge_mlp,44,26.87355825099803,26.804090238001663,0.06946801299636718,1.7567486170009943,8.503948149998905,4,4,5378,1500,1500,4725280,145986048,1500,409,500,0.9666895033439487,0.994687331041035,0.9945225870114232,0.964609002686853,0.9944570948781005,0.9942741424288766
NF-UNSW-NB15-v2,binary,edge_mlp,55,28.176533919002395,28.081153118997463,0.0953808000049321,1.7567486170009943,8.503948149998905,4,4,5378,1500,1500,4725280,144981504,1500,409,500,0.9666178752191907,0.9946755220908498,0.9945100433175561,0.9644501638393719,0.9944314640816866,0.9942469461744284
NF-UNSW-NB15-v2,binary,sage,11,38.3382745290146,38.1822256790183,0.15604884999629576,1.8333157559973188,8.531177751996438,4,4,86530,1500,1500,4884196,1237106176,1500,409,500,0.9731629239896888,0.9957458769534918,0.9956389757655835,0.970195179992587,0.9953561781715963,0.995226011334562
NF-UNSW-NB15-v2,binary,sage,22,38.65174964199832,38.49602718799724,0.1557224540010793,1.8333157559973188,8.531177751996438,4,4,86530,1500,1500,4884196,1237106176,1500,409,500,0.9724491706084517,0.9956300870821073,0.9955177200582027,0.9698975729031958,0.9953085324283644,0.9951758028648116
NF-UNSW-NB15-v2,binary,sage,33,39.84000037898659,39.68385472599766,0.15614565298892558,1.8333157559973188,8.531177751996438,3,4,86530,909,1500,4884196,1237106176,1500,409,500,0.9723977698073482,0.9956219342594994,0.9955093575956248,0.9698453570712846,0.9953003945834873,0.9951674347865198
NF-UNSW-NB15-v2,binary,sage,44,34.13481506500102,33.88209913599712,0.25271592900389805,1.7567486170009943,8.503948149998905,4,4,86530,1409,1500,4725280,1283817984,1500,409,500,0.9727473207891724,0.9956782157203762,0.9955678948336706,0.9693727536445118,0.99522485053842,0.9950879380427483
NF-UNSW-NB15-v2,binary,sage,55,34.28975324500061,34.037620746996254,0.25213249800435733,1.7567486170009943,8.503948149998905,4,4,86530,1409,1500,4725280,1283817984,1500,409,500,0.9742738300946366,0.995927908547709,0.995831312404877,0.9719161115455346,0.9956329720807675,0.995518894074773
NF-UNSW-NB15-v2,binary,sage_edge,11,39.90488470498531,39.731435680994764,0.17344902399054263,1.8333157559973188,8.531177751996438,4,4,86608,1500,1500,4884196,1237107712,1500,409,500,0.9732827694321692,0.9957655934796749,0.9956598819220284,0.9705535012957713,0.9954136530824024,0.9952866799021771
NF-UNSW-NB15-v2,binary,sage_edge,22,39.20704011198541,39.02757742497488,0.1794626870105276,1.8333157559973188,8.531177751996438,4,4,86608,1409,1500,4884196,1237107712,1500,409,500,0.9726200587349014,0.9956579289833165,0.9955469886772257,0.9697873585824286,0.9952918213020316,0.9951590667082281
NF-UNSW-NB15-v2,binary,sage_edge,33,39.57778941500874,39.40280690899817,0.17498250601056498,1.8333157559973188,8.531177751996438,3,4,86608,909,1500,5122544,1237107712,1500,409,500,0.9725763827635412,0.9956503699866684,0.9955386262146477,0.9697974767103519,0.9952925831958763,0.9951590667082281
NF-UNSW-NB15-v2,binary,sage_edge,44,34.757237773999805,34.47945941099897,0.27777836300083436,1.7567486170009943,8.503948149998905,4,4,86608,1500,1500,4789344,1283819520,1500,409,500,0.9705283268788727,0.9953164654051134,0.9951874027863725,0.9684878196989022,0.9950825064457696,0.994937312633497
NF-UNSW-NB15-v2,binary,sage_edge,55,34.299068371998146,34.02073696900334,0.27833140299480874,1.7567486170009943,8.503948149998905,4,4,86608,1500,1500,5012756,1283819520,1500,409,500,0.9738856451750122,0.9958644563123714,0.9957644127042532,0.9709301139837856,0.9954746080971916,0.9953515325089382
NF-UNSW-NB15-v2,multiclass,edge_mlp,11,38.17446008900879,37.96407208600431,0.21038800300448202,1.8333157559973188,8.531177751996438,4,4,6410,1500,1500,4342928,144935936,1500,409,500,0.4161089608386635,0.9775901462038663,0.9736164305664732,0.41856522353271447,0.9776940540345799,0.9737681665749665
NF-UNSW-NB15-v2,multiclass,edge_mlp,22,35.02744969101332,34.99956356501207,0.027886126001249067,1.8333157559973188,8.531177751996438,4,4,6410,1409,1500,4342928,145014272,1500,409,500,0.4181718862459789,0.9774698733717603,0.9730394206485926,0.42171031748200327,0.9776097679323338,0.9731824010945447
NF-UNSW-NB15-v2,multiclass,edge_mlp,33,36.05564273100754,36.02119789199787,0.034444839009665884,1.8333157559973188,8.531177751996438,4,4,6410,1409,1500,4342928,145014272,1500,409,500,0.39939829189744086,0.9763556397927994,0.9723160676355973,0.4003993113595274,0.9763932923228271,0.9724522862635903
NF-UNSW-NB15-v2,multiclass,edge_mlp,44,29.47906371598947,29.442693218996283,0.03637049699318595,1.7567486170009943,8.503948149998905,4,4,6410,1500,1500,4175568,144935936,1500,409,500,0.4173538796790967,0.9766912173956707,0.9721864494656386,0.41925852126489094,0.9767317075588502,0.9722535444041615
NF-UNSW-NB15-v2,multiclass,edge_mlp,55,25.773070429990184,25.73841186799109,0.03465856199909467,1.7567486170009943,8.503948149998905,4,4,6410,1500,1500,4175568,145014272,1500,409,500,0.40832362420393054,0.9772747719356868,0.9730352394173036,0.41039322377501275,0.9773613301871473,0.9732054133098469
NF-UNSW-NB15-v2,multiclass,sage,11,40.6860233409825,40.31245301399031,0.37357032699219417,1.8333157559973188,8.531177751996438,4,4,88586,1500,1500,4342928,1237130752,1500,409,500,0.48738468536030927,0.9834057024762867,0.979537054071683,0.4902880166070944,0.9834569243302117,0.9797115941816752
NF-UNSW-NB15-v2,multiclass,sage,22,39.49170007999055,39.32518017798429,0.16651990200625733,1.8333157559973188,8.531177751996438,4,4,88586,1500,1500,4342928,1237130752,1500,409,500,0.49637588223791174,0.9822694244685035,0.9777725744677292,0.4929178186283874,0.9826857112164046,0.9784019899290177
NF-UNSW-NB15-v2,multiclass,sage,33,40.6638630739908,40.498591616982594,0.16527145700820256,1.8333157559973188,8.531177751996438,4,4,88586,1500,1500,4342928,1237130752,1500,409,500,0.4804852033467507,0.982905233496467,0.978291047147564,0.477777190190534,0.9829167205180339,0.9783664255962778
NF-UNSW-NB15-v2,multiclass,sage,44,33.19057457600138,32.902716814001906,0.28785776199947577,1.7567486170009943,8.503948149998905,4,4,88586,1409,1500,4175568,1283842560,1500,409,500,0.4899510049310514,0.9834545370576285,0.9798631901122242,0.49429288578924924,0.9834136284559836,0.9798705876692182
NF-UNSW-NB15-v2,multiclass,sage,55,33.818033432995435,33.52990980100003,0.28812363199540414,1.7567486170009943,8.503948149998905,3,4,88586,909,1500,4311884,1283842560,1500,409,500,0.4915985574985414,0.9828141930865277,0.9788387884464217,0.49357346873461483,0.9826452744688375,0.9787764614325731
NF-UNSW-NB15-v2,multiclass,sage_edge,11,39.16124685101386,38.979486199008534,0.1817606520053232,1.8333157559973188,8.531177751996438,4,4,88976,1500,1500,4342928,1237136896,1500,409,500,0.48326243391177304,0.9822018200582768,0.9781028917395594,0.48901617136027936,0.9828340702997832,0.9790651601336382
NF-UNSW-NB15-v2,multiclass,sage_edge,22,37.50271910200536,37.321449948998634,0.18126915300672408,1.8333157559973188,8.531177751996438,3,4,88976,909,1500,4450916,1237136896,1500,409,500,0.485934643242181,0.9828725703702451,0.9788596946028667,0.4809957014084395,0.9826493446457397,0.9786446641994783
NF-UNSW-NB15-v2,multiclass,sage_edge,33,39.10142311200616,38.92010784900049,0.18131526300567202,1.8333157559973188,8.531177751996438,4,4,88976,1500,1500,4687672,1237136896,1500,409,500,0.48636703876852555,0.9832233356851894,0.9792819989630547,0.4877255890997822,0.9832703626264433,0.9792848221887964
NF-UNSW-NB15-v2,multiclass,sage_edge,44,33.61422910998226,33.298256212990964,0.3159728969912976,1.7567486170009943,8.503948149998905,4,4,88976,1409,1500,4560340,1283848704,1500,409,500,0.49121408151429335,0.9836465908969455,0.9798548276496463,0.4917086202315349,0.983694866769026,0.9800337651959071
NF-UNSW-NB15-v2,multiclass,sage_edge,55,93.87085761599883,93.55944370599173,0.3114139100071043,1.7567486170009943,8.503948149998905,3,4,88976,909,1500,4725280,1283848704,1500,409,500,0.48985545550159654,0.9818352772621952,0.9776638624542155,0.49317730995140785,0.9824749942636711,0.9785923637101549
