,,,test_macro_f1,test_macro_f1,test_weighted_f1,test_weighted_f1,test_accuracy,test_accuracy,seconds_fit_and_evaluate,seconds_fit_and_evaluate
,,,mean,std,mean,std,mean,std,mean,std
dataset,task,model,,,,,,,,
NF-BoT-IoT-v2,binary,edge_mlp,0.8836519346400284,0.040877161216105753,0.9980537027596745,0.0007918583606732925,0.9977786589101114,0.0009960651632719704,288.8212312390024,9.204427735894907
NF-BoT-IoT-v2,binary,sage,0.8052856589354052,0.015882585811945602,0.9970138009956477,4.708567611507889e-05,0.9968236180324012,0.0001334894063446711,489.218545386997,0.4746381606555935
NF-BoT-IoT-v2,binary,sage_edge,0.8774970948972529,0.036305916278657265,0.9979398571051001,0.0007180160018808899,0.9976394235151227,0.000914004307161192,490.80086019600276,4.804007679428291
NF-BoT-IoT-v2,multiclass,edge_mlp,0.8202201351529192,0.0027219126992473934,0.9841879886391645,0.000185483513804067,0.9839879958157842,0.00019831373560121464,292.80610615349724,8.941625672012288
NF-BoT-IoT-v2,multiclass,sage,0.5231401826819411,0.08357246144293601,0.5771351285847295,0.002430976041520897,0.5928690811046837,0.006387069967291059,491.1835884930042,0.6438646850989721
NF-BoT-IoT-v2,multiclass,sage_edge,0.8392319382570002,0.006319537565709297,0.9780405805120942,0.00016072974690473554,0.9773893509166485,0.00018088985519395438,492.89890528649266,0.1716584874217542
NF-CSE-CIC-IDS2018-v2,binary,edge_mlp,0.9841740344137583,0.0006631647539920173,0.9933658057983659,0.0002725847702943055,0.9934092364356057,0.0002653020907457416,133.14286651350267,4.9429160085727295
NF-CSE-CIC-IDS2018-v2,binary,sage,0.9856033035003955,0.0015813765407950526,0.9939604579549027,0.000677351402153276,0.9939954436971143,0.0006875777034487985,212.7108980674966,0.657559853572052
NF-CSE-CIC-IDS2018-v2,binary,sage_edge,0.986844745767269,0.00012013917883344096,0.9944933821498103,4.0092141649321296e-05,0.9945375961136482,2.9374067875250536e-05,214.31839148851577,0.8224409749297695
NF-CSE-CIC-IDS2018-v2,multiclass,edge_mlp,0.6804947324016507,0.023005467154081263,0.8406634014281535,0.13325412729341987,0.7524269853785541,0.19536280932673483,136.99417186099163,17.49567312768191
NF-CSE-CIC-IDS2018-v2,multiclass,sage,0.683383608319776,0.02132950865979209,0.9297885865735838,0.028721537240236534,0.8860179447422594,0.05618174027883942,217.00854359599907,0.6268862084221798
NF-CSE-CIC-IDS2018-v2,multiclass,sage_edge,0.6927782635597924,0.003191875161778056,0.8903846922496219,0.10101118090591288,0.827738147526843,0.16959613892094605,217.03089673050272,1.390595434346588
NF-ToN-IoT-v2,binary,edge_mlp,0.9705761395753393,0.0005531833952155368,0.97284646867345,0.0005148165409993746,0.9728124099112936,0.0005196439669489677,128.1618660029999,3.1357844472634606
NF-ToN-IoT-v2,binary,sage,0.9786112325867439,0.0008709374894958593,0.9802348648469201,0.0008072802558867047,0.9801846198197517,0.0008116304081847724,418.8476987150061,0.4072610794589115
NF-ToN-IoT-v2,binary,sage_edge,0.9796000347533595,0.0004034285618394161,0.9811575620750416,0.0003592508314672872,0.9811181455786235,0.0003473343717991398,421.0467638590053,1.9607140348419303
NF-ToN-IoT-v2,multiclass,edge_mlp,0.7036157100895726,0.007352456395495433,0.8967231548783228,0.0018093335304221647,0.8854904606398011,0.0020798290284880943,123.2618211010049,7.071642384200502
NF-ToN-IoT-v2,multiclass,sage,0.7504681615169435,0.002949893698587389,0.9169952304272658,0.0013907636404870377,0.9078834116268188,0.0011907115175145506,420.76225212650024,0.19392504942529465
NF-ToN-IoT-v2,multiclass,sage_edge,0.7603779196257363,0.001429237125337071,0.926599158356528,0.0048254147848701785,0.9201294205494407,0.002303309351894513,420.9780964465026,0.7945067781167731
NF-UNSW-NB15-v2,binary,edge_mlp,0.9645295832631124,0.00011231602616976654,0.9944442794798936,1.812370995150423e-05,0.9942605443016526,1.9230655943191264e-05,27.525046085000213,0.9213429305669579
NF-UNSW-NB15-v2,binary,sage,0.9706444325950232,0.001798425618797592,0.9954289113095938,0.0002885855101422185,0.9953034160587606,0.00030473193263795057,34.212284155000816,0.10955783774241194
NF-UNSW-NB15-v2,binary,sage_edge,0.9697089668413439,0.0017269628504942064,0.9952785572714806,0.0002772577366349047,0.9951444225712176,0.00029289768282665023,34.528153072998975,0.323974691087558
NF-UNSW-NB15-v2,multiclass,edge_mlp,0.41482587251995184,0.006268711972328945,0.9770465188729988,0.0004452104300573997,0.9727294788570042,0.0006730729580107521,27.626067072989827,2.62053298356191
NF-UNSW-NB15-v2,multiclass,sage,0.49393317726193203,0.0005087046778332429,0.9830294514624105,0.0005433083146626406,0.9793235245508957,0.0007736640814058431,33.50430400449841,0.4436804126960553
NF-UNSW-NB15-v2,multiclass,sage_edge,0.49244296509147134,0.001038520460381162,0.9830849305163485,0.00086258012071938,0.979313064453031,0.001019224764987763,63.742543362990546,42.60787062804294
